{"attribution":["国土地理院最適化ベクトルタイル","OpenStreetMap contributors / ODbL"],"features":[{"geometry":{"coordinates":[[[136.81055679917336,34.28987828382295],[136.81057155132294,34.289792966421565],[136.81052193045616,34.28978742632757],[136.81050717830658,34.28987274373459],[136.81055679917336,34.28987828382295]]],"type":"Polygon"},"properties":{"layer":"BldA","prefCode":"24","sourceId":0,"tile":"16/57673/26115","vt_code":3101,"vt_lvorder":0},"type":"Feature"},{"geometry":{"coordinates":[[[136.81062385439873,34.289697676753974],[136.8106372654438,34.28966665218771],[136.81057959794998,34.28964892385899],[136.8105648458004,34.28967884041153],[136.81062385439873,34.289697676753974]]],"type":"Polygon"},"properties":{"layer":"BldA","prefCode":"24","sourceId":0,"tile":"16/57673/26115","vt_code":3101,"vt_lvorder":0},"type":"Feature"},{"geometry":{"coordinates":[[[136.8106359243393,34.28966111208538],[136.810672134161,34.28956914633347],[136.81065201759338,34.28956360622472],[136.81065872311592,34.28954698589627],[136.81062787771225,34.28953922974187],[136.81062385439873,34.289549201940254],[136.81061312556267,34.28954698589627],[136.81057557463646,34.28964449177623],[136.8106359243393,34.28966111208538]]],"type":"Polygon"},"properties":{"layer":"BldA","prefCode":"24","sourceId":0,"tile":"16/57673/26115","vt_code":3101,"vt_lvorder":0},"type":"Feature"},{"geometry":{"coordinates":[[[136.8102765083313,34.289058346770794],[136.81031808257103,34.28902067379506],[136.81028053164482,34.28899186503752],[136.81027114391327,34.28898410883187],[136.81026175618172,34.28899186503752],[136.81022956967354,34.289021781824],[136.8102765083313,34.289058346770794]]],"type":"Polygon"},"properties":{"layer":"BldA","prefCode":"24","sourceId":0,"tile":"16/57673/26115","vt_code":3101,"vt_lvorder":0},"type":"Feature"},{"geometry":{"coordinates":[[[136.81040793657303,34.28922565890011],[136.81044280529022,34.28920571442536],[136.81039854884148,34.289150313081784],[136.81036368012428,34.289169149542694],[136.81040793657303,34.28922565890011]]],"type":"Polygon"},"properties":{"layer":"BldA","prefCode":"24","sourceId":0,"tile":"16/57673/26115","vt_code":3101,"vt_lvorder":0},"type":"Feature"},{"geometry":{"coordinates":[[[136.81040927767754,34.28908050733686],[136.81042671203613,34.28906499494123],[136.81040927767754,34.289051698599835],[136.81039184331894,34.28906610296958],[136.81040927767754,34.28908050733686]]],"type":"Polygon"},"properties":{"layer":"BldA","prefCode":"24","sourceId":0,"tile":"16/57673/26115","vt_code":3101,"vt_lvorder":0},"type":"Feature"},{"geometry":{"coordinates":[[[136.81047096848488,34.28917468967745],[136.8105299770832,34.28911596423041],[136.8104749917984,34.28907939930869],[136.81041732430458,34.28913812478129],[136.81047096848488,34.28917468967745]]],"type":"Polygon"},"properties":{"layer":"BldA","prefCode":"24","sourceId":0,"tile":"16/57673/26115","vt_code":3101,"vt_lvorder":0},"type":"Feature"},{"geometry":{"coordinates":[[[136.8106345832348,34.28924338731813],[136.8107458949089,34.28921236258413],[136.81073382496834,34.28918576994588],[136.8107472360134,34.289181337838684],[136.81073784828186,34.289155853217785],[136.81072309613228,34.28916028532632],[136.81072041392326,34.289152529136224],[136.81060910224915,34.28918244586551],[136.8106345832348,34.28924338731813]]],"type":"Polygon"},"properties":{"layer":"BldA","prefCode":"24","sourceId":0,"tile":"16/57673/26115","vt_code":3101,"vt_lvorder":0},"type":"Feature"},{"geometry":{"coordinates":[[[136.8105460703373,34.28908272339314],[136.81057155132294,34.289055022685375],[136.81053668260574,34.289032862112585],[136.8105112016201,34.28906056282766],[136.8105460703373,34.28908272339314]]],"type":"Polygon"},"properties":{"layer":"BldA","prefCode":"24","sourceId":0,"tile":"16/57673/26115","vt_code":3101,"vt_lvorder":0},"type":"Feature"},{"geometry":{"coordinates":[[[136.81064531207085,34.289142556890766],[136.81067883968353,34.28914144886342],[136.81067749857903,34.289099343813426],[136.81064397096634,34.289099343813426],[136.81064531207085,34.28911596423041],[136.81063190102577,34.28911596423041],[136.81063190102577,34.28913701675388],[136.81064531207085,34.28913701675388],[136.81064531207085,34.289142556890766]]],"type":"Polygon"},"properties":{"layer":"BldA","prefCode":"24","sourceId":0,"tile":"16/57673/26115","vt_code":3101,"vt_lvorder":0},"type":"Feature"},{"geometry":{"coordinates":[[[136.8108531832695,34.289923712533806],[136.81085988879204,34.28988271589339],[136.81079417467117,34.28987606778765],[136.81078746914864,34.289917064431314],[136.8108531832695,34.289923712533806]]],"type":"Polygon"},"properties":{"layer":"BldA","prefCode":"24","sourceId":0,"tile":"16/57673/26115","vt_code":3101,"vt_lvorder":0},"type":"Feature"},{"geometry":{"coordinates":[[[136.81076869368553,34.28975307773665],[136.8107807636261,34.28967662437097],[136.81073650717735,34.28967108426931],[136.81072309613228,34.28974753764003],[136.81076869368553,34.28975307773665]]],"type":"Polygon"},"properties":{"layer":"BldA","prefCode":"24","sourceId":0,"tile":"16/57673/26115","vt_code":3101,"vt_lvorder":0},"type":"Feature"},{"geometry":{"coordinates":[[[136.81084781885147,34.28987163571687],[136.81084915995598,34.2898395031967],[136.81086122989655,34.2898395031967],[136.81086391210556,34.28980404660846],[136.8108505010605,34.28980404660846],[136.8108505010605,34.289796290477796],[136.8107995390892,34.28979407444032],[136.81079551577568,34.289869419681395],[136.81084781885147,34.28987163571687]]],"type":"Polygon"},"properties":{"layer":"BldA","prefCode":"24","sourceId":0,"tile":"16/57673/26115","vt_code":3101,"vt_lvorder":0},"type":"Feature"},{"geometry":{"coordinates":[[[136.8108505010605,34.289790750384014],[136.810851842165,34.28971762111194],[136.81080222129822,34.28971762111194],[136.8108008801937,34.28978964236522],[136.8108505010605,34.289790750384014]]],"type":"Polygon"},"properties":{"layer":"BldA","prefCode":"24","sourceId":0,"tile":"16/57673/26115","vt_code":3101,"vt_lvorder":0},"type":"Feature"},{"geometry":{"coordinates":[[[136.81075930595398,34.28966997624892],[136.8107633292675,34.28964670781764],[136.81078881025314,34.28964892385899],[136.81080624461174,34.28952814952005],[136.81068420410156,34.28951817731917],[136.81066274642944,34.28966111208538],[136.81075930595398,34.28966997624892]]],"type":"Polygon"},"properties":{"layer":"BldA","prefCode":"24","sourceId":0,"tile":"16/57673/26115","vt_code":3101,"vt_lvorder":0},"type":"Feature"},{"geometry":{"coordinates":[[[136.81084647774696,34.28970100081396],[136.81084647774696,34.28967330031002],[136.81080892682076,34.28967330031002],[136.81080892682076,34.28970100081396],[136.81084647774696,34.28970100081396]]],"type":"Polygon"},"properties":{"layer":"BldA","prefCode":"24","sourceId":0,"tile":"16/57673/26115","vt_code":3101,"vt_lvorder":0},"type":"Feature"},{"geometry":{"coordinates":[[[136.8109993636608,34.28993146865272],[136.81100875139236,34.28973867348467],[136.81085586547852,34.2897331333871],[136.8108531832695,34.28978964236522],[136.81093633174896,34.289792966421565],[136.81093096733093,34.28988714796358],[136.8109081685543,34.28988603994606],[136.8109068274498,34.28992814460184],[136.8109993636608,34.28993146865272]]],"type":"Polygon"},"properties":{"layer":"BldA","prefCode":"24","sourceId":0,"tile":"16/57673/26115","vt_code":3101,"vt_lvorder":0},"type":"Feature"},{"geometry":{"coordinates":[[[136.81094571948051,34.28967551635066],[136.81095242500305,34.28958244259298],[136.81089341640472,34.2895791185283],[136.81089878082275,34.289488260709426],[136.81085854768753,34.28948604466384],[136.81085988879204,34.28947607245795],[136.81082904338837,34.28947496443501],[136.8108183145523,34.28967108426931],[136.81094571948051,34.28967551635066]]],"type":"Polygon"},"properties":{"layer":"BldA","prefCode":"24","sourceId":0,"tile":"16/57673/26115","vt_code":3101,"vt_lvorder":0},"type":"Feature"},{"geometry":{"coordinates":[[[136.81075528264046,34.28946499222781],[136.81075528264046,34.28943507559913],[136.81072175502777,34.28943396757565],[136.81072175502777,34.289423995363585],[136.8106909096241,34.289423995363585],[136.8106909096241,34.289431751528625],[136.81066542863846,34.289431751528625],[136.81066408753395,34.28946277618161],[136.81075528264046,34.28946499222781]]],"type":"Polygon"},"properties":{"layer":"BldA","prefCode":"24","sourceId":0,"tile":"16/57673/26115","vt_code":3101,"vt_lvorder":0},"type":"Feature"},{"geometry":{"coordinates":[[[136.8106707930565,34.28941956326896],[136.81075394153595,34.28941845524526],[136.81075394153595,34.2893874305759],[136.81076601147652,34.289386322551785],[136.81075930595398,34.2893098688524],[136.81066676974297,34.28931208490263],[136.8106707930565,34.28941956326896]]],"type":"Polygon"},"properties":{"layer":"BldA","prefCode":"24","sourceId":0,"tile":"16/57673/26115","vt_code":3101,"vt_lvorder":0},"type":"Feature"},{"geometry":{"coordinates":[[[136.81089341640472,34.28934643367383],[136.81107982993126,34.289319841078004],[136.81106239557266,34.2892378471879],[136.81105703115463,34.289238955213975],[136.8110530078411,34.289223442847586],[136.81102752685547,34.28922676692634],[136.81102350354195,34.28920571442536],[136.8109805881977,34.28921236258413],[136.81098595261574,34.28924227929211],[136.81087598204613,34.289258899680824],[136.81089341640472,34.28934643367383]]],"type":"Polygon"},"properties":{"layer":"BldA","prefCode":"24","sourceId":0,"tile":"16/57673/26115","vt_code":3101,"vt_lvorder":0},"type":"Feature"},{"geometry":{"coordinates":[[[136.81075796484947,34.28929435649911],[136.81080222129822,34.28928106019401],[136.8107794225216,34.28922787495256],[136.81073516607285,34.289241171266085],[136.81074053049088,34.28925446757749],[136.81070163846016,34.2892655478354],[136.81071236729622,34.28929103242303],[136.81075125932693,34.28927884414295],[136.81075796484947,34.28929435649911]]],"type":"Polygon"},"properties":{"layer":"BldA","prefCode":"24","sourceId":0,"tile":"16/57673/26115","vt_code":3101,"vt_lvorder":0},"type":"Feature"},{"geometry":{"coordinates":[[[136.81070297956467,34.28912482845147],[136.81073516607285,34.28912261239629],[136.8107472360134,34.28908826353361],[136.81079551577568,34.28906277888447],[136.81078881025314,34.28899186503752],[136.81078881025314,34.28898189277299],[136.810761988163,34.288930923402475],[136.81073784828186,34.28894311173302],[136.81075125932693,34.28896859641844],[136.81073650717735,34.288969704448064],[136.8107257783413,34.28895862415115],[136.8106734752655,34.28896194824038],[136.81067481637,34.28899186503752],[136.81068554520607,34.28909823578551],[136.81070029735565,34.28909712775758],[136.81070297956467,34.28912482845147]]],"type":"Polygon"},"properties":{"layer":"BldA","prefCode":"24","sourceId":0,"tile":"16/57673/26115","vt_code":3101,"vt_lvorder":0},"type":"Feature"},{"geometry":{"coordinates":[[[136.81091621518135,34.28906610296958],[136.810941696167,34.28905723874234],[136.81093767285347,34.28904726648557],[136.8109792470932,34.28903397014137],[136.81095778942108,34.28899186503752],[136.81095778942108,34.28898964897884],[136.81094974279404,34.28899186503752],[136.81093364953995,34.28899740518396],[136.81093096733093,34.28899186503752],[136.81090012192726,34.288926491281835],[136.8108357489109,34.28894754385278],[136.81082904338837,34.2889342474928],[136.8108008801937,34.28894311173302],[136.81081429123878,34.28897081247768],[136.81081965565681,34.288969704448064],[136.81082904338837,34.28899186503752],[136.81086525321007,34.28906610296958],[136.8109095096588,34.289051698599835],[136.81091621518135,34.28906610296958]]],"type":"Polygon"},"properties":{"layer":"BldA","prefCode":"24","sourceId":0,"tile":"16/57673/26115","vt_code":3101,"vt_lvorder":0},"type":"Feature"},{"geometry":{"coordinates":[[[136.8109779059887,34.28916028532632],[136.8110167980194,34.28913701675388],[136.81098595261574,34.28910266789708],[136.81094706058502,34.28912593647903],[136.8109779059887,34.28916028532632]]],"type":"Polygon"},"properties":{"layer":"BldA","prefCode":"24","sourceId":0,"tile":"16/57673/26115","vt_code":3101,"vt_lvorder":0},"type":"Feature"},{"geometry":{"coordinates":[[[136.81097388267517,34.28951485325195],[136.81105703115463,34.2894993409365],[136.81105971336365,34.28950931313962],[136.81109860539436,34.28950155698174],[136.81108117103577,34.28944061571636],[136.81104093790054,34.289448371879864],[136.81103825569153,34.28944061571636],[136.81100070476532,34.289448371879864],[136.81100338697433,34.2894594521122],[136.8109604716301,34.289467208273955],[136.81097388267517,34.28951485325195]]],"type":"Polygon"},"properties":{"layer":"BldA","prefCode":"24","sourceId":0,"tile":"16/57673/26115","vt_code":3101,"vt_lvorder":0},"type":"Feature"},{"geometry":{"coordinates":[[[136.81110262870789,34.28950488104949],[136.8111589550972,34.28949047675496],[136.81115224957466,34.289471640366074],[136.81109592318535,34.28948604466384],[136.81110262870789,34.28950488104949]]],"type":"Polygon"},"properties":{"layer":"BldA","prefCode":"24","sourceId":0,"tile":"16/57673/26115","vt_code":3101,"vt_lvorder":0},"type":"Feature"},{"geometry":{"coordinates":[[[136.81111872196198,34.28947274838907],[136.81120321154594,34.28946499222781],[136.81119918823242,34.28943396757565],[136.81111469864845,34.289441723739756],[136.81111872196198,34.28947274838907]]],"type":"Polygon"},"properties":{"layer":"BldA","prefCode":"24","sourceId":0,"tile":"16/57673/26115","vt_code":3101,"vt_lvorder":0},"type":"Feature"},{"geometry":{"coordinates":[[[136.8110691010952,34.28941956326896],[136.81111603975296,34.28940959105518],[136.81111067533493,34.289394078720306],[136.81111738085747,34.28939297069628],[136.81110262870789,34.289340893550396],[136.8110489845276,34.289351973796904],[136.8110691010952,34.28941956326896]]],"type":"Polygon"},"properties":{"layer":"BldA","prefCode":"24","sourceId":0,"tile":"16/57673/26115","vt_code":3101,"vt_lvorder":0},"type":"Feature"},{"geometry":{"coordinates":[[[136.81112408638,34.289410699079],[136.8111428618431,34.28940848303136],[136.8111388385296,34.28939297069628],[136.81112006306648,34.289396294768316],[136.81112408638,34.289410699079]]],"type":"Polygon"},"properties":{"layer":"BldA","prefCode":"24","sourceId":0,"tile":"16/57673/26115","vt_code":3101,"vt_lvorder":0},"type":"Feature"},{"geometry":{"coordinates":[[[136.8111053109169,34.28931651700294],[136.81116297841072,34.28930654477694],[136.8111589550972,34.28929324847376],[136.81116431951523,34.28929214044841],[136.8111602962017,34.28927441204066],[136.81109726428986,34.289285492295946],[136.8111053109169,34.28931651700294]]],"type":"Polygon"},"properties":{"layer":"BldA","prefCode":"24","sourceId":0,"tile":"16/57673/26115","vt_code":3101,"vt_lvorder":0},"type":"Feature"},{"geometry":{"coordinates":[[[136.81119248270988,34.28924781942205],[136.81121662259102,34.289238955213975],[136.81120321154594,34.289209038504815],[136.8111777305603,34.28921679468969],[136.81119248270988,34.28924781942205]]],"type":"Polygon"},"properties":{"layer":"BldA","prefCode":"24","sourceId":0,"tile":"16/57673/26115","vt_code":3111,"vt_lvorder":0},"type":"Feature"},{"geometry":{"coordinates":[[[136.81107446551323,34.28906388691286],[136.81120187044144,34.28905723874234],[136.81120052933693,34.28902732196847],[136.8111750483513,34.28902842999732],[136.81117370724678,34.28900405335922],[136.8110704421997,34.28900959350486],[136.81107446551323,34.28906388691286]]],"type":"Polygon"},"properties":{"layer":"BldA","prefCode":"24","sourceId":0,"tile":"16/57673/26115","vt_code":3101,"vt_lvorder":0},"type":"Feature"},{"geometry":{"coordinates":[[[136.81123942136765,34.2892710879638],[136.81131586432457,34.289241171266085],[136.81127294898033,34.289165825461666],[136.8111965060234,34.28919574218621],[136.81123942136765,34.2892710879638]]],"type":"Polygon"},"properties":{"layer":"BldA","prefCode":"24","sourceId":0,"tile":"16/57673/26115","vt_code":3101,"vt_lvorder":0},"type":"Feature"},{"geometry":{"coordinates":[[[136.8112313747406,34.28917025756967],[136.81134939193726,34.289127044506586],[136.8113225698471,34.289076075224116],[136.81129977107048,34.289084939449374],[136.81129708886147,34.28907829128051],[136.81122332811356,34.28910488395278],[136.81122601032257,34.289108208036225],[136.81120321154594,34.2891170722581],[136.8112313747406,34.28917025756967]]],"type":"Polygon"},"properties":{"layer":"BldA","prefCode":"24","sourceId":0,"tile":"16/57673/26115","vt_code":3101,"vt_lvorder":0},"type":"Feature"},{"geometry":{"coordinates":[[[136.81263282895088,34.29042675076335],[136.81264892220497,34.29039461845547],[136.81262210011482,34.29038575436838],[136.81262746453285,34.29037578226928],[136.81260466575623,34.290366918180204],[136.8125818669796,34.29040791458437],[136.81263282895088,34.29042675076335]]],"type":"Polygon"},"properties":{"layer":"BldA","prefCode":"24","sourceId":0,"tile":"16/57673/26115","vt_code":3101,"vt_lvorder":0},"type":"Feature"},{"geometry":{"coordinates":[[[136.81269317865372,34.29031927368536],[136.81269317865372,34.290229524679845],[136.81264758110046,34.290229524679845],[136.81264623999596,34.29031816567353],[136.81269317865372,34.29031927368536]]],"type":"Polygon"},"properties":{"layer":"BldA","prefCode":"24","sourceId":0,"tile":"16/57673/26115","vt_code":3101,"vt_lvorder":0},"type":"Feature"},{"geometry":{"coordinates":[[[136.8115572631359,34.28944061571636],[136.81169271469116,34.289368594163925],[136.81164845824242,34.28931208490263],[136.81162431836128,34.2893242731779],[136.81163907051086,34.289344217624496],[136.81152775883675,34.28940294291202],[136.8115572631359,34.28944061571636]]],"type":"Polygon"},"properties":{"layer":"BldA","prefCode":"24","sourceId":0,"tile":"16/57673/26115","vt_code":3101,"vt_lvorder":0},"type":"Feature"},{"geometry":{"coordinates":[[[136.8116457760334,34.2894251033872],[136.81169673800468,34.289394078720306],[136.8116833269596,34.28937745835832],[136.81163102388382,34.28940848303136],[136.8116457760334,34.2894251033872]]],"type":"Polygon"},"properties":{"layer":"BldA","prefCode":"24","sourceId":0,"tile":"16/57673/26115","vt_code":3101,"vt_lvorder":0},"type":"Feature"},{"geometry":{"coordinates":[[[136.81141644716263,34.28915806927208],[136.8114660680294,34.289149205054535],[136.81145802140236,34.28911374817501],[136.81140840053558,34.28912150436868],[136.81141644716263,34.28915806927208]]],"type":"Polygon"},"properties":{"layer":"BldA","prefCode":"24","sourceId":0,"tile":"16/57673/26115","vt_code":3101,"vt_lvorder":0},"type":"Feature"},{"geometry":{"coordinates":[[[136.81146875023842,34.28926887191248],[136.81161761283875,34.28924671139609],[136.81160420179367,34.289183553892315],[136.81145533919334,34.28920460639884],[136.81146875023842,34.28926887191248]]],"type":"Polygon"},"properties":{"layer":"BldA","prefCode":"24","sourceId":0,"tile":"16/57673/26115","vt_code":3101,"vt_lvorder":0},"type":"Feature"},{"geometry":{"coordinates":[[[136.811393648386,34.289120396341055],[136.81145533919334,34.28911042409178],[136.8114472925663,34.28907053508286],[136.81138426065445,34.28908050733686],[136.811393648386,34.289120396341055]]],"type":"Polygon"},"properties":{"layer":"BldA","prefCode":"24","sourceId":0,"tile":"16/57673/26115","vt_code":3101,"vt_lvorder":0},"type":"Feature"},{"geometry":{"coordinates":[[[136.81136146187782,34.289051698599835],[136.8114848434925,34.28903507817012],[136.81147679686546,34.28899186503752],[136.81147545576096,34.28898410883187],[136.81140303611755,34.288994081096135],[136.81140169501305,34.28899186503752],[136.81139767169952,34.288969704448064],[136.81134670972824,34.28897635262552],[136.81134939193726,34.28899186503752],[136.81136146187782,34.289051698599835]]],"type":"Polygon"},"properties":{"layer":"BldA","prefCode":"24","sourceId":0,"tile":"16/57673/26115","vt_code":3101,"vt_lvorder":0},"type":"Feature"},{"geometry":{"coordinates":[[[136.81147277355194,34.28916471743462],[136.81162029504776,34.2891436649181],[136.81162297725677,34.28908715550554],[136.81150496006012,34.28910377592494],[136.81149691343307,34.28906277888447],[136.81145265698433,34.28906831902625],[136.81147277355194,34.28916471743462]]],"type":"Polygon"},"properties":{"layer":"BldA","prefCode":"24","sourceId":0,"tile":"16/57673/26115","vt_code":3101,"vt_lvorder":0},"type":"Feature"},{"geometry":{"coordinates":[[[136.81148886680603,34.28904061831373],[136.81157335639,34.28902953802616],[136.81156665086746,34.28899518912542],[136.81154787540436,34.28899740518396],[136.81154653429985,34.28899186503752],[136.81154653429985,34.28898521686129],[136.81149691343307,34.28899186503752],[136.81148082017899,34.288994081096135],[136.81148886680603,34.28904061831373]]],"type":"Polygon"},"properties":{"layer":"BldA","prefCode":"24","sourceId":0,"tile":"16/57673/26115","vt_code":3101,"vt_lvorder":0},"type":"Feature"},{"geometry":{"coordinates":[[[136.81161224842072,34.28929324847376],[136.81164979934692,34.289282168219515],[136.81163236498833,34.28924338731813],[136.81159481406212,34.28925446757749],[136.81161224842072,34.28929324847376]]],"type":"Polygon"},"properties":{"layer":"BldA","prefCode":"24","sourceId":0,"tile":"16/57673/26115","vt_code":3101,"vt_lvorder":0},"type":"Feature"},{"geometry":{"coordinates":[[[136.81156799197197,34.28908937156165],[136.81162297725677,34.289084939449374],[136.81161761283875,34.28904948254272],[136.81156396865845,34.289053914656876],[136.81156799197197,34.28908937156165]]],"type":"Polygon"},"properties":{"layer":"BldA","prefCode":"24","sourceId":0,"tile":"16/57673/26115","vt_code":3101,"vt_lvorder":0},"type":"Feature"},{"geometry":{"coordinates":[[[136.81169405579567,34.28915363716342],[136.81169405579567,34.289132584644115],[136.81172221899033,34.289132584644115],[136.81172356009483,34.28909047958969],[136.81169003248215,34.28908937156165],[136.81169003248215,34.28906942705455],[136.8116296827793,34.28906831902625],[136.8116283416748,34.289152529136224],[136.81169405579567,34.28915363716342]]],"type":"Polygon"},"properties":{"layer":"BldA","prefCode":"24","sourceId":0,"tile":"16/57673/26115","vt_code":3101,"vt_lvorder":0},"type":"Feature"},{"geometry":{"coordinates":[[[136.81168735027313,34.28906610296958],[136.81168735027313,34.289032862112585],[136.8116618692875,34.28903397014137],[136.8116618692875,34.28906610296958],[136.81168735027313,34.28906610296958]]],"type":"Polygon"},"properties":{"layer":"BldA","prefCode":"24","sourceId":0,"tile":"16/57673/26115","vt_code":3101,"vt_lvorder":0},"type":"Feature"},{"geometry":{"coordinates":[[[136.81171014904976,34.289448371879864],[136.81174904108047,34.289414023150336],[136.81172356009483,34.289394078720306],[136.81168466806412,34.28942842745798],[136.81171014904976,34.289448371879864]]],"type":"Polygon"},"properties":{"layer":"BldA","prefCode":"24","sourceId":0,"tile":"16/57673/26115","vt_code":3101,"vt_lvorder":0},"type":"Feature"},{"geometry":{"coordinates":[[[136.81183353066444,34.28947607245795],[136.81186839938164,34.289452803972964],[136.81183487176895,34.28941845524526],[136.81180000305176,34.289441723739756],[136.81183353066444,34.28947607245795]]],"type":"Polygon"},"properties":{"layer":"BldA","prefCode":"24","sourceId":0,"tile":"16/57673/26115","vt_code":3101,"vt_lvorder":0},"type":"Feature"},{"geometry":{"coordinates":[[[136.81174501776695,34.289391862672225],[136.81179463863373,34.289223442847586],[136.81177988648415,34.289220118768704],[136.81178390979767,34.28920682245186],[136.81174367666245,34.28919906626606],[136.81173294782639,34.28923673916181],[136.81172624230385,34.2892356311357],[136.81172221899033,34.28925225152574],[136.81171149015427,34.28925003547393],[136.8116833269596,34.28934754169847],[136.81170612573624,34.289351973796904],[136.81169673800468,34.28938299847935],[136.81174501776695,34.289391862672225]]],"type":"Polygon"},"properties":{"layer":"BldA","prefCode":"24","sourceId":0,"tile":"16/57673/26115","vt_code":3101,"vt_lvorder":0},"type":"Feature"},{"geometry":{"coordinates":[[[136.81169673800468,34.289052806628355],[136.8117718398571,34.28904948254272],[136.8117691576481,34.289012917592075],[136.81169405579567,34.28901624167916],[136.81169673800468,34.289052806628355]]],"type":"Polygon"},"properties":{"layer":"BldA","prefCode":"24","sourceId":0,"tile":"16/57673/26115","vt_code":3101,"vt_lvorder":0},"type":"Feature"},{"geometry":{"coordinates":[[[136.8125081062317,34.289606819063295],[136.81254297494888,34.28959684687175],[136.81253090500832,34.2895647142465],[136.81249603629112,34.28957468644185],[136.8125081062317,34.289606819063295]]],"type":"Polygon"},"properties":{"layer":"BldA","prefCode":"24","sourceId":0,"tile":"16/57673/26115","vt_code":3101,"vt_lvorder":0},"type":"Feature"},{"geometry":{"coordinates":[[[136.8124920129776,34.28957247039855],[136.81253492832184,34.28956249820291],[136.81251347064972,34.289500448959124],[136.81247055530548,34.28951042116211],[136.8124920129776,34.28957247039855]]],"type":"Polygon"},"properties":{"layer":"BldA","prefCode":"24","sourceId":0,"tile":"16/57673/26115","vt_code":3101,"vt_lvorder":0},"type":"Feature"},{"geometry":{"coordinates":[[[136.81247994303703,34.28950598907205],[136.81253626942635,34.289488260709426],[136.8125282227993,34.289469424320046],[136.81253626942635,34.289467208273955],[136.81252151727676,34.289436183622605],[136.8125121295452,34.28943950769294],[136.81250140070915,34.28941623919783],[136.81244641542435,34.28943396757565],[136.81247994303703,34.28950598907205]]],"type":"Polygon"},"properties":{"layer":"BldA","prefCode":"24","sourceId":0,"tile":"16/57673/26115","vt_code":3101,"vt_lvorder":0},"type":"Feature"},{"geometry":{"coordinates":[[[136.81269988417625,34.28940294291202],[136.8127240240574,34.28932870527755],[136.81266367435455,34.28931540897789],[136.8126717209816,34.28929214044841],[136.8126341700554,34.28928438427048],[136.81265026330948,34.289234523109585],[136.8124370276928,34.28918687797263],[136.81240618228912,34.289285492295946],[136.81245982646942,34.28929657254975],[136.8124571442604,34.289305436751754],[136.81251749396324,34.28933756947616],[136.81252419948578,34.28931762502798],[136.81254163384438,34.289320949103],[136.81253358721733,34.28934643367383],[136.81258589029312,34.28937745835832],[136.81269988417625,34.28940294291202]]],"type":"Polygon"},"properties":{"layer":"BldA","prefCode":"24","sourceId":0,"tile":"16/57673/26115","vt_code":3101,"vt_lvorder":0},"type":"Feature"},{"geometry":{"coordinates":[[[136.81282997131348,34.29171203300222],[136.81283801794052,34.291676577204164],[136.81280314922333,34.29167214522836],[136.8127964437008,34.29170760102828],[136.81282997131348,34.29171203300222]]],"type":"Polygon"},"properties":{"layer":"BldA","prefCode":"24","sourceId":0,"tile":"16/57673/26115","vt_code":3101,"vt_lvorder":0},"type":"Feature"},{"geometry":{"coordinates":[[[136.8128514289856,34.29161785350573],[136.8128514289856,34.29158682964848],[136.81283801794052,34.29158682964848],[136.81283801794052,34.29161785350573],[136.8128514289856,34.29161785350573]]],"type":"Polygon"},"properties":{"layer":"BldA","prefCode":"24","sourceId":0,"tile":"16/57673/26115","vt_code":3101,"vt_lvorder":0},"type":"Feature"},{"geometry":{"coordinates":[[[136.81280180811882,34.289146989],[136.812833994627,34.28906831902625],[136.81281119585037,34.28906167085607],[136.812744140625,34.28904283437106],[136.81269854307175,34.28902953802616],[136.81266635656357,34.289108208036225],[136.812744140625,34.289131476616646],[136.81280180811882,34.289146989]]],"type":"Polygon"},"properties":{"layer":"BldA","prefCode":"24","sourceId":0,"tile":"16/57673/26115","vt_code":3101,"vt_lvorder":0},"type":"Feature"},{"geometry":{"coordinates":[[[136.8128514289856,34.28904948254272],[136.8128514289856,34.28903507817012],[136.81284338235855,34.28904061831373],[136.8128514289856,34.28904948254272]]],"type":"Polygon"},"properties":{"layer":"BldA","prefCode":"24","sourceId":0,"tile":"16/57673/26115","vt_code":3101,"vt_lvorder":0},"type":"Feature"},{"geometry":{"coordinates":[[[136.809234470129,34.28890987082736],[136.8092840909958,34.28890543870561],[136.80928274989128,34.28890322264466],[136.8092331290245,34.28890322264466],[136.809234470129,34.28890987082736]]],"type":"Polygon"},"properties":{"layer":"BldA","prefCode":"24","sourceId":0,"tile":"16/57673/26115","vt_code":3101,"vt_lvorder":0},"type":"Feature"},{"geometry":{"coordinates":[[[136.80946916341782,34.28890987082736],[136.80946916341782,34.28890322264466],[136.80943697690964,34.28890322264466],[136.80943697690964,34.28890987082736],[136.80946916341782,34.28890987082736]]],"type":"Polygon"},"properties":{"layer":"BldA","prefCode":"24","sourceId":0,"tile":"16/57673/26115","vt_code":3101,"vt_lvorder":0},"type":"Feature"},{"geometry":{"coordinates":[[[136.8095201253891,34.288910978857764],[136.8095201253891,34.28890322264466],[136.80947586894035,34.28890322264466],[136.80947586894035,34.28890987082736],[136.8095201253891,34.288910978857764]]],"type":"Polygon"},"properties":{"layer":"BldA","prefCode":"24","sourceId":0,"tile":"16/57673/26115","vt_code":3101,"vt_lvorder":0},"type":"Feature"},{"geometry":{"coordinates":[[[136.80964216589928,34.288932031432594],[136.80968105793,34.288930923402475],[136.80967971682549,34.28890322264466],[136.80964082479477,34.28890322264466],[136.80964216589928,34.288932031432594]]],"type":"Polygon"},"properties":{"layer":"BldA","prefCode":"24","sourceId":0,"tile":"16/57673/26115","vt_code":3101,"vt_lvorder":0},"type":"Feature"},{"geometry":{"coordinates":[[[136.80972933769226,34.28892981537233],[136.80972799658775,34.28890322264466],[136.8096823990345,34.28890322264466],[136.809683740139,34.28892981537233],[136.80972933769226,34.28892981537233]]],"type":"Polygon"},"properties":{"layer":"BldA","prefCode":"24","sourceId":0,"tile":"16/57673/26115","vt_code":3101,"vt_lvorder":0},"type":"Feature"},{"geometry":{"coordinates":[[[136.80983796715736,34.288919843100444],[136.80983796715736,34.28890322264466],[136.80974140763283,34.28890322264466],[136.80974140763283,34.288919843100444],[136.80983796715736,34.288919843100444]]],"type":"Polygon"},"properties":{"layer":"BldA","prefCode":"24","sourceId":0,"tile":"16/57673/26115","vt_code":3101,"vt_lvorder":0},"type":"Feature"},{"geometry":{"coordinates":[[[136.81024968624115,34.28897635262552],[136.81027382612228,34.28894975991257],[136.81028991937637,34.28895973218091],[136.81033819913864,34.28890654673608],[136.8103328347206,34.28890322264466],[136.8101879954338,34.28890322264466],[136.81023493409157,34.288932031432594],[136.81021481752396,34.28895419203197],[136.81024968624115,34.28897635262552]]],"type":"Polygon"},"properties":{"layer":"BldA","prefCode":"24","sourceId":0,"tile":"16/57673/26115","vt_code":3101,"vt_lvorder":0},"type":"Feature"},{"geometry":{"coordinates":[[[136.81056082248688,34.288917627039865],[136.81059569120407,34.28890543870561],[136.81059435009956,34.28890322264466],[136.81055277585983,34.28890322264466],[136.81056082248688,34.288917627039865]]],"type":"Polygon"},"properties":{"layer":"BldA","prefCode":"24","sourceId":0,"tile":"16/57673/26115","vt_code":3101,"vt_lvorder":0},"type":"Feature"},{"geometry":{"coordinates":[[[136.81062385439873,34.28900737744665],[136.81065067648888,34.28900072927166],[136.81064665317535,34.28899186503752],[136.81064262986183,34.28897635262552],[136.81061580777168,34.28898300080243],[136.8106184899807,34.28899186503752],[136.81062385439873,34.28900737744665]]],"type":"Polygon"},"properties":{"layer":"BldA","prefCode":"24","sourceId":0,"tile":"16/57673/26115","vt_code":3101,"vt_lvorder":0},"type":"Feature"},{"geometry":{"coordinates":[[[136.8106546998024,34.288936463552936],[136.81068018078804,34.28892205916097],[136.81066408753395,34.28890322264466],[136.8106345832348,34.28890322264466],[136.8106533586979,34.28892538325164],[136.81064799427986,34.28892759931201],[136.8106546998024,34.288936463552936]]],"type":"Polygon"},"properties":{"layer":"BldA","prefCode":"24","sourceId":0,"tile":"16/57673/26115","vt_code":3101,"vt_lvorder":0},"type":"Feature"},{"geometry":{"coordinates":[[[136.810854524374,34.28891208688815],[136.8108692765236,34.28890322264466],[136.81084647774696,34.28890322264466],[136.810854524374,34.28891208688815]]],"type":"Polygon"},"properties":{"layer":"BldA","prefCode":"24","sourceId":0,"tile":"16/57673/26115","vt_code":3101,"vt_lvorder":0},"type":"Feature"},{"geometry":{"coordinates":[[[136.81098729372025,34.28898410883187],[136.811031550169,34.28895862415115],[136.81098595261574,34.28890322264466],[136.810941696167,34.28890322264466],[136.81092828512192,34.288910978857764],[136.81098729372025,34.28898410883187]]],"type":"Polygon"},"properties":{"layer":"BldA","prefCode":"24","sourceId":0,"tile":"16/57673/26115","vt_code":3101,"vt_lvorder":0},"type":"Feature"},{"geometry":{"coordinates":[[[136.81145131587982,34.288942003703035],[136.8114821612835,34.28893867961302],[136.81147813796997,34.28891651900955],[136.8114472925663,34.2889209511307],[136.81145131587982,34.288942003703035]]],"type":"Polygon"},"properties":{"layer":"BldA","prefCode":"24","sourceId":0,"tile":"16/57673/26115","vt_code":3101,"vt_lvorder":0},"type":"Feature"},{"geometry":{"coordinates":[[[136.81148886680603,34.288939787643045],[136.81152239441872,34.288935355522874],[136.8115170300007,34.28891208688815],[136.8114848434925,34.28891651900955],[136.81148886680603,34.288939787643045]]],"type":"Polygon"},"properties":{"layer":"BldA","prefCode":"24","sourceId":0,"tile":"16/57673/26115","vt_code":3101,"vt_lvorder":0},"type":"Feature"},{"geometry":{"coordinates":[[[136.81142047047615,34.28891541097922],[136.81152507662773,34.28890322264466],[136.81141778826714,34.28890322264466],[136.81142047047615,34.28891541097922]]],"type":"Polygon"},"properties":{"layer":"BldA","prefCode":"24","sourceId":0,"tile":"16/57673/26115","vt_code":3101,"vt_lvorder":0},"type":"Feature"},{"geometry":{"coordinates":[[[136.81158274412155,34.28899186503752],[136.81158810853958,34.28894975991257],[136.8115559220314,34.28894643582286],[136.81155055761337,34.28898854094946],[136.81158274412155,34.28899186503752]]],"type":"Polygon"},"properties":{"layer":"BldA","prefCode":"24","sourceId":0,"tile":"16/57673/26115","vt_code":3101,"vt_lvorder":0},"type":"Feature"},{"geometry":{"coordinates":[[[136.81166052818298,34.289021781824],[136.811665892601,34.28899740518396],[136.81173294782639,34.28900626941752],[136.8117342889309,34.28899297306683],[136.81175038218498,34.288996297154696],[136.811753064394,34.28899186503752],[136.8117718398571,34.28896416429979],[136.81177854537964,34.288930923402475],[136.81161895394325,34.28890876279695],[136.81160286068916,34.28899075700818],[136.8116082251072,34.28899186503752],[136.81162163615227,34.288994081096135],[136.81161761283875,34.28901513365014],[136.81166052818298,34.289021781824]]],"type":"Polygon"},"properties":{"layer":"BldA","prefCode":"24","sourceId":0,"tile":"16/57673/26115","vt_code":3101,"vt_lvorder":0},"type":"Feature"},{"geometry":{"coordinates":[[[136.81177720427513,34.288926491281835],[136.81178122758865,34.28890322264466],[136.81173294782639,34.28890322264466],[136.81173026561737,34.2889209511307],[136.81177720427513,34.288926491281835]]],"type":"Polygon"},"properties":{"layer":"BldA","prefCode":"24","sourceId":0,"tile":"16/57673/26115","vt_code":3101,"vt_lvorder":0},"type":"Feature"},{"geometry":{"coordinates":[[[136.8105474114418,34.28908050733686],[136.81057155132294,34.289055022685375],[136.81053668260574,34.289032862112585],[136.8105112016201,34.28906056282766],[136.81054204702377,34.28908050733686],[136.8105474114418,34.28908050733686]]],"type":"Polygon"},"properties":{"layer":"BldA","prefCode":"24","sourceId":0,"tile":"16/57673/26116","vt_code":3101,"vt_lvorder":0},"type":"Feature"},{"geometry":{"coordinates":[[[136.8107606470585,34.28908050733686],[136.81079551577568,34.28906277888447],[136.81078881025314,34.28899186503752],[136.81078881025314,34.28898189277299],[136.810761988163,34.288930923402475],[136.81073784828186,34.28894311173302],[136.81075125932693,34.28896859641844],[136.81073650717735,34.288969704448064],[136.8107257783413,34.28895862415115],[136.8106734752655,34.28896194824038],[136.81067481637,34.28899186503752],[136.81068286299706,34.28908050733686],[136.8107606470585,34.28908050733686]]],"type":"Polygon"},"properties":{"layer":"BldA","prefCode":"24","sourceId":0,"tile":"16/57673/26116","vt_code":3101,"vt_lvorder":0},"type":"Feature"},{"geometry":{"coordinates":[[[136.81132391095161,34.28908050733686],[136.8113225698471,34.289076075224116],[136.81131049990654,34.28908050733686],[136.81132391095161,34.28908050733686]]],"type":"Polygon"},"properties":{"layer":"BldA","prefCode":"24","sourceId":0,"tile":"16/57673/26116","vt_code":3101,"vt_lvorder":0},"type":"Feature"},{"geometry":{"coordinates":[[[136.8114486336708,34.28908050733686],[136.8114472925663,34.28907053508286],[136.81138426065445,34.28908050733686],[136.8114486336708,34.28908050733686]]],"type":"Polygon"},"properties":{"layer":"BldA","prefCode":"24","sourceId":0,"tile":"16/57673/26116","vt_code":3101,"vt_lvorder":0},"type":"Feature"},{"geometry":{"coordinates":[[[136.8114995956421,34.28908050733686],[136.81149691343307,34.28906277888447],[136.81145265698433,34.28906831902625],[136.81145399808884,34.28908050733686],[136.8114995956421,34.28908050733686]]],"type":"Polygon"},"properties":{"layer":"BldA","prefCode":"24","sourceId":0,"tile":"16/57673/26116","vt_code":3101,"vt_lvorder":0},"type":"Feature"},{"geometry":{"coordinates":[[[136.81162163615227,34.28908050733686],[136.81161761283875,34.28904948254272],[136.81156396865845,34.289053914656876],[136.81156665086746,34.28908050733686],[136.81162163615227,34.28908050733686]]],"type":"Polygon"},"properties":{"layer":"BldA","prefCode":"24","sourceId":0,"tile":"16/57673/26116","vt_code":3101,"vt_lvorder":0},"type":"Feature"},{"geometry":{"coordinates":[[[136.81169003248215,34.28908050733686],[136.81169003248215,34.28906942705455],[136.8116296827793,34.28906831902625],[136.8116283416748,34.28908050733686],[136.81169003248215,34.28908050733686]]],"type":"Polygon"},"properties":{"layer":"BldA","prefCode":"24","sourceId":0,"tile":"16/57673/26116","vt_code":3101,"vt_lvorder":0},"type":"Feature"},{"geometry":{"coordinates":[[[136.81282863020897,34.28908050733686],[136.812833994627,34.28906831902625],[136.81269854307175,34.28902953802616],[136.81267574429512,34.28908050733686],[136.81282863020897,34.28908050733686]]],"type":"Polygon"},"properties":{"layer":"BldA","prefCode":"24","sourceId":0,"tile":"16/57673/26116","vt_code":3101,"vt_lvorder":0},"type":"Feature"},{"geometry":{"coordinates":[[[136.80828094482422,34.28826942681118],[136.80831044912338,34.28825834642193],[136.8082970380783,34.28823507759973],[136.80826887488365,34.288246157992056],[136.80828094482422,34.28826942681118]]],"type":"Polygon"},"properties":{"layer":"BldA","prefCode":"24","sourceId":0,"tile":"16/57673/26116","vt_code":3111,"vt_lvorder":0},"type":"Feature"},{"geometry":{"coordinates":[[[136.80844455957413,34.28842898425447],[136.8084914982319,34.28840793155362],[136.80846735835075,34.28837136632379],[136.808420419693,34.28839131099657],[136.80844455957413,34.28842898425447]]],"type":"Polygon"},"properties":{"layer":"BldA","prefCode":"24","sourceId":0,"tile":"16/57673/26116","vt_code":3101,"vt_lvorder":1},"type":"Feature"},{"geometry":{"coordinates":[[[136.8085290491581,34.2884023913683],[136.8085853755474,34.28837801454858],[136.80856123566628,34.2883392332299],[136.80850490927696,34.28836361006087],[136.8085290491581,34.2884023913683]]],"type":"Polygon"},"properties":{"layer":"BldA","prefCode":"24","sourceId":0,"tile":"16/57673/26116","vt_code":3101,"vt_lvorder":0},"type":"Feature"},{"geometry":{"coordinates":[[[136.80888310074806,34.288611810119114],[136.8089058995247,34.28854089589157],[136.80878520011902,34.288514303040806],[136.80876106023788,34.288585217290795],[136.80888310074806,34.288611810119114]]],"type":"Polygon"},"properties":{"layer":"BldA","prefCode":"24","sourceId":0,"tile":"16/57673/26116","vt_code":3101,"vt_lvorder":0},"type":"Feature"},{"geometry":{"coordinates":[[[136.8089635670185,34.288595189602404],[136.80898502469063,34.28852538339632],[136.80893540382385,34.28851541107643],[136.80892333388329,34.288555300348875],[136.80892869830132,34.28855640838396],[136.80891931056976,34.28858632532548],[136.8089635670185,34.288595189602404]]],"type":"Polygon"},"properties":{"layer":"BldA","prefCode":"24","sourceId":0,"tile":"16/57673/26116","vt_code":3101,"vt_lvorder":0},"type":"Feature"},{"geometry":{"coordinates":[[[136.80917546153069,34.288876629908565],[136.80922105908394,34.28887108975415],[136.8092156946659,34.28883563275727],[136.80916875600815,34.28884117291402],[136.80917546153069,34.288876629908565]]],"type":"Polygon"},"properties":{"layer":"BldA","prefCode":"24","sourceId":0,"tile":"16/57673/26116","vt_code":3101,"vt_lvorder":0},"type":"Feature"},{"geometry":{"coordinates":[[[136.809234470129,34.28890987082736],[136.8092840909958,34.28890543870561],[136.80927604436874,34.28883009260015],[136.80922508239746,34.28883452472588],[136.809234470129,34.28890987082736]]],"type":"Polygon"},"properties":{"layer":"BldA","prefCode":"24","sourceId":0,"tile":"16/57673/26116","vt_code":3101,"vt_lvorder":0},"type":"Feature"},{"geometry":{"coordinates":[[[136.80910304188728,34.28884560503915],[136.80925458669662,34.28882012031643],[136.8092519044876,34.28881458015829],[136.8092693388462,34.28881236409493],[136.80926263332367,34.28878244723389],[136.8092478811741,34.28878577133008],[136.80924251675606,34.28876361068628],[136.8090896308422,34.28878909542615],[136.80910304188728,34.28884560503915]]],"type":"Polygon"},"properties":{"layer":"BldA","prefCode":"24","sourceId":0,"tile":"16/57673/26116","vt_code":3101,"vt_lvorder":0},"type":"Feature"},{"geometry":{"coordinates":[[[136.8091405928135,34.28877690707326],[136.80929213762283,34.28875474642713],[136.80928140878677,34.28870488495195],[136.80920764803886,34.28871485724935],[136.80920228362083,34.28869380462011],[136.8091258406639,34.28870488495195],[136.8091405928135,34.28877690707326]]],"type":"Polygon"},"properties":{"layer":"BldA","prefCode":"24","sourceId":0,"tile":"16/57673/26116","vt_code":3101,"vt_lvorder":0},"type":"Feature"},{"geometry":{"coordinates":[[[136.8090708553791,34.28860294584394],[136.80907353758812,34.28859186549867],[136.8091070652008,34.28859740567148],[136.80911645293236,34.28856194855911],[136.80904269218445,34.28854865213812],[136.80903062224388,34.28859629763695],[136.8090708553791,34.28860294584394]]],"type":"Polygon"},"properties":{"layer":"BldA","prefCode":"24","sourceId":0,"tile":"16/57673/26116","vt_code":3101,"vt_lvorder":0},"type":"Feature"},{"geometry":{"coordinates":[[[136.80925592780113,34.28868494035359],[136.8093042075634,34.288667211817746],[136.8093042075634,34.28865613148095],[136.80923715233803,34.28865280737961],[136.80923983454704,34.288627322598416],[136.80911108851433,34.28862178242756],[136.8091084063053,34.28867829215309],[136.80925592780113,34.28868494035359]]],"type":"Polygon"},"properties":{"layer":"BldA","prefCode":"24","sourceId":0,"tile":"16/57673/26116","vt_code":3101,"vt_lvorder":0},"type":"Feature"},{"geometry":{"coordinates":[[[136.80914998054504,34.28861291815344],[136.80915266275406,34.28859962174052],[136.80916339159012,34.288600729775006],[136.80917143821716,34.28855862445407],[136.80912047624588,34.28855197624356],[136.8091084063053,34.288607377981656],[136.80914998054504,34.28861291815344]]],"type":"Polygon"},"properties":{"layer":"BldA","prefCode":"24","sourceId":0,"tile":"16/57673/26116","vt_code":3101,"vt_lvorder":0},"type":"Feature"},{"geometry":{"coordinates":[[[136.80893406271935,34.288482170001586],[136.808962225914,34.28840793155362],[136.80895417928696,34.28840571547953],[136.8089608848095,34.28838798688477],[136.80887907743454,34.28836693417364],[136.80884689092636,34.288452253022975],[136.8088911473751,34.28846444142295],[136.8088898062706,34.28846998160417],[136.80893406271935,34.288482170001586]]],"type":"Polygon"},"properties":{"layer":"BldA","prefCode":"24","sourceId":0,"tile":"16/57673/26116","vt_code":3101,"vt_lvorder":0},"type":"Feature"},{"geometry":{"coordinates":[[[136.80896490812302,34.28837358239878],[136.80899307131767,34.28832372069742],[136.80891126394272,34.28829158758531],[136.80888310074806,34.28834255734363],[136.80896490812302,34.28837358239878]]],"type":"Polygon"},"properties":{"layer":"BldA","prefCode":"24","sourceId":0,"tile":"16/57673/26116","vt_code":3101,"vt_lvorder":0},"type":"Feature"},{"geometry":{"coordinates":[[[136.80887773633003,34.28833590911604],[136.80897563695908,34.28815973089316],[136.80891931056976,34.28813867812484],[136.80890187621117,34.28817081129542],[136.80888712406158,34.288165271094485],[136.80880799889565,34.288309316200404],[136.80887773633003,34.28833590911604]]],"type":"Polygon"},"properties":{"layer":"BldA","prefCode":"24","sourceId":0,"tile":"16/57673/26116","vt_code":3101,"vt_lvorder":0},"type":"Feature"},{"geometry":{"coordinates":[[[136.8091084063053,34.28842676818095],[136.80912986397743,34.28840349940539],[136.80910035967827,34.28838466277284],[136.8091432750225,34.2883392332299],[136.8090708553791,34.288292695623866],[136.80905610322952,34.288309316200404],[136.80904537439346,34.28830377600859],[136.80901989340782,34.288331476964025],[136.80902659893036,34.28833590911604],[136.8089957535267,34.28836915024875],[136.8090695142746,34.28841679584936],[136.80907756090164,34.28840793155362],[136.8091084063053,34.28842676818095]]],"type":"Polygon"},"properties":{"layer":"BldA","prefCode":"24","sourceId":0,"tile":"16/57673/26116","vt_code":3101,"vt_lvorder":0},"type":"Feature"},{"geometry":{"coordinates":[[[136.80909901857376,34.28830599208536],[136.80911779403687,34.288283831315034],[136.80907756090164,34.28826056249989],[136.80906012654305,34.28828161523768],[136.80909901857376,34.28830599208536]]],"type":"Polygon"},"properties":{"layer":"BldA","prefCode":"24","sourceId":0,"tile":"16/57673/26116","vt_code":3101,"vt_lvorder":0},"type":"Feature"},{"geometry":{"coordinates":[[[136.80920764803886,34.28835474575952],[136.80924117565155,34.28832593677367],[136.80920898914337,34.288299343854874],[136.80917546153069,34.28832815284984],[136.80920764803886,34.28835474575952]]],"type":"Polygon"},"properties":{"layer":"BldA","prefCode":"24","sourceId":0,"tile":"16/57673/26116","vt_code":3101,"vt_lvorder":0},"type":"Feature"},{"geometry":{"coordinates":[[[136.80917143821716,34.288315964430105],[136.80922105908394,34.28828161523768],[136.80914595723152,34.28820737661252],[136.80909633636475,34.2882417258353],[136.80917143821716,34.288315964430105]]],"type":"Polygon"},"properties":{"layer":"BldA","prefCode":"24","sourceId":0,"tile":"16/57673/26116","vt_code":3101,"vt_lvorder":0},"type":"Feature"},{"geometry":{"coordinates":[[[136.80907353758812,34.28804117049752],[136.80911645293236,34.28803119812016],[136.80909633636475,34.2879757960022],[136.8090534210205,34.28798687642872],[136.80907353758812,34.28804117049752]]],"type":"Polygon"},"properties":{"layer":"BldA","prefCode":"24","sourceId":0,"tile":"16/57673/26116","vt_code":3101,"vt_lvorder":0},"type":"Feature"},{"geometry":{"coordinates":[[[136.8090346455574,34.288007929235064],[136.80907621979713,34.287930366238214],[136.80902391672134,34.287911529499596],[136.8089823424816,34.287987984471286],[136.8090346455574,34.288007929235064]]],"type":"Polygon"},"properties":{"layer":"BldA","prefCode":"24","sourceId":0,"tile":"16/57673/26116","vt_code":3101,"vt_lvorder":0},"type":"Feature"},{"geometry":{"coordinates":[[[136.80921837687492,34.288165271094485],[136.80932700634003,34.28810322081891],[136.80929079651833,34.28806000720707],[136.80928274989128,34.28806443937341],[136.8092666566372,34.28804560266486],[136.8092478811741,34.28805668308216],[136.80921971797943,34.28802233378374],[136.80913791060448,34.28806887153951],[136.80921837687492,34.288165271094485]]],"type":"Polygon"},"properties":{"layer":"BldA","prefCode":"24","sourceId":0,"tile":"16/57673/26116","vt_code":3101,"vt_lvorder":0},"type":"Feature"},{"geometry":{"coordinates":[[[136.80911913514137,34.28803230616215],[136.80920362472534,34.28801125336191],[136.80918887257576,34.287972471873964],[136.80914729833603,34.28798355230092],[136.8091244995594,34.28792150189115],[136.80908292531967,34.287932582324835],[136.80911913514137,34.28803230616215]]],"type":"Polygon"},"properties":{"layer":"BldA","prefCode":"24","sourceId":0,"tile":"16/57673/26116","vt_code":3101,"vt_lvorder":0},"type":"Feature"},{"geometry":{"coordinates":[[[136.80915534496307,34.287946986886425],[136.8092519044876,34.28788936862524],[136.80921033024788,34.28784061468107],[136.8091231584549,34.28789158471294],[136.80912852287292,34.28789712493193],[136.80911779403687,34.287902665150554],[136.80915534496307,34.287946986886425]]],"type":"Polygon"},"properties":{"layer":"BldA","prefCode":"24","sourceId":0,"tile":"16/57673/26116","vt_code":3101,"vt_lvorder":0},"type":"Feature"},{"geometry":{"coordinates":[[[136.80921033024788,34.287997956853765],[136.8092693388462,34.287984660343525],[136.8092492222786,34.28792260993459],[136.80919021368027,34.28793590645465],[136.80921033024788,34.287997956853765]]],"type":"Polygon"},"properties":{"layer":"BldA","prefCode":"24","sourceId":0,"tile":"16/57673/26116","vt_code":3101,"vt_lvorder":0},"type":"Feature"},{"geometry":{"coordinates":[[[136.80934444069862,34.288881062031834],[136.8093927204609,34.28887441384685],[136.80939137935638,34.28886776566133],[136.809414178133,34.28886444156838],[136.80940747261047,34.28883009260015],[136.80933639407158,34.28884117291402],[136.80934444069862,34.288881062031834]]],"type":"Polygon"},"properties":{"layer":"BldA","prefCode":"24","sourceId":0,"tile":"16/57673/26116","vt_code":3101,"vt_lvorder":0},"type":"Feature"},{"geometry":{"coordinates":[[[136.80946916341782,34.28890987082736],[136.80946916341782,34.28883009260015],[136.80943697690964,34.28883009260015],[136.80943697690964,34.28890987082736],[136.80946916341782,34.28890987082736]]],"type":"Polygon"},"properties":{"layer":"BldA","prefCode":"24","sourceId":0,"tile":"16/57673/26116","vt_code":3101,"vt_lvorder":0},"type":"Feature"},{"geometry":{"coordinates":[[[136.8094289302826,34.288819012284826],[136.80947721004486,34.288817904253214],[136.80947318673134,34.28876250265394],[136.80942624807358,34.28876471871862],[136.8094289302826,34.288819012284826]]],"type":"Polygon"},"properties":{"layer":"BldA","prefCode":"24","sourceId":0,"tile":"16/57673/26116","vt_code":3101,"vt_lvorder":0},"type":"Feature"},{"geometry":{"coordinates":[[[136.8095201253891,34.288910978857764],[136.8095214664936,34.28886000944423],[136.80947721004486,34.288858901413164],[136.80947586894035,34.28890987082736],[136.8095201253891,34.288910978857764]]],"type":"Polygon"},"properties":{"layer":"BldA","prefCode":"24","sourceId":0,"tile":"16/57673/26116","vt_code":3101,"vt_lvorder":0},"type":"Feature"},{"geometry":{"coordinates":[[[136.80954426527023,34.288832308663046],[136.80954828858376,34.288759178556816],[136.80949330329895,34.288756962492],[136.80949062108994,34.28883009260015],[136.80954426527023,34.288832308663046]]],"type":"Polygon"},"properties":{"layer":"BldA","prefCode":"24","sourceId":0,"tile":"16/57673/26116","vt_code":3101,"vt_lvorder":0},"type":"Feature"},{"geometry":{"coordinates":[[[136.80959522724152,34.28879131149012],[136.8096126616001,34.28879020345815],[136.8096113204956,34.28877690707326],[136.80963143706322,34.28877690707326],[136.8096287548542,34.28872039741406],[136.8095898628235,34.28872150544696],[136.80959522724152,34.28879131149012]]],"type":"Polygon"},"properties":{"layer":"BldA","prefCode":"24","sourceId":0,"tile":"16/57673/26116","vt_code":3101,"vt_lvorder":0},"type":"Feature"},{"geometry":{"coordinates":[[[136.80933102965355,34.28861070208477],[136.80938199162483,34.28854643606775],[136.8093954026699,34.28855308427869],[136.80941686034203,34.28852538339632],[136.80938467383385,34.28850765482681],[136.80936992168427,34.28852759946724],[136.80927872657776,34.288483278037624],[136.80923983454704,34.288532031608916],[136.80924654006958,34.28853424767967],[136.80922508239746,34.28856084052411],[136.80928274989128,34.28859186549867],[136.8092867732048,34.28858632532548],[136.80933102965355,34.28861070208477]]],"type":"Polygon"},"properties":{"layer":"BldA","prefCode":"24","sourceId":0,"tile":"16/57673/26116","vt_code":3101,"vt_lvorder":0},"type":"Feature"},{"geometry":{"coordinates":[[[136.80935516953468,34.28851097893387],[136.80937930941582,34.28846665749548],[136.8092840909958,34.28843120032794],[136.80926129221916,34.28847219767656],[136.80932968854904,34.288497682504804],[136.80932834744453,34.28850100661228],[136.80935516953468,34.28851097893387]]],"type":"Polygon"},"properties":{"layer":"BldA","prefCode":"24","sourceId":0,"tile":"16/57673/26116","vt_code":3101,"vt_lvorder":0},"type":"Feature"},{"geometry":{"coordinates":[[[136.80940747261047,34.28850322268384],[136.80940613150597,34.28848106196552],[136.8094128370285,34.288473305712735],[136.80940747261047,34.28846998160417],[136.80938869714737,34.28849103428949],[136.80940747261047,34.28850322268384]]],"type":"Polygon"},"properties":{"layer":"BldA","prefCode":"24","sourceId":0,"tile":"16/57673/26116","vt_code":3101,"vt_lvorder":0},"type":"Feature"},{"geometry":{"coordinates":[[[136.80952951312065,34.28860294584394],[136.80962070822716,34.2885298155381],[136.80961802601814,34.288528707502685],[136.80963143706322,34.28851762714762],[136.80952683091164,34.28842676818095],[136.80948793888092,34.288457793205005],[136.80953353643417,34.288497682504804],[136.80947452783585,34.28854421999733],[136.8094825744629,34.28855197624356],[136.80947586894035,34.28855640838396],[136.80952951312065,34.28860294584394]]],"type":"Polygon"},"properties":{"layer":"BldA","prefCode":"24","sourceId":0,"tile":"16/57673/26116","vt_code":3101,"vt_lvorder":0},"type":"Feature"},{"geometry":{"coordinates":[[[136.80964216589928,34.288932031432594],[136.80968105793,34.288930923402475],[136.80967971682549,34.28888438612413],[136.80964082479477,34.28888438612413],[136.80964216589928,34.288932031432594]]],"type":"Polygon"},"properties":{"layer":"BldA","prefCode":"24","sourceId":0,"tile":"16/57673/26116","vt_code":3101,"vt_lvorder":0},"type":"Feature"},{"geometry":{"coordinates":[[[136.80967837572098,34.288882170062614],[136.80967971682549,34.28884560503915],[136.80964082479477,34.28884449700789],[136.80963948369026,34.288881062031834],[136.80967837572098,34.288882170062614]]],"type":"Polygon"},"properties":{"layer":"BldA","prefCode":"24","sourceId":0,"tile":"16/57673/26116","vt_code":3101,"vt_lvorder":0},"type":"Feature"},{"geometry":{"coordinates":[[[136.80972933769226,34.28892981537233],[136.80972799658775,34.28878355526597],[136.80968105793,34.28878466329804],[136.809683740139,34.28892981537233],[136.80972933769226,34.28892981537233]]],"type":"Polygon"},"properties":{"layer":"BldA","prefCode":"24","sourceId":0,"tile":"16/57673/26116","vt_code":3101,"vt_lvorder":0},"type":"Feature"},{"geometry":{"coordinates":[[[136.80983796715736,34.288919843100444],[136.80983796715736,34.288858901413164],[136.80987015366554,34.288858901413164],[136.80987015366554,34.28875363839467],[136.8098285794258,34.28875363839467],[136.8098272383213,34.28877912313756],[136.80981650948524,34.28877912313756],[136.80981650948524,34.28877136691228],[136.8097749352455,34.28877136691228],[136.8097749352455,34.28877912313756],[136.80974140763283,34.28877912313756],[136.80974140763283,34.288919843100444],[136.80983796715736,34.288919843100444]]],"type":"Polygon"},"properties":{"layer":"BldA","prefCode":"24","sourceId":0,"tile":"16/57673/26116","vt_code":3101,"vt_lvorder":0},"type":"Feature"},{"geometry":{"coordinates":[[[136.80972397327423,34.288731477742395],[136.80987149477005,34.28872926167684],[136.80987015366554,34.28864172704091],[136.80988892912865,34.28864172704091],[136.80988892912865,34.28863618687102],[136.80990234017372,34.28863618687102],[136.8099009990692,34.28854089589157],[136.80983662605286,34.28854089589157],[136.80983662605286,34.28855197624356],[136.80981785058975,34.28855197624356],[136.80981785058975,34.288573028908345],[136.80980041623116,34.288573028908345],[136.80980175733566,34.28864505114267],[136.80973067879677,34.288646159176565],[136.80973201990128,34.28870156085255],[136.80972397327423,34.28870156085255],[136.80972397327423,34.288731477742395]]],"type":"Polygon"},"properties":{"layer":"BldA","prefCode":"24","sourceId":0,"tile":"16/57673/26116","vt_code":3101,"vt_lvorder":0},"type":"Feature"},{"geometry":{"coordinates":[[[136.80998146533966,34.28859851370601],[136.8099881708622,34.28857524497801],[136.80995866656303,34.28856970480373],[136.8099519610405,34.28859186549867],[136.80998146533966,34.28859851370601]]],"type":"Polygon"},"properties":{"layer":"BldA","prefCode":"24","sourceId":0,"tile":"16/57673/26116","vt_code":3101,"vt_lvorder":0},"type":"Feature"},{"geometry":{"coordinates":[[[136.80938467383385,34.28845003695007],[136.80942758917809,34.2884023913683],[136.8093967437744,34.28838466277284],[136.80935516953468,34.28843120032794],[136.80938467383385,34.28845003695007]]],"type":"Polygon"},"properties":{"layer":"BldA","prefCode":"24","sourceId":0,"tile":"16/57673/26116","vt_code":3101,"vt_lvorder":0},"type":"Feature"},{"geometry":{"coordinates":[[[136.80942088365555,34.288359177910316],[136.80949464440346,34.288293803662405],[136.80942624807358,34.28823950975683],[136.80935248732567,34.28830599208536],[136.80942088365555,34.288359177910316]]],"type":"Polygon"},"properties":{"layer":"BldA","prefCode":"24","sourceId":0,"tile":"16/57673/26116","vt_code":3101,"vt_lvorder":0},"type":"Feature"},{"geometry":{"coordinates":[[[136.80937260389328,34.288264994655655],[136.80942624807358,34.28823064544238],[136.8093940615654,34.28819740425489],[136.8093417584896,34.288231753481746],[136.80937260389328,34.288264994655655]]],"type":"Polygon"},"properties":{"layer":"BldA","prefCode":"24","sourceId":0,"tile":"16/57673/26116","vt_code":3101,"vt_lvorder":0},"type":"Feature"},{"geometry":{"coordinates":[[[136.8092867732048,34.28823618563903],[136.8093940615654,34.28817081129542],[136.8093766272068,34.28814975852988],[136.80934712290764,34.28816748717491],[136.8093042075634,34.288118733392096],[136.8092666566372,34.28814089420597],[136.80928006768227,34.288156406772195],[136.80923849344254,34.288181891696226],[136.8092867732048,34.28823618563903]]],"type":"Polygon"},"properties":{"layer":"BldA","prefCode":"24","sourceId":0,"tile":"16/57673/26116","vt_code":3101,"vt_lvorder":0},"type":"Feature"},{"geometry":{"coordinates":[[[136.80952414870262,34.28841125566463],[136.80959656834602,34.28834809753289],[136.8095549941063,34.288314856391864],[136.8094865977764,34.28837358239878],[136.8095026910305,34.28838466277284],[136.80949732661247,34.28838909492205],[136.80952414870262,34.28841125566463]]],"type":"Polygon"},"properties":{"layer":"BldA","prefCode":"24","sourceId":0,"tile":"16/57673/26116","vt_code":3101,"vt_lvorder":0},"type":"Feature"},{"geometry":{"coordinates":[[[136.80958315730095,34.288463333386666],[136.80965423583984,34.288419011923146],[136.80961936712265,34.28838023062339],[136.8095576763153,34.28841790388626],[136.80956169962883,34.28842233603372],[136.80955231189728,34.28842898425447],[136.80958315730095,34.288463333386666]]],"type":"Polygon"},"properties":{"layer":"BldA","prefCode":"24","sourceId":0,"tile":"16/57673/26116","vt_code":3101,"vt_lvorder":0},"type":"Feature"},{"geometry":{"coordinates":[[[136.80965557694435,34.28841014762764],[136.80968508124352,34.28839020295932],[136.80969446897507,34.28836361006087],[136.80965825915337,34.288330368925976],[136.8096099793911,34.288365826136065],[136.80965557694435,34.28841014762764]]],"type":"Polygon"},"properties":{"layer":"BldA","prefCode":"24","sourceId":0,"tile":"16/57673/26116","vt_code":3101,"vt_lvorder":0},"type":"Feature"},{"geometry":{"coordinates":[[[136.80961936712265,34.288332585002046],[136.80967703461647,34.288293803662405],[136.80964082479477,34.288256130343896],[136.80962070822716,34.28826942681118],[136.80960595607758,34.28825391426581],[136.80959656834602,34.28826056249989],[136.80957913398743,34.28824283387451],[136.80955097079277,34.2882627785778],[136.80961936712265,34.288332585002046]]],"type":"Polygon"},"properties":{"layer":"BldA","prefCode":"24","sourceId":0,"tile":"16/57673/26116","vt_code":3101,"vt_lvorder":0},"type":"Feature"},{"geometry":{"coordinates":[[[136.80961534380913,34.28826167053886],[136.80965021252632,34.28824837407034],[136.8096300959587,34.288211808771095],[136.809593886137,34.28822510524539],[136.80961534380913,34.28826167053886]]],"type":"Polygon"},"properties":{"layer":"BldA","prefCode":"24","sourceId":0,"tile":"16/57673/26116","vt_code":3101,"vt_lvorder":0},"type":"Feature"},{"geometry":{"coordinates":[[[136.8093417584896,34.28815751481254],[136.8093779683113,34.288142002246516],[136.80935114622116,34.28809989669571],[136.80931627750397,34.28811430122862],[136.8093417584896,34.28815751481254]]],"type":"Polygon"},"properties":{"layer":"BldA","prefCode":"24","sourceId":0,"tile":"16/57673/26116","vt_code":3101,"vt_lvorder":0},"type":"Feature"},{"geometry":{"coordinates":[[[136.80933102965355,34.28809989669571],[136.80936589837074,34.28808327607774],[136.80931359529495,34.288007929235064],[136.80927872657776,34.28802344182585],[136.80933102965355,34.28809989669571]]],"type":"Polygon"},"properties":{"layer":"BldA","prefCode":"24","sourceId":0,"tile":"16/57673/26116","vt_code":3101,"vt_lvorder":0},"type":"Feature"},{"geometry":{"coordinates":[[[136.8093940615654,34.28810322081891],[136.80950939655304,34.288034522246086],[136.8094302713871,34.287942554713894],[136.80933371186256,34.2879990648962],[136.80935382843018,34.28802233378374],[136.80939003825188,34.288001280981],[136.8093954026699,34.28800903727737],[136.80938467383385,34.28801568553082],[136.80939137935638,34.28802454986794],[136.80934846401215,34.28805003483195],[136.8093940615654,34.28810322081891]]],"type":"Polygon"},"properties":{"layer":"BldA","prefCode":"24","sourceId":0,"tile":"16/57673/26116","vt_code":3101,"vt_lvorder":0},"type":"Feature"},{"geometry":{"coordinates":[[[136.80931091308594,34.28798022817298],[136.80940881371498,34.28793590645465],[136.80938467383385,34.287898232975685],[136.80934712290764,34.28791485363025],[136.8093404173851,34.287905989281555],[136.80928006768227,34.28793369036812],[136.80931091308594,34.28798022817298]]],"type":"Polygon"},"properties":{"layer":"BldA","prefCode":"24","sourceId":0,"tile":"16/57673/26116","vt_code":3101,"vt_lvorder":0},"type":"Feature"},{"geometry":{"coordinates":[[[136.809591203928,34.28809657257238],[136.80962339043617,34.28808105999509],[136.8096099793911,34.28806222329027],[136.8096260726452,34.288054466998815],[136.80960193276405,34.28802233378374],[136.80961400270462,34.28801679357301],[136.80958047509193,34.287970255788395],[136.80958583950996,34.28796693165994],[136.8095751106739,34.28795141905872],[136.8094852566719,34.287996848811325],[136.80951207876205,34.28803563028802],[136.80952414870262,34.288028982036145],[136.80956706404686,34.28808770824286],[136.80958047509193,34.28808216803643],[136.809591203928,34.28809657257238]]],"type":"Polygon"},"properties":{"layer":"BldA","prefCode":"24","sourceId":0,"tile":"16/57673/26116","vt_code":3101,"vt_lvorder":0},"type":"Feature"},{"geometry":{"coordinates":[[[136.80965155363083,34.288017901615184],[136.80971458554268,34.28798022817298],[136.80965825915337,34.28791706971728],[136.80965155363083,34.28792150189115],[136.80962204933167,34.28788826058137],[136.80955901741982,34.2879259340648],[136.80963546037674,34.28801346944639],[136.80964350700378,34.28800903727737],[136.80965155363083,34.288017901615184]]],"type":"Polygon"},"properties":{"layer":"BldA","prefCode":"24","sourceId":0,"tile":"16/57673/26116","vt_code":3101,"vt_lvorder":0},"type":"Feature"},{"geometry":{"coordinates":[[[136.80967167019844,34.287913745586714],[136.8096823990345,34.287905989281555],[136.80962204933167,34.28784615490343],[136.8095563352108,34.28789158471294],[136.80957779288292,34.287913745586714],[136.80962070822716,34.28788382840574],[136.80964082479477,34.28790377319424],[136.80965289473534,34.28789490884438],[136.80967167019844,34.287913745586714]]],"type":"Polygon"},"properties":{"layer":"BldA","prefCode":"24","sourceId":0,"tile":"16/57673/26116","vt_code":3101,"vt_lvorder":0},"type":"Feature"},{"geometry":{"coordinates":[[[136.80967837572098,34.28834144930573],[136.80970653891563,34.28832482873555],[136.80969312787056,34.28831153227703],[136.8096663057804,34.28832815284984],[136.80967837572098,34.28834144930573]]],"type":"Polygon"},"properties":{"layer":"BldA","prefCode":"24","sourceId":0,"tile":"16/57673/26116","vt_code":3101,"vt_lvorder":0},"type":"Feature"},{"geometry":{"coordinates":[[[136.80984064936638,34.28839685118262],[136.8098969757557,34.28839463510825],[136.80989563465118,34.2883680422112],[136.80983930826187,34.28836915024875],[136.80984064936638,34.28839685118262]]],"type":"Polygon"},"properties":{"layer":"BldA","prefCode":"24","sourceId":0,"tile":"16/57673/26116","vt_code":3101,"vt_lvorder":0},"type":"Feature"},{"geometry":{"coordinates":[[[136.80982187390327,34.28844228069441],[136.80992916226387,34.28843784854799],[136.80992648005486,34.28839685118262],[136.80981919169426,34.2884012833312],[136.80982187390327,34.28844228069441]]],"type":"Polygon"},"properties":{"layer":"BldA","prefCode":"24","sourceId":0,"tile":"16/57673/26116","vt_code":3101,"vt_lvorder":0},"type":"Feature"},{"geometry":{"coordinates":[[[136.80982053279877,34.288344773419375],[136.8099144101143,34.28829491170092],[136.80987685918808,34.288245049952884],[136.80978298187256,34.28829491170092],[136.80982053279877,34.288344773419375]]],"type":"Polygon"},"properties":{"layer":"BldA","prefCode":"24","sourceId":0,"tile":"16/57673/26116","vt_code":3101,"vt_lvorder":0},"type":"Feature"},{"geometry":{"coordinates":[[[136.8099009990692,34.28839352707104],[136.80992916226387,34.28839131099657],[136.80992648005486,34.288361393985625],[136.8098996579647,34.28836250202326],[136.8099009990692,34.28839352707104]]],"type":"Polygon"},"properties":{"layer":"BldA","prefCode":"24","sourceId":0,"tile":"16/57673/26116","vt_code":3101,"vt_lvorder":0},"type":"Feature"},{"geometry":{"coordinates":[[[136.80988758802414,34.28820848465218],[136.8099519610405,34.28818078365621],[136.80989161133766,34.288084384119045],[136.8098272383213,34.28811208514679],[136.80988758802414,34.28820848465218]]],"type":"Polygon"},"properties":{"layer":"BldA","prefCode":"24","sourceId":0,"tile":"16/57673/26116","vt_code":3101,"vt_lvorder":0},"type":"Feature"},{"geometry":{"coordinates":[[[136.8099358677864,34.28830377600859],[136.80999353528023,34.28827607504404],[136.80999889969826,34.288283831315034],[136.8100592494011,34.288256130343896],[136.81005254387856,34.288247266031206],[136.81008473038673,34.288231753481746],[136.81002035737038,34.28813757008426],[136.809953302145,34.288169703255264],[136.80996268987656,34.288181891696226],[136.80993854999542,34.288192972095565],[136.809950619936,34.288209592691835],[136.80989027023315,34.28823840171758],[136.8099358677864,34.28830377600859]]],"type":"Polygon"},"properties":{"layer":"BldA","prefCode":"24","sourceId":0,"tile":"16/57673/26116","vt_code":3101,"vt_lvorder":0},"type":"Feature"},{"geometry":{"coordinates":[[[136.80972129106522,34.28797468795947],[136.8097387254238,34.28795917535969],[136.80970788002014,34.28793590645465],[136.80969044566154,34.28795141905872],[136.80972129106522,34.28797468795947]]],"type":"Polygon"},"properties":{"layer":"BldA","prefCode":"24","sourceId":0,"tile":"16/57673/26116","vt_code":3101,"vt_lvorder":0},"type":"Feature"},{"geometry":{"coordinates":[[[136.80978700518608,34.28795585123079],[136.80984735488892,34.287912637543165],[136.80983394384384,34.287899341019425],[136.80983796715736,34.28789712493193],[136.80981650948524,34.287876072097816],[136.8098258972168,34.28786831578918],[136.80981650948524,34.28785945143558],[136.80974140763283,34.287913745586714],[136.80978700518608,34.28795585123079]]],"type":"Polygon"},"properties":{"layer":"BldA","prefCode":"24","sourceId":0,"tile":"16/57673/26116","vt_code":3101,"vt_lvorder":0},"type":"Feature"},{"geometry":{"coordinates":[[[136.809953302145,34.28812094947375],[136.8099908530712,34.28809989669571],[136.80993184447289,34.28802787399411],[136.80989563465118,34.28804781874843],[136.809953302145,34.28812094947375]]],"type":"Polygon"},"properties":{"layer":"BldA","prefCode":"24","sourceId":0,"tile":"16/57673/26116","vt_code":3101,"vt_lvorder":0},"type":"Feature"},{"geometry":{"coordinates":[[[136.80987015366554,34.28806222329027],[136.80989563465118,34.28805003483195],[136.8098647892475,34.28800571315044],[136.80993184447289,34.28797357991672],[136.80990368127823,34.287934798411385],[136.80981114506721,34.28798022817298],[136.80987015366554,34.28806222329027]]],"type":"Polygon"},"properties":{"layer":"BldA","prefCode":"24","sourceId":0,"tile":"16/57673/26116","vt_code":3101,"vt_lvorder":0},"type":"Feature"},{"geometry":{"coordinates":[[[136.80883213877678,34.28793147428153],[136.8088562786579,34.28788936862524],[136.80891126394272,34.287910421456026],[136.80900514125824,34.28773867452458],[136.8088898062706,34.28769435267884],[136.80882543325424,34.287809589429145],[136.80873423814774,34.28777413198435],[136.808689981699,34.28785501925843],[136.8087838590145,34.2878904766691],[136.80877313017845,34.28790931341243],[136.80883213877678,34.28793147428153]]],"type":"Polygon"},"properties":{"layer":"BldA","prefCode":"24","sourceId":0,"tile":"16/57673/26116","vt_code":3101,"vt_lvorder":0},"type":"Feature"},{"geometry":{"coordinates":[[[136.80872485041618,34.28748271554312],[136.80875703692436,34.28747717529681],[136.8087463080883,34.287433961363014],[136.80871546268463,34.28743950161218],[136.80872485041618,34.28748271554312]]],"type":"Polygon"},"properties":{"layer":"BldA","prefCode":"24","sourceId":0,"tile":"16/57673/26116","vt_code":3111,"vt_lvorder":0},"type":"Feature"},{"geometry":{"coordinates":[[[136.80884420871735,34.28753368579207],[136.80890321731567,34.287524821403174],[136.80889785289764,34.28750044432888],[136.80883884429932,34.287509308720345],[136.80884420871735,34.28753368579207]]],"type":"Polygon"},"properties":{"layer":"BldA","prefCode":"24","sourceId":0,"tile":"16/57673/26116","vt_code":3101,"vt_lvorder":0},"type":"Feature"},{"geometry":{"coordinates":[[[136.80946245789528,34.28784061468107],[136.80949464440346,34.28783729054748],[136.8094865977764,34.28777967221108],[136.80945441126823,34.28778299634695],[136.80946245789528,34.28784061468107]]],"type":"Polygon"},"properties":{"layer":"BldA","prefCode":"24","sourceId":0,"tile":"16/57673/26116","vt_code":3101,"vt_lvorder":0},"type":"Feature"},{"geometry":{"coordinates":[[[136.80935516953468,34.287662219326066],[136.8093940615654,34.287641166433104],[136.80938065052032,34.287623437677034],[136.8093404173851,34.28764338252734],[136.80935516953468,34.287662219326066]]],"type":"Polygon"},"properties":{"layer":"BldA","prefCode":"24","sourceId":0,"tile":"16/57673/26116","vt_code":3101,"vt_lvorder":0},"type":"Feature"},{"geometry":{"coordinates":[[[136.80940076708794,34.28772648601934],[136.80942490696907,34.28771540555849],[136.80940344929695,34.28768438026033],[136.80937930941582,34.287696568771686],[136.80940076708794,34.28772648601934]]],"type":"Polygon"},"properties":{"layer":"BldA","prefCode":"24","sourceId":0,"tile":"16/57673/26116","vt_code":3101,"vt_lvorder":0},"type":"Feature"},{"geometry":{"coordinates":[[[136.80945709347725,34.28765003080973],[136.80949062108994,34.287632302055535],[136.80945441126823,34.28758576405798],[136.80942088365555,34.287603492822],[136.80945709347725,34.28765003080973]]],"type":"Polygon"},"properties":{"layer":"BldA","prefCode":"24","sourceId":0,"tile":"16/57673/26116","vt_code":3101,"vt_lvorder":0},"type":"Feature"},{"geometry":{"coordinates":[[[136.80951610207558,34.28790155710686],[136.8096099793911,34.28783618250292],[136.80953353643417,34.28776194348424],[136.80949330329895,34.287789644618286],[136.80951476097107,34.28781180551894],[136.80949598550797,34.28782399401182],[136.80950537323952,34.28783396641377],[136.80947184562683,34.28785723534704],[136.80951610207558,34.28790155710686]]],"type":"Polygon"},"properties":{"layer":"BldA","prefCode":"24","sourceId":0,"tile":"16/57673/26116","vt_code":3101,"vt_lvorder":0},"type":"Feature"},{"geometry":{"coordinates":[[[136.80945709347725,34.28777745612043],[136.8095362186432,34.28773978257043],[136.80950805544853,34.287699892910844],[136.8094289302826,34.287737566478725],[136.80945709347725,34.28777745612043]]],"type":"Polygon"},"properties":{"layer":"BldA","prefCode":"24","sourceId":0,"tile":"16/57673/26116","vt_code":3101,"vt_lvorder":0},"type":"Feature"},{"geometry":{"coordinates":[[[136.8097172677517,34.28790377319424],[136.80981516838074,34.28784061468107],[136.8097910284996,34.28781512965354],[136.80976018309593,34.28783507445836],[136.80970519781113,34.287775240029724],[136.80963814258575,34.2878173457432],[136.8097172677517,34.28790377319424]]],"type":"Polygon"},"properties":{"layer":"BldA","prefCode":"24","sourceId":0,"tile":"16/57673/26116","vt_code":3101,"vt_lvorder":0},"type":"Feature"},{"geometry":{"coordinates":[[[136.8098245561123,34.28784061468107],[136.80988490581512,34.28780294115939],[136.80984064936638,34.28775418716508],[136.8098245561123,34.287764159575296],[136.809773594141,34.287707649235024],[136.80970653891563,34.28774975498237],[136.80976152420044,34.287809589429145],[136.80978298187256,34.287795184844],[136.8098245561123,34.28784061468107]]],"type":"Polygon"},"properties":{"layer":"BldA","prefCode":"24","sourceId":0,"tile":"16/57673/26116","vt_code":3101,"vt_lvorder":0},"type":"Feature"},{"geometry":{"coordinates":[[[136.80989161133766,34.287788536573096],[136.80992379784584,34.28776305152978],[136.8098996579647,34.28774089061626],[136.80986613035202,34.28776637566631],[136.80989161133766,34.287788536573096]]],"type":"Polygon"},"properties":{"layer":"BldA","prefCode":"24","sourceId":0,"tile":"16/57673/26116","vt_code":3101,"vt_lvorder":0},"type":"Feature"},{"geometry":{"coordinates":[[[136.8098983168602,34.287899341019425],[136.81000292301178,34.28782621010125],[136.80994525551796,34.287770807848126],[136.8098419904709,34.287843938814525],[136.8098983168602,34.287899341019425]]],"type":"Polygon"},"properties":{"layer":"BldA","prefCode":"24","sourceId":0,"tile":"16/57673/26116","vt_code":3101,"vt_lvorder":0},"type":"Feature"},{"geometry":{"coordinates":[[[136.80987015366554,34.28775529521071],[136.8098983168602,34.28773424234107],[136.80979907512665,34.28764338252734],[136.8097722530365,34.28766443541975],[136.8098245561123,34.28771208141995],[136.80981248617172,34.2877209457891],[136.8098285794258,34.28773645843286],[136.80983930826187,34.28772870211133],[136.80987015366554,34.28775529521071]]],"type":"Polygon"},"properties":{"layer":"BldA","prefCode":"24","sourceId":0,"tile":"16/57673/26116","vt_code":3101,"vt_lvorder":0},"type":"Feature"},{"geometry":{"coordinates":[[[136.80998146533966,34.28768881244648],[136.8100056052208,34.287671083700474],[136.80996403098106,34.287633410102785],[136.80994123220444,34.28765003080973],[136.80998146533966,34.28768881244648]]],"type":"Polygon"},"properties":{"layer":"BldA","prefCode":"24","sourceId":0,"tile":"16/57673/26116","vt_code":3101,"vt_lvorder":0},"type":"Feature"},{"geometry":{"coordinates":[[[136.8098621070385,34.28741290841286],[136.80986613035202,34.28737523469942],[136.80984869599342,34.287374126648764],[136.8098446726799,34.28741180036271],[136.8098621070385,34.28741290841286]]],"type":"Polygon"},"properties":{"layer":"BldA","prefCode":"24","sourceId":0,"tile":"16/57673/26116","vt_code":3101,"vt_lvorder":0},"type":"Feature"},{"geometry":{"coordinates":[[[136.81016251444817,34.288893250369604],[136.81019335985184,34.28885779338208],[136.81015849113464,34.288836740788646],[136.81012764573097,34.28887219778506],[136.81016251444817,34.288893250369604]]],"type":"Polygon"},"properties":{"layer":"BldA","prefCode":"24","sourceId":0,"tile":"16/57673/26116","vt_code":3101,"vt_lvorder":0},"type":"Feature"},{"geometry":{"coordinates":[[[136.81008875370026,34.288742558069266],[136.81011155247688,34.28871153315035],[136.81007266044617,34.28869158855357],[136.81004986166954,34.28872261347985],[136.81008875370026,34.288742558069266]]],"type":"Polygon"},"properties":{"layer":"BldA","prefCode":"24","sourceId":0,"tile":"16/57673/26116","vt_code":3101,"vt_lvorder":0},"type":"Feature"},{"geometry":{"coordinates":[[[136.81024968624115,34.28897635262552],[136.81027382612228,34.28894975991257],[136.81028991937637,34.28895973218091],[136.81033819913864,34.28890654673608],[136.81023627519608,34.288842280945325],[136.81018263101578,34.288899898553105],[136.81023493409157,34.288932031432594],[136.81021481752396,34.28895419203197],[136.81024968624115,34.28897635262552]]],"type":"Polygon"},"properties":{"layer":"BldA","prefCode":"24","sourceId":0,"tile":"16/57673/26116","vt_code":3101,"vt_lvorder":0},"type":"Feature"},{"geometry":{"coordinates":[[[136.8102040886879,34.28885779338208],[136.810222864151,34.288836740788646],[136.81018128991127,34.28881236409493],[136.81016251444817,34.28883341669447],[136.8102040886879,34.28885779338208]]],"type":"Polygon"},"properties":{"layer":"BldA","prefCode":"24","sourceId":0,"tile":"16/57673/26116","vt_code":3101,"vt_lvorder":0},"type":"Feature"},{"geometry":{"coordinates":[[[136.81028991937637,34.288842280945325],[136.81030735373497,34.288823444411136],[136.8102242052555,34.28877136691228],[136.8102067708969,34.28879020345815],[136.81028991937637,34.288842280945325]]],"type":"Polygon"},"properties":{"layer":"BldA","prefCode":"24","sourceId":0,"tile":"16/57673/26116","vt_code":3101,"vt_lvorder":0},"type":"Feature"},{"geometry":{"coordinates":[[[136.81021481752396,34.28854754410295],[136.81023627519608,34.288528707502685],[136.81021884083748,34.28851541107643],[136.81019738316536,34.2885331396443],[136.81021481752396,34.28854754410295]]],"type":"Polygon"},"properties":{"layer":"BldA","prefCode":"24","sourceId":0,"tile":"16/57673/26116","vt_code":3101,"vt_lvorder":0},"type":"Feature"},{"geometry":{"coordinates":[[[136.81022822856903,34.28850100661228],[136.8102590739727,34.28844892891359],[136.81015446782112,34.28840460744247],[136.81012228131294,34.28845668516863],[136.81022822856903,34.28850100661228]]],"type":"Polygon"},"properties":{"layer":"BldA","prefCode":"24","sourceId":0,"tile":"16/57673/26116","vt_code":3101,"vt_lvorder":0},"type":"Feature"},{"geometry":{"coordinates":[[[136.81033417582512,34.28856970480373],[136.81037977337837,34.28854089589157],[136.81031003594398,34.28846665749548],[136.8102590739727,34.28849879054065],[136.81029126048088,34.2885331396443],[136.81029930710793,34.28852759946724],[136.81033417582512,34.28856970480373]]],"type":"Polygon"},"properties":{"layer":"BldA","prefCode":"24","sourceId":0,"tile":"16/57673/26116","vt_code":3101,"vt_lvorder":0},"type":"Feature"},{"geometry":{"coordinates":[[[136.8102751672268,34.28844671284058],[136.81029126048088,34.28843895658462],[136.8102791905403,34.28842233603372],[136.81026309728622,34.288430092291215],[136.8102751672268,34.28844671284058]]],"type":"Polygon"},"properties":{"layer":"BldA","prefCode":"24","sourceId":0,"tile":"16/57673/26116","vt_code":3101,"vt_lvorder":0},"type":"Feature"},{"geometry":{"coordinates":[[[136.81056082248688,34.288917627039865],[136.81059569120407,34.28890543870561],[136.81057959794998,34.28887330581596],[136.8105447292328,34.28888549415487],[136.81056082248688,34.288917627039865]]],"type":"Polygon"},"properties":{"layer":"BldA","prefCode":"24","sourceId":0,"tile":"16/57673/26116","vt_code":3101,"vt_lvorder":0},"type":"Feature"},{"geometry":{"coordinates":[[[136.8106546998024,34.288936463552936],[136.81068018078804,34.28892205916097],[136.81062385439873,34.28885446928872],[136.81060910224915,34.28886333353736],[136.8106171488762,34.28887330581596],[136.81061312556267,34.288876629908565],[136.8106533586979,34.28892538325164],[136.81064799427986,34.28892759931201],[136.8106546998024,34.288936463552936]]],"type":"Polygon"},"properties":{"layer":"BldA","prefCode":"24","sourceId":0,"tile":"16/57673/26116","vt_code":3101,"vt_lvorder":0},"type":"Feature"},{"geometry":{"coordinates":[[[136.81050717830658,34.28888549415487],[136.81057825684547,34.28885446928872],[136.81058630347252,34.28886776566133],[136.8106198310852,34.28885336125758],[136.81062921881676,34.28880571590451],[136.81060776114464,34.28878687936213],[136.8105836212635,34.28879685164979],[136.81057691574097,34.28878577133008],[136.81058630347252,34.2887813392018],[136.81056752800941,34.28875363839467],[136.81055814027786,34.28875807052443],[136.81055545806885,34.288752530362196],[136.81051790714264,34.288769150847784],[136.8104937672615,34.288730369709626],[136.81042671203613,34.28876028658921],[136.81050717830658,34.28888549415487]]],"type":"Polygon"},"properties":{"layer":"BldA","prefCode":"24","sourceId":0,"tile":"16/57673/26116","vt_code":3101,"vt_lvorder":0},"type":"Feature"},{"geometry":{"coordinates":[[[136.8106560409069,34.28878466329804],[136.81069627404213,34.28876804281551],[136.8106573820114,34.28870377691883],[136.8106171488762,34.28872039741406],[136.8106560409069,34.28878466329804]]],"type":"Polygon"},"properties":{"layer":"BldA","prefCode":"24","sourceId":0,"tile":"16/57673/26116","vt_code":3101,"vt_lvorder":0},"type":"Feature"},{"geometry":{"coordinates":[[[136.81055143475533,34.28871042511732],[136.81062653660774,34.28870599298505],[136.8106211721897,34.28866610378413],[136.8105460703373,34.2886727519856],[136.81055143475533,34.28871042511732]]],"type":"Polygon"},"properties":{"layer":"BldA","prefCode":"24","sourceId":0,"tile":"16/57673/26116","vt_code":3101,"vt_lvorder":0},"type":"Feature"},{"geometry":{"coordinates":[[[136.8105112016201,34.28863729490502],[136.8106023967266,34.28862399849595],[136.81058898568153,34.28856527266404],[136.81049913167953,34.28857967711717],[136.8105112016201,34.28863729490502]]],"type":"Polygon"},"properties":{"layer":"BldA","prefCode":"24","sourceId":0,"tile":"16/57673/26116","vt_code":3101,"vt_lvorder":0},"type":"Feature"},{"geometry":{"coordinates":[[[136.81057021021843,34.288542003926835],[136.81061044335365,34.28853424767967],[136.8106010556221,34.28850211464807],[136.81056216359138,34.28850876286251],[136.81057021021843,34.288542003926835]]],"type":"Polygon"},"properties":{"layer":"BldA","prefCode":"24","sourceId":0,"tile":"16/57673/26116","vt_code":3101,"vt_lvorder":0},"type":"Feature"},{"geometry":{"coordinates":[[[136.81010484695435,34.28845890124136],[136.8101316690445,34.28839906725693],[136.81009948253632,34.28838909492205],[136.81007266044617,34.28844782087709],[136.81010484695435,34.28845890124136]]],"type":"Polygon"},"properties":{"layer":"BldA","prefCode":"24","sourceId":0,"tile":"16/57673/26116","vt_code":3101,"vt_lvorder":0},"type":"Feature"},{"geometry":{"coordinates":[[[136.81014642119408,34.2883835547355],[136.81015715003014,34.28836471809847],[136.81013837456703,34.28835696183495],[136.81012764573097,34.288375798473716],[136.81014642119408,34.2883835547355]]],"type":"Polygon"},"properties":{"layer":"BldA","prefCode":"24","sourceId":0,"tile":"16/57673/26116","vt_code":3101,"vt_lvorder":0},"type":"Feature"},{"geometry":{"coordinates":[[[136.8102067708969,34.28842344407055],[136.81023091077805,34.288385770810166],[136.81017324328423,34.288359177910316],[136.81014776229858,34.28839574314544],[136.8102067708969,34.28842344407055]]],"type":"Polygon"},"properties":{"layer":"BldA","prefCode":"24","sourceId":0,"tile":"16/57673/26116","vt_code":3101,"vt_lvorder":0},"type":"Feature"},{"geometry":{"coordinates":[[[136.81025505065918,34.288430092291215],[136.81026712059975,34.28841014762764],[136.81023761630058,34.288375798473716],[136.81021481752396,34.288413471738565],[136.81025505065918,34.288430092291215]]],"type":"Polygon"},"properties":{"layer":"BldA","prefCode":"24","sourceId":0,"tile":"16/57673/26116","vt_code":3101,"vt_lvorder":0},"type":"Feature"},{"geometry":{"coordinates":[[[136.81026309728622,34.28836028594798],[136.8103288114071,34.28831818050656],[136.8103314936161,34.28830820816208],[136.8102966248989,34.28827053485002],[136.8102242052555,34.28831707246834],[136.81026309728622,34.28836028594798]]],"type":"Polygon"},"properties":{"layer":"BldA","prefCode":"24","sourceId":0,"tile":"16/57673/26116","vt_code":3101,"vt_lvorder":0},"type":"Feature"},{"geometry":{"coordinates":[[[136.810220181942,34.28827385896648],[136.81026577949524,34.288243941913706],[136.81024566292763,34.288222889166484],[136.81020006537437,34.288252806226744],[136.810220181942,34.28827385896648]]],"type":"Polygon"},"properties":{"layer":"BldA","prefCode":"24","sourceId":0,"tile":"16/57673/26116","vt_code":3101,"vt_lvorder":0},"type":"Feature"},{"geometry":{"coordinates":[[[136.81026175618172,34.288283831315034],[136.81029126048088,34.28826721073345],[136.81027114391327,34.288243941913706],[136.8102416396141,34.28826056249989],[136.81026175618172,34.288283831315034]]],"type":"Polygon"},"properties":{"layer":"BldA","prefCode":"24","sourceId":0,"tile":"16/57673/26116","vt_code":3101,"vt_lvorder":0},"type":"Feature"},{"geometry":{"coordinates":[[[136.81031808257103,34.288247266031206],[136.81034490466118,34.28823064544238],[136.81030869483948,34.28818964797591],[136.81032478809357,34.28817967561618],[136.8103140592575,34.2881685952151],[136.81027114391327,34.28819518817526],[136.81031808257103,34.288247266031206]]],"type":"Polygon"},"properties":{"layer":"BldA","prefCode":"24","sourceId":0,"tile":"16/57673/26116","vt_code":3101,"vt_lvorder":0},"type":"Feature"},{"geometry":{"coordinates":[[[136.81017994880676,34.28810100473679],[136.81025102734566,34.288054466998815],[136.81014642119408,34.287942554713894],[136.810133010149,34.28795141905872],[136.81012362241745,34.287942554713894],[136.81009143590927,34.287963607531346],[136.8100968003273,34.28796914774559],[136.81006997823715,34.28798687642872],[136.81017994880676,34.28810100473679]]],"type":"Polygon"},"properties":{"layer":"BldA","prefCode":"24","sourceId":0,"tile":"16/57673/26116","vt_code":3101,"vt_lvorder":0},"type":"Feature"},{"geometry":{"coordinates":[[[136.810222864151,34.28813313792178],[136.8102563917637,34.28811097710586],[136.81022956967354,34.288084384119045],[136.81019738316536,34.28810765298297],[136.810222864151,34.28813313792178]]],"type":"Polygon"},"properties":{"layer":"BldA","prefCode":"24","sourceId":0,"tile":"16/57673/26116","vt_code":3101,"vt_lvorder":0},"type":"Feature"},{"geometry":{"coordinates":[[[136.81028187274933,34.28810765298297],[136.81029930710793,34.288097680613504],[136.8102791905403,34.28807551978824],[136.81026309728622,34.2880866002016],[136.81028187274933,34.28810765298297]]],"type":"Polygon"},"properties":{"layer":"BldA","prefCode":"24","sourceId":0,"tile":"16/57673/26116","vt_code":3101,"vt_lvorder":0},"type":"Feature"},{"geometry":{"coordinates":[[[136.8103140592575,34.2881663791347],[136.8103462457657,34.28814421832754],[136.81030064821243,34.288098788654615],[136.81026846170425,34.28812094947375],[136.8103140592575,34.2881663791347]]],"type":"Polygon"},"properties":{"layer":"BldA","prefCode":"24","sourceId":0,"tile":"16/57673/26116","vt_code":3101,"vt_lvorder":0},"type":"Feature"},{"geometry":{"coordinates":[[[136.8102791905403,34.288071087622484],[136.81032747030258,34.28803895441376],[136.81019604206085,34.28790488123791],[136.81014776229858,34.28793701449789],[136.8102791905403,34.288071087622484]]],"type":"Polygon"},"properties":{"layer":"BldA","prefCode":"24","sourceId":0,"tile":"16/57673/26116","vt_code":3101,"vt_lvorder":0},"type":"Feature"},{"geometry":{"coordinates":[[[136.81039452552795,34.28829712777793],[136.8104186654091,34.28828272327637],[136.81037977337837,34.28823950975683],[136.81035697460175,34.28825391426581],[136.81039452552795,34.28829712777793]]],"type":"Polygon"},"properties":{"layer":"BldA","prefCode":"24","sourceId":0,"tile":"16/57673/26116","vt_code":3101,"vt_lvorder":0},"type":"Feature"},{"geometry":{"coordinates":[[[136.81041598320007,34.288278291121536],[136.8104588985443,34.28826056249989],[136.81039854884148,34.28816194697373],[136.81035563349724,34.28818078365621],[136.81041598320007,34.288278291121536]]],"type":"Polygon"},"properties":{"layer":"BldA","prefCode":"24","sourceId":0,"tile":"16/57673/26116","vt_code":3101,"vt_lvorder":0},"type":"Feature"},{"geometry":{"coordinates":[[[136.81036233901978,34.288142002246516],[136.81040659546852,34.28810765298297],[136.8103502690792,34.28805889916545],[136.81030601263046,34.288093248448924],[136.81036233901978,34.288142002246516]]],"type":"Polygon"},"properties":{"layer":"BldA","prefCode":"24","sourceId":0,"tile":"16/57673/26116","vt_code":3101,"vt_lvorder":0},"type":"Feature"},{"geometry":{"coordinates":[[[136.81039586663246,34.28793369036812],[136.8104226887226,34.28790377319424],[136.81033819913864,34.28785501925843],[136.810312718153,34.287884936449665],[136.81039586663246,34.28793369036812]]],"type":"Polygon"},"properties":{"layer":"BldA","prefCode":"24","sourceId":0,"tile":"16/57673/26116","vt_code":3101,"vt_lvorder":0},"type":"Feature"},{"geometry":{"coordinates":[[[136.81055143475533,34.2880001729386],[136.8106560409069,34.287940338627536],[136.81059166789055,34.28786277556829],[136.81048706173897,34.28792150189115],[136.81055143475533,34.2880001729386]]],"type":"Polygon"},"properties":{"layer":"BldA","prefCode":"24","sourceId":0,"tile":"16/57673/26116","vt_code":3101,"vt_lvorder":0},"type":"Feature"},{"geometry":{"coordinates":[[[136.81071236729622,34.288893250369604],[136.81077808141708,34.288882170062614],[136.81080490350723,34.28886444156838],[136.81072980165482,34.28878687936213],[136.8106560409069,34.288836740788646],[136.81071236729622,34.288893250369604]]],"type":"Polygon"},"properties":{"layer":"BldA","prefCode":"24","sourceId":0,"tile":"16/57673/26116","vt_code":3101,"vt_lvorder":0},"type":"Feature"},{"geometry":{"coordinates":[[[136.81080758571625,34.28885668535098],[136.81084647774696,34.28883009260015],[136.8108531832695,34.288836740788646],[136.81088000535965,34.288817904253214],[136.8108719587326,34.28881125606323],[136.8109269440174,34.28877136691228],[136.8109095096588,34.28872593757841],[136.8108732998371,34.2887514223297],[136.81085586547852,34.288734801840604],[136.81081965565681,34.28876028658921],[136.81081429123878,34.28875474642713],[136.81074991822243,34.28880017574542],[136.81080758571625,34.28885668535098]]],"type":"Polygon"},"properties":{"layer":"BldA","prefCode":"24","sourceId":0,"tile":"16/57673/26116","vt_code":3101,"vt_lvorder":0},"type":"Feature"},{"geometry":{"coordinates":[[[136.810854524374,34.28891208688815],[136.81091889739037,34.28887441384685],[136.81089609861374,34.2888467130704],[136.81083172559738,34.28888438612413],[136.810854524374,34.28891208688815]]],"type":"Polygon"},"properties":{"layer":"BldA","prefCode":"24","sourceId":0,"tile":"16/57673/26116","vt_code":3101,"vt_lvorder":0},"type":"Feature"},{"geometry":{"coordinates":[[[136.81098729372025,34.28898410883187],[136.811031550169,34.28895862415115],[136.81095376610756,34.28886333353736],[136.8109269440174,34.2888777379394],[136.81094571948051,34.288901006583636],[136.81092828512192,34.288910978857764],[136.81098729372025,34.28898410883187]]],"type":"Polygon"},"properties":{"layer":"BldA","prefCode":"24","sourceId":0,"tile":"16/57673/26116","vt_code":3101,"vt_lvorder":0},"type":"Feature"},{"geometry":{"coordinates":[[[136.81102350354195,34.28888327809338],[136.81104764342308,34.288876629908565],[136.81104093790054,34.288858901413164],[136.81104764342308,34.28885779338208],[136.81101813912392,34.28878466329804],[136.8109604716301,34.288801283777275],[136.81098595261574,34.28886444156838],[136.8110127747059,34.28885668535098],[136.81102350354195,34.28888327809338]]],"type":"Polygon"},"properties":{"layer":"BldA","prefCode":"24","sourceId":0,"tile":"16/57673/26116","vt_code":3101,"vt_lvorder":0},"type":"Feature"},{"geometry":{"coordinates":[[[136.8107083439827,34.28876250265394],[136.81077808141708,34.288728153644044],[136.81077003479004,34.288717073315276],[136.81080356240273,34.28870045281939],[136.81079551577568,34.28868715642031],[136.81080892682076,34.28868050821998],[136.81079551577568,34.28866167164953],[136.8108008801937,34.28865945558214],[136.81079149246216,34.28861402618776],[136.8107432126999,34.28862399849595],[136.81073784828186,34.28861624225635],[136.8106386065483,34.2886649957505],[136.8107083439827,34.28876250265394]]],"type":"Polygon"},"properties":{"layer":"BldA","prefCode":"24","sourceId":0,"tile":"16/57673/26116","vt_code":3101,"vt_lvorder":0},"type":"Feature"},{"geometry":{"coordinates":[[[136.81069627404213,34.28861845832488],[136.81079283356667,34.28857524497801],[136.81075930595398,34.28852316732534],[136.8107794225216,34.288514303040806],[136.81075796484947,34.28847995392945],[136.81074187159538,34.28848660214565],[136.81072980165482,34.28846665749548],[136.81062787771225,34.28851097893387],[136.81069627404213,34.28861845832488]]],"type":"Polygon"},"properties":{"layer":"BldA","prefCode":"24","sourceId":0,"tile":"16/57673/26116","vt_code":3101,"vt_lvorder":0},"type":"Feature"},{"geometry":{"coordinates":[[[136.81086257100105,34.28865502344718],[136.81091755628586,34.28864172704091],[136.8109068274498,34.288611810119114],[136.810851842165,34.28862510653011],[136.81086257100105,34.28865502344718]]],"type":"Polygon"},"properties":{"layer":"BldA","prefCode":"24","sourceId":0,"tile":"16/57673/26116","vt_code":3101,"vt_lvorder":0},"type":"Feature"},{"geometry":{"coordinates":[[[136.8109229207039,34.28864172704091],[136.81093633174896,34.28863729490502],[136.8109269440174,34.28861402618776],[136.81091353297234,34.28861845832488],[136.8109229207039,34.28864172704091]]],"type":"Polygon"},"properties":{"layer":"BldA","prefCode":"24","sourceId":0,"tile":"16/57673/26116","vt_code":3101,"vt_lvorder":0},"type":"Feature"},{"geometry":{"coordinates":[[[136.81098863482475,34.28875474642713],[136.81100875139236,34.288752530362196],[136.81100741028786,34.288741450036646],[136.81103020906448,34.288738125938686],[136.81102752685547,34.28872150544696],[136.8110530078411,34.288717073315276],[136.811034232378,34.28861402618776],[136.8109980225563,34.288619566359124],[136.8109993636608,34.288630646700746],[136.81096583604813,34.28863507883699],[136.81098863482475,34.28875474642713]]],"type":"Polygon"},"properties":{"layer":"BldA","prefCode":"24","sourceId":0,"tile":"16/57673/26116","vt_code":3101,"vt_lvorder":0},"type":"Feature"},{"geometry":{"coordinates":[[[136.81083843111992,34.28847995392945],[136.81091219186783,34.288473305712735],[136.8109054863453,34.28842344407055],[136.81083038449287,34.288430092291215],[136.81083843111992,34.28847995392945]]],"type":"Polygon"},"properties":{"layer":"BldA","prefCode":"24","sourceId":0,"tile":"16/57673/26116","vt_code":3101,"vt_lvorder":0},"type":"Feature"},{"geometry":{"coordinates":[[[136.81109189987183,34.28879020345815],[136.8111254274845,34.28878244723389],[136.81111201643944,34.2887469901996],[136.81107848882675,34.28875474642713],[136.81109189987183,34.28879020345815]]],"type":"Polygon"},"properties":{"layer":"BldA","prefCode":"24","sourceId":0,"tile":"16/57673/26116","vt_code":3101,"vt_lvorder":0},"type":"Feature"},{"geometry":{"coordinates":[[[136.8111254274845,34.288876629908565],[136.8112300336361,34.28885114519525],[136.8112152814865,34.28881125606323],[136.81118309497833,34.288819012284826],[136.81117102503777,34.28878244723389],[136.81109860539436,34.28880017574542],[136.8111254274845,34.288876629908565]]],"type":"Polygon"},"properties":{"layer":"BldA","prefCode":"24","sourceId":0,"tile":"16/57673/26116","vt_code":3101,"vt_lvorder":0},"type":"Feature"},{"geometry":{"coordinates":[[[136.81129842996597,34.28889657446142],[136.8113923072815,34.288869981723224],[136.81136682629585,34.28881014803152],[136.8113225698471,34.288821228348006],[136.81131720542908,34.28880571590451],[136.81128233671188,34.28881458015829],[136.8112863600254,34.28882676850571],[136.81127160787582,34.28883120063161],[136.81129842996597,34.28889657446142]]],"type":"Polygon"},"properties":{"layer":"BldA","prefCode":"24","sourceId":0,"tile":"16/57673/26116","vt_code":3101,"vt_lvorder":0},"type":"Feature"},{"geometry":{"coordinates":[[[136.81119918823242,34.28880349984092],[136.8112152814865,34.28880017574542],[136.81120589375496,34.28876471871862],[136.81118845939636,34.28876693478323],[136.81119918823242,34.28880349984092]]],"type":"Polygon"},"properties":{"layer":"BldA","prefCode":"24","sourceId":0,"tile":"16/57673/26116","vt_code":3101,"vt_lvorder":0},"type":"Feature"},{"geometry":{"coordinates":[[[136.81134939193726,34.2888023918091],[136.81137219071388,34.28879685164979],[136.81136548519135,34.2887813392018],[136.81134402751923,34.28878798739414],[136.81134939193726,34.2888023918091]]],"type":"Polygon"},"properties":{"layer":"BldA","prefCode":"24","sourceId":0,"tile":"16/57673/26116","vt_code":3101,"vt_lvorder":0},"type":"Feature"},{"geometry":{"coordinates":[[[136.81109189987183,34.28861402618776],[136.81109324097633,34.28860516191283],[136.81110933423042,34.288607377981656],[136.81111872196198,34.28856638069898],[136.81101009249687,34.28854865213812],[136.8109980225563,34.28859851370601],[136.81109189987183,34.28861402618776]]],"type":"Polygon"},"properties":{"layer":"BldA","prefCode":"24","sourceId":0,"tile":"16/57673/26116","vt_code":3101,"vt_lvorder":0},"type":"Feature"},{"geometry":{"coordinates":[[[136.81117236614227,34.28868826445365],[136.811213940382,34.288673860019124],[136.81118577718735,34.28861845832488],[136.8111428618431,34.28863397080295],[136.81117236614227,34.28868826445365]]],"type":"Polygon"},"properties":{"layer":"BldA","prefCode":"24","sourceId":0,"tile":"16/57673/26116","vt_code":3101,"vt_lvorder":0},"type":"Feature"},{"geometry":{"coordinates":[[[136.81114822626114,34.288557516419026],[136.8111616373062,34.28848660214565],[136.81111469864845,34.28847995392945],[136.81111067533493,34.2884954664331],[136.811034232378,34.28848549410966],[136.81102350354195,34.28854089589157],[136.81114822626114,34.288557516419026]]],"type":"Polygon"},"properties":{"layer":"BldA","prefCode":"24","sourceId":0,"tile":"16/57673/26116","vt_code":3101,"vt_lvorder":0},"type":"Feature"},{"geometry":{"coordinates":[[[136.8110530078411,34.28848106196552],[136.81105837225914,34.288474413748894],[136.81106507778168,34.28847773785728],[136.81109994649887,34.28843452443804],[136.8110691010952,34.28841679584936],[136.81102752685547,34.28846665749548],[136.8110530078411,34.28848106196552]]],"type":"Polygon"},"properties":{"layer":"BldA","prefCode":"24","sourceId":0,"tile":"16/57673/26116","vt_code":3101,"vt_lvorder":0},"type":"Feature"},{"geometry":{"coordinates":[[[136.8111951649189,34.28860294584394],[136.81120455265045,34.28851208696953],[136.81118980050087,34.28851097893387],[136.81116566061974,34.2884954664331],[136.81115493178368,34.288600729775006],[136.8111951649189,34.28860294584394]]],"type":"Polygon"},"properties":{"layer":"BldA","prefCode":"24","sourceId":0,"tile":"16/57673/26116","vt_code":3101,"vt_lvorder":0},"type":"Feature"},{"geometry":{"coordinates":[[[136.81125551462173,34.288669427884926],[136.8112863600254,34.28866610378413],[136.8112863600254,34.28865834754842],[136.81125417351723,34.28866167164953],[136.81125551462173,34.288669427884926]]],"type":"Polygon"},"properties":{"layer":"BldA","prefCode":"24","sourceId":0,"tile":"16/57673/26116","vt_code":3101,"vt_lvorder":0},"type":"Feature"},{"geometry":{"coordinates":[[[136.8112877011299,34.2886627796832],[136.81136682629585,34.28865280737961],[136.81136146187782,34.28862067439334],[136.81128233671188,34.288630646700746],[136.8112877011299,34.2886627796832]]],"type":"Polygon"},"properties":{"layer":"BldA","prefCode":"24","sourceId":0,"tile":"16/57673/26116","vt_code":3101,"vt_lvorder":0},"type":"Feature"},{"geometry":{"coordinates":[[[136.81089878082275,34.28841679584936],[136.81090146303177,34.28840349940539],[136.8109095096588,34.28840460744247],[136.8109256029129,34.28833590911604],[136.810854524374,34.28832372069742],[136.81083843111992,34.28839685118262],[136.81085586547852,34.28840017529408],[136.810854524374,34.28840903959063],[136.81089878082275,34.28841679584936]]],"type":"Polygon"},"properties":{"layer":"BldA","prefCode":"24","sourceId":0,"tile":"16/57673/26116","vt_code":3101,"vt_lvorder":0},"type":"Feature"},{"geometry":{"coordinates":[[[136.81094706058502,34.28838466277284],[136.81095242500305,34.28836028594798],[136.81092962622643,34.28835696183495],[136.8109242618084,34.28838023062339],[136.81094706058502,34.28838466277284]]],"type":"Polygon"},"properties":{"layer":"BldA","prefCode":"24","sourceId":0,"tile":"16/57673/26116","vt_code":3101,"vt_lvorder":0},"type":"Feature"},{"geometry":{"coordinates":[[[136.8108692765236,34.28824948210947],[136.81091085076332,34.288246157992056],[136.8109081685543,34.28822067308752],[136.81086659431458,34.28822399720595],[136.8108692765236,34.28824948210947]]],"type":"Polygon"},"properties":{"layer":"BldA","prefCode":"24","sourceId":0,"tile":"16/57673/26116","vt_code":3101,"vt_lvorder":0},"type":"Feature"},{"geometry":{"coordinates":[[[136.8107458949089,34.28792150189115],[136.8107458949089,34.287877180141855],[136.8107096850872,34.287877180141855],[136.8107096850872,34.28792150189115],[136.8107458949089,34.28792150189115]]],"type":"Polygon"},"properties":{"layer":"BldA","prefCode":"24","sourceId":0,"tile":"16/57673/26116","vt_code":3101,"vt_lvorder":0},"type":"Feature"},{"geometry":{"coordinates":[[[136.81084245443344,34.288007929235064],[136.81084513664246,34.287996848811325],[136.81086659431458,34.2880001729386],[136.81087866425514,34.28795141905872],[136.81076735258102,34.287932582324835],[136.81075260043144,34.28799352468393],[136.81084245443344,34.288007929235064]]],"type":"Polygon"},"properties":{"layer":"BldA","prefCode":"24","sourceId":0,"tile":"16/57673/26116","vt_code":3101,"vt_lvorder":0},"type":"Feature"},{"geometry":{"coordinates":[[[136.81085720658302,34.287932582324835],[136.81085720658302,34.28792260993459],[136.81089475750923,34.28792260993459],[136.81089609861374,34.28786166752407],[136.81086122989655,34.28786166752407],[136.81086122989655,34.287843938814525],[136.81075125932693,34.28784283077006],[136.81075260043144,34.287830642279914],[136.81071370840073,34.287830642279914],[136.81071236729622,34.28787385600971],[136.81074857711792,34.28787385600971],[136.8107472360134,34.28791817776077],[136.81078478693962,34.28791928580424],[136.81078478693962,34.287905989281555],[136.81082099676132,34.2879070973252],[136.81082099676132,34.287932582324835],[136.81085720658302,34.287932582324835]]],"type":"Polygon"},"properties":{"layer":"BldA","prefCode":"24","sourceId":0,"tile":"16/57673/26116","vt_code":3101,"vt_lvorder":0},"type":"Feature"},{"geometry":{"coordinates":[[[136.81088536977768,34.28807773587103],[136.81089341640472,34.28805668308216],[136.81090012192726,34.28805889916545],[136.81093096733093,34.28797468795947],[136.8108867108822,34.287963607531346],[136.81084781885147,34.28806554741496],[136.81087598204613,34.28807219566394],[136.81087464094162,34.28807441174682],[136.81088536977768,34.28807773587103]]],"type":"Polygon"},"properties":{"layer":"BldA","prefCode":"24","sourceId":0,"tile":"16/57673/26116","vt_code":3101,"vt_lvorder":0},"type":"Feature"},{"geometry":{"coordinates":[[[136.81094840168953,34.28796803970277],[136.81097120046616,34.2878539112141],[136.81091085076332,34.28784615490343],[136.8108893930912,34.287960283402626],[136.81094840168953,34.28796803970277]]],"type":"Polygon"},"properties":{"layer":"BldA","prefCode":"24","sourceId":0,"tile":"16/57673/26116","vt_code":3101,"vt_lvorder":0},"type":"Feature"},{"geometry":{"coordinates":[[[136.81113347411156,34.28841679584936],[136.8111401796341,34.28836361006087],[136.81109055876732,34.288359177910316],[136.81108385324478,34.288412363701596],[136.81113347411156,34.28841679584936]]],"type":"Polygon"},"properties":{"layer":"BldA","prefCode":"24","sourceId":0,"tile":"16/57673/26116","vt_code":3101,"vt_lvorder":0},"type":"Feature"},{"geometry":{"coordinates":[[[136.81120455265045,34.28847995392945],[136.81121930480003,34.288365826136065],[136.81119248270988,34.28836361006087],[136.81118845939636,34.28839352707104],[136.8111415207386,34.28838909492205],[136.81112945079803,34.288473305712735],[136.81120455265045,34.28847995392945]]],"type":"Polygon"},"properties":{"layer":"BldA","prefCode":"24","sourceId":0,"tile":"16/57673/26116","vt_code":3101,"vt_lvorder":0},"type":"Feature"},{"geometry":{"coordinates":[[[136.81122332811356,34.28834588145723],[136.81122735142708,34.28831264031532],[136.81111067533493,34.28830045189333],[136.8111066520214,34.28833369304006],[136.81122332811356,34.28834588145723]]],"type":"Polygon"},"properties":{"layer":"BldA","prefCode":"24","sourceId":0,"tile":"16/57673/26116","vt_code":3101,"vt_lvorder":0},"type":"Feature"},{"geometry":{"coordinates":[[[136.81123539805412,34.28830377600859],[136.81124076247215,34.28823507759973],[136.81118845939636,34.28823286152109],[136.81119248270988,34.288176351496006],[136.81111603975296,34.288171919335575],[136.8111066520214,34.288296019739434],[136.81123539805412,34.28830377600859]]],"type":"Polygon"},"properties":{"layer":"BldA","prefCode":"24","sourceId":0,"tile":"16/57673/26116","vt_code":3101,"vt_lvorder":0},"type":"Feature"},{"geometry":{"coordinates":[[[136.81104630231857,34.28805668308216],[136.81105434894562,34.288034522246086],[136.81107714772224,34.28804117049752],[136.81108117103577,34.28803230616215],[136.8111039698124,34.28803895441376],[136.81111335754395,34.28801346944639],[136.81107178330421,34.288001280981],[136.8110851943493,34.28796803970277],[136.81099265813828,34.287942554713894],[136.81095778942108,34.28803341420413],[136.81104630231857,34.28805668308216]]],"type":"Polygon"},"properties":{"layer":"BldA","prefCode":"24","sourceId":0,"tile":"16/57673/26116","vt_code":3101,"vt_lvorder":0},"type":"Feature"},{"geometry":{"coordinates":[[[136.81116297841072,34.28813202988112],[136.81116566061974,34.28810876102395],[136.81122735142708,34.28811319318772],[136.8112327158451,34.28805889916545],[136.81119114160538,34.28805668308216],[136.81118980050087,34.2880788439124],[136.81113481521606,34.28807441174682],[136.811121404171,34.28810543690096],[136.81111872196198,34.288128705759064],[136.81116297841072,34.28813202988112]]],"type":"Polygon"},"properties":{"layer":"BldA","prefCode":"24","sourceId":0,"tile":"16/57673/26116","vt_code":3101,"vt_lvorder":0},"type":"Feature"},{"geometry":{"coordinates":[[[136.8111415207386,34.28797801208762],[136.81114688515663,34.28796249948845],[136.81109458208084,34.28795031101568],[136.8110892176628,34.28796693165994],[136.8111415207386,34.28797801208762]]],"type":"Polygon"},"properties":{"layer":"BldA","prefCode":"24","sourceId":0,"tile":"16/57673/26116","vt_code":3101,"vt_lvorder":0},"type":"Feature"},{"geometry":{"coordinates":[[[136.8112514913082,34.28819740425489],[136.8112649023533,34.28811097710586],[136.81129172444344,34.28811430122862],[136.81129977107048,34.288069979581],[136.8112689256668,34.2880666554565],[136.8112649023533,34.28808992432533],[136.8112327158451,34.2880866002016],[136.81122198700905,34.28815197461071],[136.81123539805412,34.288154190691486],[136.81122869253159,34.28819518817526],[136.8112514913082,34.28819740425489]]],"type":"Polygon"},"properties":{"layer":"BldA","prefCode":"24","sourceId":0,"tile":"16/57673/26116","vt_code":3101,"vt_lvorder":0},"type":"Feature"},{"geometry":{"coordinates":[[[136.81012898683548,34.28761678939255],[136.81015983223915,34.28759573648821],[136.8101491034031,34.28758354796222],[136.81016251444817,34.28757468357858],[136.8101343512535,34.28754587432528],[136.8100780248642,34.28758354796222],[136.81010752916336,34.287612357202605],[136.81011825799942,34.28760460086962],[136.81012898683548,34.28761678939255]]],"type":"Polygon"},"properties":{"layer":"BldA","prefCode":"24","sourceId":0,"tile":"16/57673/26116","vt_code":3101,"vt_lvorder":0},"type":"Feature"},{"geometry":{"coordinates":[[[136.81006595492363,34.28750820067146],[136.81010350584984,34.28748493164154],[136.81008204817772,34.287460554555665],[136.8100444972515,34.28748382359234],[136.81006595492363,34.28750820067146]]],"type":"Polygon"},"properties":{"layer":"BldA","prefCode":"24","sourceId":0,"tile":"16/57673/26116","vt_code":3101,"vt_lvorder":0},"type":"Feature"},{"geometry":{"coordinates":[[[136.81050181388855,34.28777856416577],[136.81051790714264,34.287757511301955],[136.81048974394798,34.28774310670787],[136.8104736506939,34.287764159575296],[136.81050181388855,34.28777856416577]]],"type":"Polygon"},"properties":{"layer":"BldA","prefCode":"24","sourceId":0,"tile":"16/57673/26116","vt_code":3101,"vt_lvorder":0},"type":"Feature"},{"geometry":{"coordinates":[[[136.81055411696434,34.28776083543869],[136.81057691574097,34.28772537797332],[136.81056886911392,34.287722053835175],[136.81059032678604,34.28768770439997],[136.81052327156067,34.28765889518542],[136.8105313181877,34.28764449057445],[136.81048974394798,34.287626761819084],[136.81048035621643,34.287641166433104],[136.81041330099106,34.28761124915507],[136.8103690445423,34.287679948073944],[136.81055411696434,34.28776083543869]]],"type":"Polygon"},"properties":{"layer":"BldA","prefCode":"24","sourceId":0,"tile":"16/57673/26116","vt_code":3101,"vt_lvorder":0},"type":"Feature"},{"geometry":{"coordinates":[[[136.81051522493362,34.28781512965354],[136.81055277585983,34.28777413198435],[136.81052461266518,34.28775640325633],[136.81048706173897,34.28779740093418],[136.81051522493362,34.28781512965354]]],"type":"Polygon"},"properties":{"layer":"BldA","prefCode":"24","sourceId":0,"tile":"16/57673/26116","vt_code":3101,"vt_lvorder":0},"type":"Feature"},{"geometry":{"coordinates":[[[136.8106533586979,34.287850587081046],[136.81067883968353,34.287825102056544],[136.81072041392326,34.287804049204375],[136.81068420410156,34.28778078025639],[136.81067481637,34.28779075266346],[136.81059166789055,34.28773645843286],[136.81052595376968,34.28780515724936],[136.81057557463646,34.28783729054748],[136.81059703230858,34.28781402160869],[136.8106533586979,34.287850587081046]]],"type":"Polygon"},"properties":{"layer":"BldA","prefCode":"24","sourceId":0,"tile":"16/57673/26116","vt_code":3101,"vt_lvorder":0},"type":"Feature"},{"geometry":{"coordinates":[[[136.8107244372368,34.28780294115939],[136.81075394153595,34.28778742852789],[136.81075260043144,34.287776348075084],[136.81062653660774,34.28769435267884],[136.81059166789055,34.287732026249216],[136.81067481637,34.287785212437456],[136.81068286299706,34.287776348075084],[136.8107244372368,34.28780294115939]]],"type":"Polygon"},"properties":{"layer":"BldA","prefCode":"24","sourceId":0,"tile":"16/57673/26116","vt_code":3101,"vt_lvorder":0},"type":"Feature"},{"geometry":{"coordinates":[[[136.8105983734131,34.287698784864475],[136.8106198310852,34.287692136585946],[136.81059166789055,34.287640058385946],[136.81057155132294,34.28764781471566],[136.8105983734131,34.287698784864475]]],"type":"Polygon"},"properties":{"layer":"BldA","prefCode":"24","sourceId":0,"tile":"16/57673/26116","vt_code":3101,"vt_lvorder":0},"type":"Feature"},{"geometry":{"coordinates":[[[136.81041598320007,34.28757800772255],[136.81043475866318,34.28754033408313],[136.81044816970825,34.28754476627688],[136.81048840284348,34.287461662605175],[136.8104039132595,34.287433961363014],[136.8103462457657,34.28755473871197],[136.81041598320007,34.28757800772255]]],"type":"Polygon"},"properties":{"layer":"BldA","prefCode":"24","sourceId":0,"tile":"16/57673/26116","vt_code":3101,"vt_lvorder":0},"type":"Feature"},{"geometry":{"coordinates":[[[136.81064262986183,34.28760903305999],[136.81071907281876,34.28758354796222],[136.81068420410156,34.287511524818065],[136.81060776114464,34.28753811798617],[136.81064262986183,34.28760903305999]]],"type":"Polygon"},"properties":{"layer":"BldA","prefCode":"24","sourceId":0,"tile":"16/57673/26116","vt_code":3101,"vt_lvorder":0},"type":"Feature"},{"geometry":{"coordinates":[[[136.81059300899506,34.28752371335449],[136.81064262986183,34.28750598457365],[136.8106184899807,34.287461662605175],[136.81056886911392,34.287480499444634],[136.81059300899506,34.28752371335449]]],"type":"Polygon"},"properties":{"layer":"BldA","prefCode":"24","sourceId":0,"tile":"16/57673/26116","vt_code":3101,"vt_lvorder":0},"type":"Feature"},{"geometry":{"coordinates":[[[136.81062653660774,34.28743950161218],[136.81063994765282,34.28738520715462],[136.8105487525463,34.287368586395296],[136.81053534150124,34.287423988913595],[136.81062653660774,34.28743950161218]]],"type":"Polygon"},"properties":{"layer":"BldA","prefCode":"24","sourceId":0,"tile":"16/57673/26116","vt_code":3101,"vt_lvorder":0},"type":"Feature"},{"geometry":{"coordinates":[[[136.81086391210556,34.28783839859203],[136.81086391210556,34.28781180551894],[136.81077003479004,34.28781180551894],[136.81075528264046,34.287818453788006],[136.81075528264046,34.28783839859203],[136.81086391210556,34.28783839859203]]],"type":"Polygon"},"properties":{"layer":"BldA","prefCode":"24","sourceId":0,"tile":"16/57673/26116","vt_code":3101,"vt_lvorder":0},"type":"Feature"},{"geometry":{"coordinates":[[[136.8109054863453,34.287776348075084],[136.8109054863453,34.287719837743005],[136.8108008801937,34.2877187296969],[136.8108008801937,34.287775240029724],[136.8109054863453,34.287776348075084]]],"type":"Polygon"},"properties":{"layer":"BldA","prefCode":"24","sourceId":0,"tile":"16/57673/26116","vt_code":3101,"vt_lvorder":0},"type":"Feature"},{"geometry":{"coordinates":[[[136.81077674031258,34.2877187296969],[136.8109081685543,34.28768327221376],[136.8108880519867,34.287632302055535],[136.81083038449287,34.28764781471566],[136.81082099676132,34.287625653771755],[136.81075394153595,34.28764449057445],[136.8107606470585,34.2876611112792],[136.81075528264046,34.287662219326066],[136.81077674031258,34.2877187296969]]],"type":"Polygon"},"properties":{"layer":"BldA","prefCode":"24","sourceId":0,"tile":"16/57673/26116","vt_code":3101,"vt_lvorder":0},"type":"Feature"},{"geometry":{"coordinates":[[[136.81074991822243,34.28763673424444],[136.81080892682076,34.28762122158226],[136.8107981979847,34.287593520392704],[136.8107432126999,34.28761900548744],[136.81074991822243,34.28763673424444]]],"type":"Polygon"},"properties":{"layer":"BldA","prefCode":"24","sourceId":0,"tile":"16/57673/26116","vt_code":3101,"vt_lvorder":0},"type":"Feature"},{"geometry":{"coordinates":[[[136.81098192930222,34.2878539112141],[136.81098863482475,34.287825102056544],[136.81093633174896,34.28781623769838],[136.81092962622643,34.287845046858976],[136.81098192930222,34.2878539112141]]],"type":"Polygon"},"properties":{"layer":"BldA","prefCode":"24","sourceId":0,"tile":"16/57673/26116","vt_code":3101,"vt_lvorder":0},"type":"Feature"},{"geometry":{"coordinates":[[[136.81092962622643,34.287773023938946],[136.8110328912735,34.28775972739312],[136.81102484464645,34.28771540555849],[136.81097254157066,34.287722053835175],[136.81097120046616,34.28770875728128],[136.81091889739037,34.28771540555849],[136.81092962622643,34.287773023938946]]],"type":"Polygon"},"properties":{"layer":"BldA","prefCode":"24","sourceId":0,"tile":"16/57673/26116","vt_code":3101,"vt_lvorder":0},"type":"Feature"},{"geometry":{"coordinates":[[[136.8109068274498,34.28771762165078],[136.8109068274498,34.28769102853948],[136.810854524374,34.28770654118875],[136.810854524374,34.28771651360464],[136.8109068274498,34.28771762165078]]],"type":"Polygon"},"properties":{"layer":"BldA","prefCode":"24","sourceId":0,"tile":"16/57673/26116","vt_code":3101,"vt_lvorder":0},"type":"Feature"},{"geometry":{"coordinates":[[[136.8108330667019,34.287630085961],[136.81090012192726,34.287624545724405],[136.81089341640472,34.28757357553056],[136.81082636117935,34.28757911577052],[136.8108330667019,34.287630085961]]],"type":"Polygon"},"properties":{"layer":"BldA","prefCode":"24","sourceId":0,"tile":"16/57673/26116","vt_code":3101,"vt_lvorder":0},"type":"Feature"},{"geometry":{"coordinates":[[[136.81104764342308,34.28770986532752],[136.81105837225914,34.287671083700474],[136.81105434894562,34.28766997565373],[136.81106239557266,34.28763784229162],[136.8109095096588,34.28761124915507],[136.81091219186783,34.287696568771686],[136.81095242500305,34.28770321704986],[136.81095510721207,34.28769324463241],[136.81104764342308,34.28770986532752]]],"type":"Polygon"},"properties":{"layer":"BldA","prefCode":"24","sourceId":0,"tile":"16/57673/26116","vt_code":3101,"vt_lvorder":0},"type":"Feature"},{"geometry":{"coordinates":[[[136.81106641888618,34.287634518150014],[136.81107178330421,34.28761346525011],[136.81105837225914,34.28761124915507],[136.8110704421997,34.287565819194],[136.81100741028786,34.28755473871197],[136.81101009249687,34.28754698237367],[136.81095376610756,34.28753811798617],[136.810944378376,34.28757911577052],[136.81093364953995,34.28757800772255],[136.8109269440174,34.28760238477436],[136.8109430372715,34.28760460086962],[136.810944378376,34.287601276726704],[136.81099265813828,34.28760903305999],[136.81098863482475,34.28762122158226],[136.81106641888618,34.287634518150014]]],"type":"Polygon"},"properties":{"layer":"BldA","prefCode":"24","sourceId":0,"tile":"16/57673/26116","vt_code":3101,"vt_lvorder":0},"type":"Feature"},{"geometry":{"coordinates":[[[136.81078746914864,34.28758576405798],[136.81084647774696,34.28756803529024],[136.81083038449287,34.28753036164634],[136.81084781885147,34.28752592945184],[136.81082770228386,34.2874782833461],[136.81072980165482,34.28750820067146],[136.81074991822243,34.28755695480849],[136.81077271699905,34.287550306518746],[136.81078746914864,34.28758576405798]]],"type":"Polygon"},"properties":{"layer":"BldA","prefCode":"24","sourceId":0,"tile":"16/57673/26116","vt_code":3101,"vt_lvorder":0},"type":"Feature"},{"geometry":{"coordinates":[[[136.8111388385296,34.28785501925843],[136.8111388385296,34.28780626529433],[136.81102082133293,34.28780626529433],[136.81102082133293,34.28785501925843],[136.8111388385296,34.28785501925843]]],"type":"Polygon"},"properties":{"layer":"BldA","prefCode":"24","sourceId":0,"tile":"16/57673/26116","vt_code":3101,"vt_lvorder":0},"type":"Feature"},{"geometry":{"coordinates":[[[136.8111066520214,34.28776083543869],[136.81110799312592,34.287692136585946],[136.81107312440872,34.28769102853948],[136.81107178330421,34.28775972739312],[136.8111066520214,34.28776083543869]]],"type":"Polygon"},"properties":{"layer":"BldA","prefCode":"24","sourceId":0,"tile":"16/57673/26116","vt_code":3101,"vt_lvorder":0},"type":"Feature"},{"geometry":{"coordinates":[[[136.81122466921806,34.287764159575296],[136.81122466921806,34.28774532279943],[136.81123673915863,34.287744214753666],[136.81123673915863,34.28769546072528],[136.81120052933693,34.28769546072528],[136.81120052933693,34.287682164167165],[136.81111738085747,34.28768327221376],[136.81111738085747,34.287764159575296],[136.81122466921806,34.287764159575296]]],"type":"Polygon"},"properties":{"layer":"BldA","prefCode":"24","sourceId":0,"tile":"16/57673/26116","vt_code":3101,"vt_lvorder":0},"type":"Feature"},{"geometry":{"coordinates":[[[136.81107714772224,34.28768105612056],[136.81111603975296,34.287679948073944],[136.81111469864845,34.28763119400828],[136.81107714772224,34.287632302055535],[136.81107714772224,34.28768105612056]]],"type":"Polygon"},"properties":{"layer":"BldA","prefCode":"24","sourceId":0,"tile":"16/57673/26116","vt_code":3101,"vt_lvorder":0},"type":"Feature"},{"geometry":{"coordinates":[[[136.81116431951523,34.28761900548744],[136.81116834282875,34.287593520392704],[136.81114956736565,34.28759130429714],[136.81114554405212,34.28761678939255],[136.81116431951523,34.28761900548744]]],"type":"Polygon"},"properties":{"layer":"BldA","prefCode":"24","sourceId":0,"tile":"16/57673/26116","vt_code":3101,"vt_lvorder":0},"type":"Feature"},{"geometry":{"coordinates":[[[136.81116968393326,34.28759019624934],[136.81117236614227,34.28757357553056],[136.81115627288818,34.28757135943448],[136.81115359067917,34.28758798015369],[136.81116968393326,34.28759019624934]]],"type":"Polygon"},"properties":{"layer":"BldA","prefCode":"24","sourceId":0,"tile":"16/57673/26116","vt_code":3101,"vt_lvorder":0},"type":"Feature"},{"geometry":{"coordinates":[[[136.81127563118935,34.287633410102785],[136.8112850189209,34.287592412344935],[136.81123942136765,34.28758576405798],[136.81124478578568,34.28756138700136],[136.81118175387383,34.28755141456707],[136.81116700172424,34.28761678939255],[136.81127563118935,34.287633410102785]]],"type":"Polygon"},"properties":{"layer":"BldA","prefCode":"24","sourceId":0,"tile":"16/57673/26116","vt_code":3101,"vt_lvorder":0},"type":"Feature"},{"geometry":{"coordinates":[[[136.81129708886147,34.28758576405798],[136.81129977107048,34.28751928115963],[136.81126222014427,34.28751817311088],[136.81125953793526,34.28758465601011],[136.81129708886147,34.28758576405798]]],"type":"Polygon"},"properties":{"layer":"BldA","prefCode":"24","sourceId":0,"tile":"16/57673/26116","vt_code":3101,"vt_lvorder":0},"type":"Feature"},{"geometry":{"coordinates":[[[136.81142047047615,34.28891541097922],[136.8115934729576,34.28889546643083],[136.81158810853958,34.28886333353736],[136.81159883737564,34.288862225506335],[136.8115894496441,34.288806823936284],[136.81153446435928,34.28881347212661],[136.81153446435928,34.288822336379575],[136.8114848434925,34.288827876537205],[136.811483502388,34.288821228348006],[136.81140571832657,34.28883009260015],[136.81142047047615,34.28891541097922]]],"type":"Polygon"},"properties":{"layer":"BldA","prefCode":"24","sourceId":0,"tile":"16/57673/26116","vt_code":3101,"vt_lvorder":0},"type":"Feature"},{"geometry":{"coordinates":[[[136.81141912937164,34.2887757990411],[136.81148082017899,34.28876471871862],[136.81147009134293,34.28872482954558],[136.81140840053558,34.28873701790601],[136.81141912937164,34.2887757990411]]],"type":"Polygon"},"properties":{"layer":"BldA","prefCode":"24","sourceId":0,"tile":"16/57673/26116","vt_code":3101,"vt_lvorder":0},"type":"Feature"},{"geometry":{"coordinates":[[[136.81151434779167,34.28881014803152],[136.81156128644943,34.28880349984092],[136.8115545809269,34.28876693478323],[136.81150764226913,34.2887724749445],[136.81151434779167,34.28881014803152]]],"type":"Polygon"},"properties":{"layer":"BldA","prefCode":"24","sourceId":0,"tile":"16/57673/26116","vt_code":3101,"vt_lvorder":0},"type":"Feature"},{"geometry":{"coordinates":[[[136.81156799197197,34.28880460787272],[136.81160554289818,34.28879795968169],[136.81159749627113,34.28876361068628],[136.81155860424042,34.28877025888004],[136.81156799197197,34.28880460787272]]],"type":"Polygon"},"properties":{"layer":"BldA","prefCode":"24","sourceId":0,"tile":"16/57673/26116","vt_code":3101,"vt_lvorder":0},"type":"Feature"},{"geometry":{"coordinates":[[[136.81171417236328,34.28886554959938],[136.8117181956768,34.28882455244267],[136.81165248155594,34.288819012284826],[136.8116471171379,34.28886000944423],[136.81171417236328,34.28886554959938]]],"type":"Polygon"},"properties":{"layer":"BldA","prefCode":"24","sourceId":0,"tile":"16/57673/26116","vt_code":3101,"vt_lvorder":0},"type":"Feature"},{"geometry":{"coordinates":[[[136.8116980791092,34.28876139462158],[136.81173294782639,34.28874477413446],[136.8117195367813,34.288723721512724],[136.8116833269596,34.28873923397136],[136.8116980791092,34.28876139462158]]],"type":"Polygon"},"properties":{"layer":"BldA","prefCode":"24","sourceId":0,"tile":"16/57673/26116","vt_code":3101,"vt_lvorder":0},"type":"Feature"},{"geometry":{"coordinates":[[[136.81141510605812,34.28869158855357],[136.81147277355194,34.288682724286815],[136.8114647269249,34.28865059131199],[136.81140840053558,34.28865834754842],[136.81141510605812,34.28869158855357]]],"type":"Polygon"},"properties":{"layer":"BldA","prefCode":"24","sourceId":0,"tile":"16/57673/26116","vt_code":3101,"vt_lvorder":0},"type":"Feature"},{"geometry":{"coordinates":[[[136.81140303611755,34.288657239514684],[136.8114995956421,34.28864283507485],[136.81148618459702,34.288581893186674],[136.81142583489418,34.28859075746406],[136.81142181158066,34.28857746104762],[136.81138694286346,34.2885830012214],[136.81140303611755,34.288657239514684]]],"type":"Polygon"},"properties":{"layer":"BldA","prefCode":"24","sourceId":0,"tile":"16/57673/26116","vt_code":3101,"vt_lvorder":0},"type":"Feature"},{"geometry":{"coordinates":[[[136.81141510605812,34.28857746104762],[136.81146875023842,34.28857192087348],[136.8114647269249,34.28854532803255],[136.8114110827446,34.28855086820843],[136.81141510605812,34.28857746104762]]],"type":"Polygon"},"properties":{"layer":"BldA","prefCode":"24","sourceId":0,"tile":"16/57673/26116","vt_code":3101,"vt_lvorder":0},"type":"Feature"},{"geometry":{"coordinates":[[[136.8116095662117,34.28876139462158],[136.81163504719734,34.288752530362196],[136.81163772940636,34.288759178556816],[136.8116833269596,34.288742558069266],[136.8116793036461,34.28873258577514],[136.81177586317062,34.28869823675303],[136.81176111102104,34.288669427884926],[136.81171417236328,34.28863397080295],[136.81165918707848,34.288528707502685],[136.81164041161537,34.28853535571502],[136.81163504719734,34.288524275360835],[136.8115720152855,34.28854754410295],[136.81160420179367,34.28861070208477],[136.81162297725677,34.28860294584394],[136.8116457760334,34.28864726721044],[136.8116270005703,34.28865502344718],[136.81161895394325,34.288639510973],[136.8115572631359,34.28866167164953],[136.8116095662117,34.28876139462158]]],"type":"Polygon"},"properties":{"layer":"BldA","prefCode":"24","sourceId":0,"tile":"16/57673/26116","vt_code":3101,"vt_lvorder":0},"type":"Feature"},{"geometry":{"coordinates":[[[136.81177720427513,34.288926491281835],[136.81178659200668,34.28887219778506],[136.81173965334892,34.288866657630365],[136.81173026561737,34.2889209511307],[136.81177720427513,34.288926491281835]]],"type":"Polygon"},"properties":{"layer":"BldA","prefCode":"24","sourceId":0,"tile":"16/57673/26116","vt_code":3101,"vt_lvorder":0},"type":"Feature"},{"geometry":{"coordinates":[[[136.811755746603,34.28885779338208],[136.81179732084274,34.28885114519525],[136.8117879331112,34.288806823936284],[136.81174501776695,34.28881347212661],[136.811755746603,34.28885779338208]]],"type":"Polygon"},"properties":{"layer":"BldA","prefCode":"24","sourceId":0,"tile":"16/57673/26116","vt_code":3101,"vt_lvorder":0},"type":"Feature"},{"geometry":{"coordinates":[[[136.8117356300354,34.288742558069266],[136.81174904108047,34.28873590987332],[136.8117342889309,34.28871485724935],[136.81172087788582,34.28872150544696],[136.8117356300354,34.288742558069266]]],"type":"Polygon"},"properties":{"layer":"BldA","prefCode":"24","sourceId":0,"tile":"16/57673/26116","vt_code":3101,"vt_lvorder":0},"type":"Feature"},{"geometry":{"coordinates":[[[136.81186571717262,34.28811984143293],[136.81193679571152,34.288094356490085],[136.81189119815826,34.28800682119276],[136.81187376379967,34.28801346944639],[136.81186571717262,34.287997956853765],[136.81181207299232,34.28801679357301],[136.81186571717262,34.28811984143293]]],"type":"Polygon"},"properties":{"layer":"BldA","prefCode":"24","sourceId":0,"tile":"16/57673/26116","vt_code":3101,"vt_lvorder":0},"type":"Feature"},{"geometry":{"coordinates":[[[136.8117718398571,34.287949202972605],[136.81193679571152,34.28793590645465],[136.8119314312935,34.28788826058137],[136.8118254840374,34.28789712493193],[136.8118241429329,34.28788826058137],[136.81176513433456,34.28789269275676],[136.8117718398571,34.287949202972605]]],"type":"Polygon"},"properties":{"layer":"BldA","prefCode":"24","sourceId":0,"tile":"16/57673/26116","vt_code":3101,"vt_lvorder":0},"type":"Feature"},{"geometry":{"coordinates":[[[136.81190326809883,34.2881663791347],[136.8119676411152,34.288142002246516],[136.81194350123405,34.28809657257238],[136.8118777871132,34.28812094947375],[136.81190326809883,34.2881663791347]]],"type":"Polygon"},"properties":{"layer":"BldA","prefCode":"24","sourceId":0,"tile":"16/57673/26116","vt_code":3101,"vt_lvorder":0},"type":"Feature"},{"geometry":{"coordinates":[[[136.8120950460434,34.28871264118336],[136.8120937049389,34.28869491265336],[136.81206554174423,34.288696020686594],[136.81206554174423,34.28871264118336],[136.8120950460434,34.28871264118336]]],"type":"Polygon"},"properties":{"layer":"BldA","prefCode":"24","sourceId":0,"tile":"16/57673/26116","vt_code":3101,"vt_lvorder":0},"type":"Feature"},{"geometry":{"coordinates":[[[136.81222915649414,34.28871374921636],[136.81225195527077,34.28865169934581],[136.81221574544907,34.28864172704091],[136.81222647428513,34.288611810119114],[136.81217283010483,34.28859740567148],[136.8121688067913,34.288607377981656],[136.8120776116848,34.2885841092561],[136.81204676628113,34.28866831985134],[136.81222915649414,34.28871374921636]]],"type":"Polygon"},"properties":{"layer":"BldA","prefCode":"24","sourceId":0,"tile":"16/57673/26116","vt_code":3101,"vt_lvorder":0},"type":"Feature"},{"geometry":{"coordinates":[[[136.81226804852486,34.28852759946724],[136.81229889392853,34.288494358397216],[136.81229084730148,34.2884888182176],[136.81232169270515,34.28845557713223],[136.81232571601868,34.288433416401354],[136.81228682398796,34.28842787621772],[136.81228145956993,34.288452253022975],[136.81226536631584,34.28844228069441],[136.81226938962936,34.28843784854799],[136.81224659085274,34.28842233603372],[136.81225061416626,34.28841790388626],[136.81221842765808,34.28839795921978],[136.81216344237328,34.288457793205005],[136.8121701478958,34.288462225350365],[136.8121661245823,34.28846665749548],[136.81226804852486,34.28852759946724]]],"type":"Polygon"},"properties":{"layer":"BldA","prefCode":"24","sourceId":0,"tile":"16/57673/26116","vt_code":3101,"vt_lvorder":0},"type":"Feature"},{"geometry":{"coordinates":[[[136.81241020560265,34.28857413694318],[136.81244373321533,34.28849214232542],[136.81240886449814,34.288482170001586],[136.8123994767666,34.28850322268384],[136.81232705712318,34.288483278037624],[136.81230291724205,34.28854421999733],[136.81241020560265,34.28857413694318]]],"type":"Polygon"},"properties":{"layer":"BldA","prefCode":"24","sourceId":0,"tile":"16/57673/26116","vt_code":3101,"vt_lvorder":0},"type":"Feature"},{"geometry":{"coordinates":[[[136.81211918592453,34.28842787621772],[136.81215405464172,34.28838909492205],[136.81212723255157,34.28837358239878],[136.8120937049389,34.288412363701596],[136.81211918592453,34.28842787621772]]],"type":"Polygon"},"properties":{"layer":"BldA","prefCode":"24","sourceId":0,"tile":"16/57673/26116","vt_code":3101,"vt_lvorder":0},"type":"Feature"},{"geometry":{"coordinates":[[[136.81208565831184,34.288412363701596],[136.81212186813354,34.28836250202326],[136.81211784482002,34.288355853797235],[136.81215539574623,34.28833812519196],[136.8121674656868,34.288355853797235],[136.81226804852486,34.28830820816208],[136.81223452091217,34.28826056249989],[136.8121500313282,34.28830155993177],[136.8121312558651,34.28827496700526],[136.81211918592453,34.28828161523768],[136.8120588362217,34.28819740425489],[136.81196630001068,34.2882417258353],[136.8120038509369,34.28829491170092],[136.8119864165783,34.288302667970186],[136.81203201413155,34.28836693417364],[136.81204810738564,34.288359177910316],[136.81208565831184,34.288412363701596]]],"type":"Polygon"},"properties":{"layer":"BldA","prefCode":"24","sourceId":0,"tile":"16/57673/26116","vt_code":3101,"vt_lvorder":0},"type":"Feature"},{"geometry":{"coordinates":[[[136.81215673685074,34.28838466277284],[136.8121701478958,34.2883680422112],[136.81215673685074,34.288361393985625],[136.81214332580566,34.28837801454858],[136.81215673685074,34.28838466277284]]],"type":"Polygon"},"properties":{"layer":"BldA","prefCode":"24","sourceId":0,"tile":"16/57673/26116","vt_code":3101,"vt_lvorder":0},"type":"Feature"},{"geometry":{"coordinates":[[[136.81239813566208,34.28837912258599],[136.8124035000801,34.28837025828627],[136.81241288781166,34.28837469043626],[136.8124584853649,34.288332585002046],[136.8124544620514,34.288330368925976],[136.81248664855957,34.288299343854874],[136.8124383687973,34.28826388661673],[136.81241557002068,34.28828715543095],[136.81244239211082,34.28830599208536],[136.8124356865883,34.28831264031532],[136.8123310804367,34.28827164288885],[136.81232571601868,34.28828272327637],[136.81231498718262,34.288278291121536],[136.81228950619698,34.28832261265927],[136.81232169270515,34.28833480107806],[136.8123096227646,34.28835696183495],[136.81239813566208,34.28837912258599]]],"type":"Polygon"},"properties":{"layer":"BldA","prefCode":"24","sourceId":0,"tile":"16/57673/26116","vt_code":3101,"vt_lvorder":0},"type":"Feature"},{"geometry":{"coordinates":[[[136.81225329637527,34.28823064544238],[136.81226804852486,34.28822510524539],[136.8122559785843,34.28820626857284],[136.8122412264347,34.28821291681069],[136.81225329637527,34.28823064544238]]],"type":"Polygon"},"properties":{"layer":"BldA","prefCode":"24","sourceId":0,"tile":"16/57673/26116","vt_code":3101,"vt_lvorder":0},"type":"Feature"},{"geometry":{"coordinates":[[[136.81201457977295,34.28813202988112],[136.8120601773262,34.28811651731039],[136.81205078959465,34.288095464531246],[136.81212723255157,34.288069979581],[136.81213796138763,34.288093248448924],[136.8121849000454,34.28807773587103],[136.81217148900032,34.288048926790196],[136.812205016613,34.288037846371864],[136.81215405464172,34.287932582324835],[136.8120802938938,34.28795695927377],[136.81209102272987,34.2879791201303],[136.81205481290817,34.28799130859892],[136.81206285953522,34.288007929235064],[136.8119703233242,34.28803895441376],[136.81201457977295,34.28813202988112]]],"type":"Polygon"},"properties":{"layer":"BldA","prefCode":"24","sourceId":0,"tile":"16/57673/26116","vt_code":3101,"vt_lvorder":0},"type":"Feature"},{"geometry":{"coordinates":[[[136.81219026446342,34.28807219566394],[136.81221842765808,34.28806333133185],[136.81221038103104,34.28804449462304],[136.81218221783638,34.28805335895712],[136.81219026446342,34.28807219566394]]],"type":"Polygon"},"properties":{"layer":"BldA","prefCode":"24","sourceId":0,"tile":"16/57673/26116","vt_code":3101,"vt_lvorder":0},"type":"Feature"},{"geometry":{"coordinates":[[[136.81222915649414,34.288055575040495],[136.81234449148178,34.28801236140416],[136.81230694055557,34.287943662757044],[136.81219160556793,34.28798687642872],[136.81222915649414,34.288055575040495]]],"type":"Polygon"},"properties":{"layer":"BldA","prefCode":"24","sourceId":0,"tile":"16/57673/26116","vt_code":3101,"vt_lvorder":0},"type":"Feature"},{"geometry":{"coordinates":[[[136.81225463747978,34.287960283402626],[136.81232035160065,34.287938122541114],[136.8123123049736,34.28792371797801],[136.81232437491417,34.287920393847706],[136.81230694055557,34.28788382840574],[136.8122935295105,34.28788826058137],[136.81228414177895,34.28787053187744],[136.8122747540474,34.28787385600971],[136.81226804852486,34.28786055947984],[136.81221440434456,34.28787828818587],[136.8122197687626,34.28788715253748],[136.812205016613,34.28789269275676],[136.81221440434456,34.287911529499596],[136.812205016613,34.28791485363025],[136.81221708655357,34.287938122541114],[136.8122398853302,34.287930366238214],[136.81225463747978,34.287960283402626]]],"type":"Polygon"},"properties":{"layer":"BldA","prefCode":"24","sourceId":0,"tile":"16/57673/26116","vt_code":3101,"vt_lvorder":0},"type":"Feature"},{"geometry":{"coordinates":[[[136.81246384978294,34.28827496700526],[136.81255772709846,34.28820294445372],[136.81249469518661,34.288145326368046],[136.8123994767666,34.288218457008504],[136.81246384978294,34.28827496700526]]],"type":"Polygon"},"properties":{"layer":"BldA","prefCode":"24","sourceId":0,"tile":"16/57673/26116","vt_code":3101,"vt_lvorder":0},"type":"Feature"},{"geometry":{"coordinates":[[[136.81257516145706,34.288210700731476],[136.8126167356968,34.28818299973623],[136.8125630915165,34.28812981379976],[136.81252151727676,34.28815862285286],[136.81257516145706,34.288210700731476]]],"type":"Polygon"},"properties":{"layer":"BldA","prefCode":"24","sourceId":0,"tile":"16/57673/26116","vt_code":3101,"vt_lvorder":0},"type":"Feature"},{"geometry":{"coordinates":[[[136.81249871850014,34.28811762535125],[136.81253358721733,34.28809657257238],[136.8124759197235,34.28803341420413],[136.81243434548378,34.28806000720707],[136.81244641542435,34.28807219566394],[136.81242629885674,34.288084384119045],[136.81245177984238,34.28811097710586],[136.81246921420097,34.28809989669571],[136.812474578619,34.28810543690096],[136.81248262524605,34.28809989669571],[136.81249871850014,34.28811762535125]]],"type":"Polygon"},"properties":{"layer":"BldA","prefCode":"24","sourceId":0,"tile":"16/57673/26116","vt_code":3101,"vt_lvorder":0},"type":"Feature"},{"geometry":{"coordinates":[[[136.81149154901505,34.28777967221108],[136.8115022778511,34.28776748371179],[136.8114821612835,34.28775418716508],[136.81147009134293,34.28776637566631],[136.81149154901505,34.28777967221108]]],"type":"Polygon"},"properties":{"layer":"BldA","prefCode":"24","sourceId":0,"tile":"16/57673/26116","vt_code":3101,"vt_lvorder":0},"type":"Feature"},{"geometry":{"coordinates":[[[136.81157335639,34.28781512965354],[136.81164041161537,34.287748646936656],[136.8115559220314,34.28769102853948],[136.81148886680603,34.287757511301955],[136.81157335639,34.28781512965354]]],"type":"Polygon"},"properties":{"layer":"BldA","prefCode":"24","sourceId":0,"tile":"16/57673/26116","vt_code":3101,"vt_lvorder":0},"type":"Feature"},{"geometry":{"coordinates":[[[136.81167796254158,34.28779740093418],[136.81169539690018,34.28778078025639],[136.81168466806412,34.287773023938946],[136.81166723370552,34.287789644618286],[136.81167796254158,34.28779740093418]]],"type":"Polygon"},"properties":{"layer":"BldA","prefCode":"24","sourceId":0,"tile":"16/57673/26116","vt_code":3101,"vt_lvorder":0},"type":"Feature"},{"geometry":{"coordinates":[[[136.81162297725677,34.28770432509618],[136.81163907051086,34.28768659635344],[136.81160151958466,34.2876611112792],[136.81158408522606,34.28767884002732],[136.81162297725677,34.28770432509618]]],"type":"Polygon"},"properties":{"layer":"BldA","prefCode":"24","sourceId":0,"tile":"16/57673/26116","vt_code":3101,"vt_lvorder":0},"type":"Feature"},{"geometry":{"coordinates":[[[136.81149423122406,34.287433961363014],[136.81152239441872,34.287401827910664],[136.81145802140236,34.28736415419225],[136.8114298582077,34.28739628765901],[136.81149423122406,34.287433961363014]]],"type":"Polygon"},"properties":{"layer":"BldA","prefCode":"24","sourceId":0,"tile":"16/57673/26116","vt_code":3101,"vt_lvorder":0},"type":"Feature"},{"geometry":{"coordinates":[[[136.81170344352722,34.28745723040704],[136.81170612573624,34.287415124513124],[136.8115934729576,34.28741069231254],[136.8115907907486,34.28745279820868],[136.81170344352722,34.28745723040704]]],"type":"Polygon"},"properties":{"layer":"BldA","prefCode":"24","sourceId":0,"tile":"16/57673/26116","vt_code":3101,"vt_lvorder":0},"type":"Feature"},{"geometry":{"coordinates":[[[136.81170210242271,34.287407368161944],[136.81171283125877,34.287300995273505],[136.81163504719734,34.28729545501521],[136.81163102388382,34.287343101224614],[136.81165784597397,34.28734531732672],[136.81165248155594,34.28740404401122],[136.81170210242271,34.287407368161944]]],"type":"Polygon"},"properties":{"layer":"BldA","prefCode":"24","sourceId":0,"tile":"16/57673/26116","vt_code":3101,"vt_lvorder":0},"type":"Feature"},{"geometry":{"coordinates":[[[136.81202799081802,34.287627869866405],[136.81207224726677,34.287625653771755],[136.81207224726677,34.28762122158226],[136.81208163499832,34.28762011353486],[136.8120802938938,34.287594628440466],[136.81206956505775,34.287592412344935],[136.812025308609,34.287594628440466],[136.81202799081802,34.287627869866405]]],"type":"Polygon"},"properties":{"layer":"BldA","prefCode":"24","sourceId":0,"tile":"16/57673/26116","vt_code":3101,"vt_lvorder":0},"type":"Feature"},{"geometry":{"coordinates":[[[136.81174367666245,34.287514848964534],[136.8117919564247,34.287509308720345],[136.8117879331112,34.28748493164154],[136.81173965334892,34.287490471887345],[136.81174367666245,34.287514848964534]]],"type":"Polygon"},"properties":{"layer":"BldA","prefCode":"24","sourceId":0,"tile":"16/57673/26116","vt_code":3101,"vt_lvorder":0},"type":"Feature"},{"geometry":{"coordinates":[[[136.81179463863373,34.287507092622555],[136.81182011961937,34.28750376847578],[136.81181609630585,34.28748271554312],[136.8117906153202,34.28748493164154],[136.81179463863373,34.287507092622555]]],"type":"Polygon"},"properties":{"layer":"BldA","prefCode":"24","sourceId":0,"tile":"16/57673/26116","vt_code":3101,"vt_lvorder":0},"type":"Feature"},{"geometry":{"coordinates":[[[136.81197702884674,34.28738077495245],[136.81202799081802,34.287377450800676],[136.81201592087746,34.28726110540563],[136.81196495890617,34.287264429562],[136.81197702884674,34.28738077495245]]],"type":"Polygon"},"properties":{"layer":"BldA","prefCode":"24","sourceId":0,"tile":"16/57673/26116","vt_code":3101,"vt_lvorder":0},"type":"Feature"},{"geometry":{"coordinates":[[[136.81206956505775,34.28792371797801],[136.81223452091217,34.28786055947984],[136.812202334404,34.287804049204375],[136.8121325969696,34.287830642279914],[136.81212455034256,34.28781623769838],[136.8121339380741,34.287812913563826],[136.81210309267044,34.287757511301955],[136.8120615184307,34.287773023938946],[136.81206822395325,34.28778410439221],[136.81199848651886,34.28781069747406],[136.81200250983238,34.287818453788006],[136.8119515478611,34.28783729054748],[136.8119689822197,34.28786942383332],[136.81199043989182,34.28786166752407],[136.81200250983238,34.28788272036179],[136.81203871965408,34.28786831578918],[136.81206956505775,34.28792371797801]]],"type":"Polygon"},"properties":{"layer":"BldA","prefCode":"24","sourceId":0,"tile":"16/57673/26116","vt_code":3101,"vt_lvorder":0},"type":"Feature"},{"geometry":{"coordinates":[[[136.81217551231384,34.287676623934004],[136.8122734129429,34.28764338252734],[136.81224390864372,34.28758243991432],[136.81214600801468,34.28761568134509],[136.81217551231384,34.287676623934004]]],"type":"Polygon"},"properties":{"layer":"BldA","prefCode":"24","sourceId":0,"tile":"16/57673/26116","vt_code":3101,"vt_lvorder":0},"type":"Feature"},{"geometry":{"coordinates":[[[136.8122398853302,34.28785169512541],[136.81226134300232,34.287843938814525],[136.81224256753922,34.287809589429145],[136.8122211098671,34.2878173457432],[136.8122398853302,34.28785169512541]]],"type":"Polygon"},"properties":{"layer":"BldA","prefCode":"24","sourceId":0,"tile":"16/57673/26116","vt_code":3101,"vt_lvorder":0},"type":"Feature"},{"geometry":{"coordinates":[[[136.81224659085274,34.28776305152978],[136.8122760951519,34.28775307911941],[136.81226536631584,34.28772870211133],[136.81232035160065,34.287710973373734],[136.8122962117195,34.28765889518542],[136.81213930249214,34.28770986532752],[136.81215807795525,34.287748646936656],[136.81222915649414,34.28772537797332],[136.81224659085274,34.28776305152978]]],"type":"Polygon"},"properties":{"layer":"BldA","prefCode":"24","sourceId":0,"tile":"16/57673/26116","vt_code":3101,"vt_lvorder":0},"type":"Feature"},{"geometry":{"coordinates":[[[136.81208699941635,34.2875813318664],[136.81208968162537,34.28754587432528],[136.8120963871479,34.28754698237367],[136.81209906935692,34.28749601213278],[136.812025308609,34.287493796034646],[136.8120212852955,34.28757911577052],[136.81208699941635,34.2875813318664]]],"type":"Polygon"},"properties":{"layer":"BldA","prefCode":"24","sourceId":0,"tile":"16/57673/26116","vt_code":3101,"vt_lvorder":0},"type":"Feature"},{"geometry":{"coordinates":[[[136.8121473491192,34.287472743099485],[136.8121486902237,34.28743617746272],[136.81208163499832,34.28743506941287],[136.8120802938938,34.28747163505012],[136.8121473491192,34.287472743099485]]],"type":"Polygon"},"properties":{"layer":"BldA","prefCode":"24","sourceId":0,"tile":"16/57673/26116","vt_code":3101,"vt_lvorder":0},"type":"Feature"},{"geometry":{"coordinates":[[[136.81215941905975,34.287472743099485],[136.8122224509716,34.287469418951346],[136.8122197687626,34.28743506941287],[136.81215673685074,34.28743839356237],[136.81215941905975,34.287472743099485]]],"type":"Polygon"},"properties":{"layer":"BldA","prefCode":"24","sourceId":0,"tile":"16/57673/26116","vt_code":3101,"vt_lvorder":0},"type":"Feature"},{"geometry":{"coordinates":[[[136.81205078959465,34.28738742325561],[136.81219696998596,34.28737855885129],[136.81219294667244,34.2873342368156],[136.81204676628113,34.287343101224614],[136.81205078959465,34.28738742325561]]],"type":"Polygon"},"properties":{"layer":"BldA","prefCode":"24","sourceId":0,"tile":"16/57673/26116","vt_code":3101,"vt_lvorder":0},"type":"Feature"},{"geometry":{"coordinates":[[[136.81224390864372,34.28734864147977],[136.81224659085274,34.287262213457765],[136.81217283010483,34.287262213457765],[136.81217283010483,34.287323156303025],[136.81219965219498,34.287323156303025],[136.81219965219498,34.287347533428765],[136.81224390864372,34.28734864147977]]],"type":"Polygon"},"properties":{"layer":"BldA","prefCode":"24","sourceId":0,"tile":"16/57673/26116","vt_code":3101,"vt_lvorder":0},"type":"Feature"},{"geometry":{"coordinates":[[[136.81230559945107,34.28745390625829],[136.8123123049736,34.28742842111349],[136.81224927306175,34.287415124513124],[136.81224256753922,34.287440609661964],[136.81230559945107,34.28745390625829]]],"type":"Polygon"},"properties":{"layer":"BldA","prefCode":"24","sourceId":0,"tile":"16/57673/26116","vt_code":3101,"vt_lvorder":0},"type":"Feature"},{"geometry":{"coordinates":[[[136.8126368522644,34.290418994690164],[136.81264892220497,34.29039461845547],[136.8126368522644,34.290391294422925],[136.8126368522644,34.290418994690164]]],"type":"Polygon"},"properties":{"layer":"BldA","prefCode":"24","sourceId":0,"tile":"16/57674/26115","vt_code":3101,"vt_lvorder":0},"type":"Feature"},{"geometry":{"coordinates":[[[[136.8126368522644,34.289285492295946],[136.8126368522644,34.2893896466241],[136.81269988417625,34.28940294291202],[136.8127240240574,34.28932870527755],[136.81266367435455,34.28931540897789],[136.8126717209816,34.28929214044841],[136.8126368522644,34.289285492295946]]],[[[136.8126368522644,34.289285492295946],[136.81265026330948,34.289234523109585],[136.8126368522644,34.289232307057304],[136.8126368522644,34.289285492295946]]]],"type":"MultiPolygon"},"properties":{"layer":"BldA","prefCode":"24","sourceId":0,"tile":"16/57674/26115","vt_code":3101,"vt_lvorder":0},"type":"Feature"},{"geometry":{"coordinates":[[[136.81333288550377,34.29217074104054],[136.8133932352066,34.292151905252524],[136.81335970759392,34.29207656205824],[136.81329935789108,34.29209539786315],[136.81333288550377,34.29217074104054]]],"type":"Polygon"},"properties":{"layer":"BldA","prefCode":"24","sourceId":0,"tile":"16/57674/26115","vt_code":3101,"vt_lvorder":0},"type":"Feature"},{"geometry":{"coordinates":[[[136.81339591741562,34.292151905252524],[136.81341871619225,34.29214525732634],[136.8133945763111,34.29209428987474],[136.81337177753448,34.29210093780496],[136.81339591741562,34.292151905252524]]],"type":"Polygon"},"properties":{"layer":"BldA","prefCode":"24","sourceId":0,"tile":"16/57674/26115","vt_code":3101,"vt_lvorder":0},"type":"Feature"},{"geometry":{"coordinates":[[[136.81320413947105,34.29207323809223],[136.8132108449936,34.292061050215736],[136.8131947517395,34.29205551027128],[136.81318804621696,34.29206769814859],[136.81320413947105,34.29207323809223]]],"type":"Polygon"},"properties":{"layer":"BldA","prefCode":"24","sourceId":0,"tile":"16/57674/26115","vt_code":3101,"vt_lvorder":0},"type":"Feature"},{"geometry":{"coordinates":[[[136.81323900818825,34.29208320998986],[136.8132846057415,34.292068806137344],[136.8132685124874,34.292034458479066],[136.81322291493416,34.29204886233747],[136.81323900818825,34.29208320998986]]],"type":"Polygon"},"properties":{"layer":"BldA","prefCode":"24","sourceId":0,"tile":"16/57674/26115","vt_code":3101,"vt_lvorder":0},"type":"Feature"},{"geometry":{"coordinates":[[[136.81329667568207,34.29207656205824],[136.8133208155632,34.292068806137344],[136.8133006989956,34.29202670255428],[136.81327521800995,34.292035566468265],[136.81329667568207,34.29207656205824]]],"type":"Polygon"},"properties":{"layer":"BldA","prefCode":"24","sourceId":0,"tile":"16/57674/26115","vt_code":3101,"vt_lvorder":0},"type":"Feature"},{"geometry":{"coordinates":[[[136.81332886219025,34.29206769814859],[136.81340396404266,34.292042214403125],[136.81338518857956,34.29200232678602],[136.81331008672714,34.29202781054358],[136.81332886219025,34.29206769814859]]],"type":"Polygon"},"properties":{"layer":"BldA","prefCode":"24","sourceId":0,"tile":"16/57674/26115","vt_code":3101,"vt_lvorder":0},"type":"Feature"},{"geometry":{"coordinates":[[[136.81330874562263,34.291894851723455],[136.81335970759392,34.29187269189964],[136.81329935789108,34.29177962057581],[136.8132483959198,34.29180178042417],[136.81330874562263,34.291894851723455]]],"type":"Polygon"},"properties":{"layer":"BldA","prefCode":"24","sourceId":0,"tile":"16/57674/26115","vt_code":3101,"vt_lvorder":0},"type":"Feature"},{"geometry":{"coordinates":[[[136.81293725967407,34.291710925008765],[136.8129399418831,34.29166771325231],[136.81285545229912,34.291662173281935],[136.8128514289856,34.29170649303476],[136.81293725967407,34.291710925008765]]],"type":"Polygon"},"properties":{"layer":"BldA","prefCode":"24","sourceId":0,"tile":"16/57674/26115","vt_code":3101,"vt_lvorder":0},"type":"Feature"},{"geometry":{"coordinates":[[[136.81291446089745,34.29165220133432],[136.81291446089745,34.29160123358363],[136.81290239095688,34.29160123358363],[136.81290239095688,34.29158239766793],[136.81285947561264,34.29158239766793],[136.81285947561264,34.29158572165337],[136.81283801794052,34.29158682964848],[136.81283801794052,34.29161785350573],[136.81285679340363,34.29161785350573],[136.81285679340363,34.29165220133432],[136.81291446089745,34.29165220133432]]],"type":"Polygon"},"properties":{"layer":"BldA","prefCode":"24","sourceId":0,"tile":"16/57674/26115","vt_code":3101,"vt_lvorder":0},"type":"Feature"},{"geometry":{"coordinates":[[[136.81300967931747,34.29171978895605],[136.81301638484,34.291686549148885],[136.81294530630112,34.29167546921023],[136.81293860077858,34.29170870902178],[136.81300967931747,34.29171978895605]]],"type":"Polygon"},"properties":{"layer":"BldA","prefCode":"24","sourceId":0,"tile":"16/57674/26115","vt_code":3101,"vt_lvorder":0},"type":"Feature"},{"geometry":{"coordinates":[[[136.81300699710846,34.29166438927013],[136.8130123615265,34.29164444537426],[136.81302845478058,34.29164776935723],[136.81303516030312,34.29162450147365],[136.81295469403267,34.29160898954768],[136.8129426240921,34.29165220133432],[136.81300699710846,34.29166438927013]]],"type":"Polygon"},"properties":{"layer":"BldA","prefCode":"24","sourceId":0,"tile":"16/57674/26115","vt_code":3101,"vt_lvorder":0},"type":"Feature"},{"geometry":{"coordinates":[[[136.81356891989708,34.29231699525085],[136.81361585855484,34.29225384005491],[136.8135702610016,34.292230572339164],[136.81352332234383,34.29229261956682],[136.81356891989708,34.29231699525085]]],"type":"Polygon"},"properties":{"layer":"BldA","prefCode":"24","sourceId":0,"tile":"16/57674/26115","vt_code":3101,"vt_lvorder":0},"type":"Feature"},{"geometry":{"coordinates":[[[136.81352198123932,34.29220176468219],[136.81360110640526,34.29218292890113],[136.81357964873314,34.292120881592474],[136.8135005235672,34.292138609399615],[136.81352198123932,34.29220176468219]]],"type":"Polygon"},"properties":{"layer":"BldA","prefCode":"24","sourceId":0,"tile":"16/57674/26115","vt_code":3101,"vt_lvorder":0},"type":"Feature"},{"geometry":{"coordinates":[[[136.81343749165535,34.29205329429341],[136.81347638368607,34.29203999842489],[136.81347236037254,34.29203002652213],[136.8134844303131,34.29202559456496],[136.81347236037254,34.2919978948274],[136.8134991824627,34.29198903090944],[136.81348577141762,34.29196243914998],[136.8133932352066,34.29199235487878],[136.81341871619225,34.29204553837037],[136.81343212723732,34.29204110641402],[136.81343749165535,34.29205329429341]]],"type":"Polygon"},"properties":{"layer":"BldA","prefCode":"24","sourceId":0,"tile":"16/57674/26115","vt_code":3101,"vt_lvorder":0},"type":"Feature"},{"geometry":{"coordinates":[[[136.81349113583565,34.292035566468265],[136.81356623768806,34.29201340668156],[136.813552826643,34.291980166990555],[136.81347638368607,34.29200232678602],[136.81349113583565,34.292035566468265]]],"type":"Polygon"},"properties":{"layer":"BldA","prefCode":"24","sourceId":0,"tile":"16/57674/26115","vt_code":3101,"vt_lvorder":0},"type":"Feature"},{"geometry":{"coordinates":[[[136.81354209780693,34.29131869440486],[136.813555508852,34.291251106460486],[136.81348845362663,34.29124113446408],[136.81347370147705,34.29130872241648],[136.81354209780693,34.29131869440486]]],"type":"Polygon"},"properties":{"layer":"BldA","prefCode":"24","sourceId":0,"tile":"16/57674/26115","vt_code":3101,"vt_lvorder":0},"type":"Feature"},{"geometry":{"coordinates":[[[136.81353136897087,34.291396254274034],[136.81361317634583,34.29138849829034],[136.81360512971878,34.29132866639205],[136.81352332234383,34.29133531438285],[136.81353136897087,34.291396254274034]]],"type":"Polygon"},"properties":{"layer":"BldA","prefCode":"24","sourceId":0,"tile":"16/57674/26115","vt_code":3101,"vt_lvorder":0},"type":"Feature"},{"geometry":{"coordinates":[[[136.81504413485527,34.292169633053135],[136.81509777903557,34.29213196147238],[136.8150696158409,34.29210426176988],[136.8150159716606,34.29214193336304],[136.81504413485527,34.292169633053135]]],"type":"Polygon"},"properties":{"layer":"BldA","prefCode":"24","sourceId":0,"tile":"16/57674/26115","vt_code":3101,"vt_lvorder":0},"type":"Feature"},{"geometry":{"coordinates":[[[136.8148148059845,34.292038890435755],[136.81493014097214,34.29200343477564],[136.8148872256279,34.29190371565134],[136.81477054953575,34.29193917135354],[136.8148148059845,34.292038890435755]]],"type":"Polygon"},"properties":{"layer":"BldA","prefCode":"24","sourceId":0,"tile":"16/57674/26115","vt_code":3101,"vt_lvorder":0},"type":"Feature"},{"geometry":{"coordinates":[[[136.81539818644524,34.29184277612823],[136.81541562080383,34.291830588218296],[136.8154263496399,34.29184166813649],[136.81545987725258,34.2918184003066],[136.81544914841652,34.291807320385345],[136.81546926498413,34.29179402447791],[136.81543037295341,34.291753028750065],[136.81535795331,34.291802888416434],[136.81539818644524,34.29184277612823]]],"type":"Polygon"},"properties":{"layer":"BldA","prefCode":"24","sourceId":0,"tile":"16/57674/26115","vt_code":3101,"vt_lvorder":0},"type":"Feature"},{"geometry":{"coordinates":[[[136.81292116641998,34.29119127446435],[136.81300565600395,34.29114917044154],[136.81301102042198,34.29115692644732],[136.81309819221497,34.29111260640461],[136.81302711367607,34.29101621023097],[136.81288093328476,34.291090446374476],[136.81292116641998,34.291145846438845],[136.81289702653885,34.29115914244885],[136.81292116641998,34.29119127446435]]],"type":"Polygon"},"properties":{"layer":"BldA","prefCode":"24","sourceId":0,"tile":"16/57674/26115","vt_code":3101,"vt_lvorder":0},"type":"Feature"},{"geometry":{"coordinates":[[[136.81306064128876,34.29119459846526],[136.8131411075592,34.291154710445745],[136.81311428546906,34.29111703840993],[136.8130338191986,34.29115692644732],[136.81306064128876,34.29119459846526]]],"type":"Polygon"},"properties":{"layer":"BldA","prefCode":"24","sourceId":0,"tile":"16/57674/26115","vt_code":3101,"vt_lvorder":0},"type":"Feature"},{"geometry":{"coordinates":[[[136.8131773173809,34.29126551045318],[136.8132483959198,34.29122894646689],[136.81320816278458,34.29117687045892],[136.8131384253502,34.29121232646785],[136.8131773173809,34.29126551045318]]],"type":"Polygon"},"properties":{"layer":"BldA","prefCode":"24","sourceId":0,"tile":"16/57674/26115","vt_code":3101,"vt_lvorder":0},"type":"Feature"},{"geometry":{"coordinates":[[[136.8131236732006,34.29107936635722],[136.81323364377022,34.29102507425156],[136.81321620941162,34.2910006981927],[136.81317329406738,34.29102175024394],[136.81314915418625,34.2910184262362],[136.81309819221497,34.29104391029219],[136.8131236732006,34.29107936635722]]],"type":"Polygon"},"properties":{"layer":"BldA","prefCode":"24","sourceId":0,"tile":"16/57674/26115","vt_code":3101,"vt_lvorder":0},"type":"Feature"},{"geometry":{"coordinates":[[[136.81326180696487,34.291223406467566],[136.81341871619225,34.29116800645435],[136.8133932352066,34.29111925441251],[136.81323632597923,34.29117465445787],[136.81326180696487,34.291223406467566]]],"type":"Polygon"},"properties":{"layer":"BldA","prefCode":"24","sourceId":0,"tile":"16/57674/26115","vt_code":3101,"vt_lvorder":0},"type":"Feature"},{"geometry":{"coordinates":[[[136.81325510144234,34.291081582360796],[136.81341469287872,34.29104501829445],[136.81340128183365,34.29100734620945],[136.81324303150177,34.29104501829445],[136.81325510144234,34.291081582360796]]],"type":"Polygon"},"properties":{"layer":"BldA","prefCode":"24","sourceId":0,"tile":"16/57674/26115","vt_code":3101,"vt_lvorder":0},"type":"Feature"},{"geometry":{"coordinates":[[[136.81289702653885,34.290492123351804],[136.81294932961464,34.29047550320702],[136.81293055415154,34.290435614846125],[136.81287825107574,34.29045334300886],[136.81289702653885,34.290492123351804]]],"type":"Polygon"},"properties":{"layer":"BldA","prefCode":"24","sourceId":0,"tile":"16/57674/26115","vt_code":3101,"vt_lvorder":0},"type":"Feature"},{"geometry":{"coordinates":[[[136.81299895048141,34.290659432626164],[136.81304723024368,34.29062840841502],[136.81300833821297,34.29058630411015],[136.8129587173462,34.290618436344715],[136.81299895048141,34.290659432626164]]],"type":"Polygon"},"properties":{"layer":"BldA","prefCode":"24","sourceId":0,"tile":"16/57674/26115","vt_code":3101,"vt_lvorder":0},"type":"Feature"},{"geometry":{"coordinates":[[[136.81298151612282,34.290476611216775],[136.81301102042198,34.29046109907888],[136.81298956274986,34.2904322908152],[136.8129600584507,34.29044780295841],[136.81298151612282,34.290476611216775]]],"type":"Polygon"},"properties":{"layer":"BldA","prefCode":"24","sourceId":0,"tile":"16/57674/26115","vt_code":3101,"vt_lvorder":0},"type":"Feature"},{"geometry":{"coordinates":[[[136.81295201182365,34.29044447892796],[136.81298419833183,34.29043339882553],[136.81297212839127,34.29040791458437],[136.81296542286873,34.290410130605636],[136.8129587173462,34.29039683447711],[136.81293591856956,34.29040459055235],[136.8129426240921,34.29041788667965],[136.81293860077858,34.290418994690164],[136.81295201182365,34.29044447892796]]],"type":"Polygon"},"properties":{"layer":"BldA","prefCode":"24","sourceId":0,"tile":"16/57674/26115","vt_code":3101,"vt_lvorder":0},"type":"Feature"},{"geometry":{"coordinates":[[[136.81300297379494,34.29049987941825],[136.81302443146706,34.29048879932311],[136.81300967931747,34.29046663912846],[136.81298688054085,34.290477719226516],[136.81300297379494,34.29049987941825]]],"type":"Polygon"},"properties":{"layer":"BldA","prefCode":"24","sourceId":0,"tile":"16/57674/26115","vt_code":3101,"vt_lvorder":0},"type":"Feature"},{"geometry":{"coordinates":[[[136.81289300322533,34.29043450683583],[136.812923848629,34.29042342673208],[136.81290104985237,34.290376890280356],[136.8128702044487,34.29038686237933],[136.81289300322533,34.29043450683583]]],"type":"Polygon"},"properties":{"layer":"BldA","prefCode":"24","sourceId":0,"tile":"16/57674/26115","vt_code":3101,"vt_lvorder":0},"type":"Feature"},{"geometry":{"coordinates":[[[136.81312501430511,34.290743641141525],[136.8132323026657,34.29069599686031],[136.81316927075386,34.29066608066992],[136.81315451860428,34.29064170450692],[136.81312903761864,34.29065278458188],[136.81311562657356,34.290630624430484],[136.81306064128876,34.290620652360445],[136.81304052472115,34.29063616446887],[136.81306064128876,34.29066718867716],[136.81304588913918,34.2906738367203],[136.81306198239326,34.290700428887604],[136.81308344006538,34.29069045682585],[136.813103556633,34.2907236970271],[136.81311026215553,34.290721481014096],[136.81312501430511,34.290743641141525]]],"type":"Polygon"},"properties":{"layer":"BldA","prefCode":"24","sourceId":0,"tile":"16/57674/26115","vt_code":3101,"vt_lvorder":0},"type":"Feature"},{"geometry":{"coordinates":[[[136.81328728795052,34.29031816567353],[136.81330606341362,34.29028492531186],[136.81333556771278,34.29029600543388],[136.81338518857956,34.29021179646988],[136.81335031986237,34.29019850030996],[136.81334763765335,34.29020404037686],[136.81330606341362,34.29018742017509],[136.81324034929276,34.2902993294702],[136.81328728795052,34.29031816567353]]],"type":"Polygon"},"properties":{"layer":"BldA","prefCode":"24","sourceId":0,"tile":"16/57674/26115","vt_code":3101,"vt_lvorder":0},"type":"Feature"},{"geometry":{"coordinates":[[[136.81337848305702,34.29016082784542],[136.81338518857956,34.2901275874215],[136.81336104869843,34.29012426337839],[136.8133543431759,34.29015750380362],[136.81337848305702,34.29016082784542]]],"type":"Polygon"},"properties":{"layer":"BldA","prefCode":"24","sourceId":0,"tile":"16/57674/26115","vt_code":3101,"vt_lvorder":0},"type":"Feature"},{"geometry":{"coordinates":[[[136.8135541677475,34.29124667446222],[136.81356891989708,34.29117022245559],[136.8135179579258,34.29116357445172],[136.8135018646717,34.291240026464415],[136.8135541677475,34.29124667446222]]],"type":"Polygon"},"properties":{"layer":"BldA","prefCode":"24","sourceId":0,"tile":"16/57674/26115","vt_code":3101,"vt_lvorder":0},"type":"Feature"},{"geometry":{"coordinates":[[[136.81361317634583,34.290827849572494],[136.81365072727203,34.29082230954674],[136.8136440217495,34.29078685337323],[136.8136064708233,34.29079239340132],[136.81361317634583,34.290827849572494]]],"type":"Polygon"},"properties":{"layer":"BldA","prefCode":"24","sourceId":0,"tile":"16/57674/26115","vt_code":3101,"vt_lvorder":0},"type":"Feature"},{"geometry":{"coordinates":[[[136.81366547942162,34.29080014944004],[136.81374862790108,34.29078685337323],[136.81374058127403,34.29074807316631],[136.81365609169006,34.29076136923928],[136.81366547942162,34.29080014944004]]],"type":"Polygon"},"properties":{"layer":"BldA","prefCode":"24","sourceId":0,"tile":"16/57674/26115","vt_code":3101,"vt_lvorder":0},"type":"Feature"},{"geometry":{"coordinates":[[[136.81376069784164,34.290903193886564],[136.8138049542904,34.29090097787828],[136.81379824876785,34.29080347345642],[136.8137539923191,34.29080568946726],[136.81376069784164,34.290903193886564]]],"type":"Polygon"},"properties":{"layer":"BldA","prefCode":"24","sourceId":0,"tile":"16/57674/26115","vt_code":3101,"vt_lvorder":0},"type":"Feature"},{"geometry":{"coordinates":[[[136.8138089776039,34.290831173587776],[136.8138585984707,34.29082895757761],[136.8138585984707,34.29082341755191],[136.81387469172478,34.29082230954674],[136.81387335062027,34.29079128539573],[136.8138062953949,34.29079460941246],[136.8138089776039,34.290831173587776]]],"type":"Polygon"},"properties":{"layer":"BldA","prefCode":"24","sourceId":0,"tile":"16/57674/26115","vt_code":3101,"vt_lvorder":0},"type":"Feature"},{"geometry":{"coordinates":[[[136.81382775306702,34.29079017739013],[136.81384652853012,34.29078685337323],[136.8138438463211,34.29077134129261],[136.8138237297535,34.2907735573043],[136.81382775306702,34.29079017739013]]],"type":"Polygon"},"properties":{"layer":"BldA","prefCode":"24","sourceId":0,"tile":"16/57674/26115","vt_code":3101,"vt_lvorder":0},"type":"Feature"},{"geometry":{"coordinates":[[[136.81377544999123,34.29079460941246],[136.81381836533546,34.29079017739013],[136.8138076364994,34.2907236970271],[136.81376338005066,34.29072923705936],[136.81377544999123,34.29079460941246]]],"type":"Polygon"},"properties":{"layer":"BldA","prefCode":"24","sourceId":0,"tile":"16/57674/26115","vt_code":3101,"vt_lvorder":0},"type":"Feature"},{"geometry":{"coordinates":[[[136.81392028927803,34.29080679747266],[136.8139699101448,34.29080347345642],[136.81396454572678,34.29074585715395],[136.81390419602394,34.29074918117247],[136.81390687823296,34.29077688132172],[136.81391760706902,34.29077577331593],[136.81392028927803,34.29080679747266]]],"type":"Polygon"},"properties":{"layer":"BldA","prefCode":"24","sourceId":0,"tile":"16/57674/26115","vt_code":3101,"vt_lvorder":0},"type":"Feature"},{"geometry":{"coordinates":[[[136.81288361549377,34.289081615365006],[136.81293055415154,34.28904948254272],[136.8128903210163,34.28900848547576],[136.81284338235855,34.28904061831373],[136.81288361549377,34.289081615365006]]],"type":"Polygon"},"properties":{"layer":"BldA","prefCode":"24","sourceId":0,"tile":"16/57674/26115","vt_code":3101,"vt_lvorder":0},"type":"Feature"},{"geometry":{"coordinates":[[[136.81294664740562,34.289248927448],[136.8129600584507,34.28922676692634],[136.81298151612282,34.28923673916181],[136.81298553943634,34.28923009100496],[136.8130123615265,34.289241171266085],[136.8130311369896,34.289211254557706],[136.81303918361664,34.28921457863694],[136.81303918361664,34.289146989],[136.8130150437355,34.289146989],[136.8130150437355,34.289166933488694],[136.8129949271679,34.28915806927208],[136.81298688054085,34.289169149542694],[136.81291043758392,34.289135908726465],[136.81285947561264,34.28918244586551],[136.81286752223969,34.28918576994588],[136.81286081671715,34.28919685021284],[136.81290909647942,34.28921790271605],[136.81290239095688,34.28922898297877],[136.81294664740562,34.289248927448]]],"type":"Polygon"},"properties":{"layer":"BldA","prefCode":"24","sourceId":0,"tile":"16/57674/26115","vt_code":3101,"vt_lvorder":0},"type":"Feature"},{"geometry":{"coordinates":[[[136.81303516030312,34.28927219598944],[136.81303650140762,34.289241171266085],[136.81301772594452,34.28924006324003],[136.81301772594452,34.2892710879638],[136.81303516030312,34.28927219598944]]],"type":"Polygon"},"properties":{"layer":"BldA","prefCode":"24","sourceId":0,"tile":"16/57674/26115","vt_code":3101,"vt_lvorder":0},"type":"Feature"},{"geometry":{"coordinates":[[[136.8129426240921,34.28903951028504],[136.81298553943634,34.28901070153395],[136.81296676397324,34.28899186503752],[136.81295737624168,34.28898078474353],[136.8129412829876,34.28899186503752],[136.81291446089745,34.28900959350486],[136.8129426240921,34.28903951028504]]],"type":"Polygon"},"properties":{"layer":"BldA","prefCode":"24","sourceId":0,"tile":"16/57674/26115","vt_code":3101,"vt_lvorder":0},"type":"Feature"},{"geometry":{"coordinates":[[[136.81299224495888,34.289091587617705],[136.81302845478058,34.289076075224116],[136.81301772594452,34.28906056282766],[136.81298285722733,34.28907718325232],[136.81299224495888,34.289091587617705]]],"type":"Polygon"},"properties":{"layer":"BldA","prefCode":"24","sourceId":0,"tile":"16/57674/26115","vt_code":3101,"vt_lvorder":0},"type":"Feature"},{"geometry":{"coordinates":[[[136.8132108449936,34.289266655861105],[136.81322157382965,34.289209038504815],[136.81312769651413,34.28919574218621],[136.81312903761864,34.28918244586551],[136.81309953331947,34.28917912178499],[136.81309282779694,34.28921457863694],[136.8131048977375,34.28921679468969],[136.81309819221497,34.28925225152574],[136.8132108449936,34.289266655861105]]],"type":"Polygon"},"properties":{"layer":"BldA","prefCode":"24","sourceId":0,"tile":"16/57674/26115","vt_code":3101,"vt_lvorder":0},"type":"Feature"},{"geometry":{"coordinates":[[[136.813283264637,34.28926997993815],[136.81328997015953,34.28921790271605],[136.8132282793522,34.28921236258413],[136.81322291493416,34.28926443980967],[136.813283264637,34.28926997993815]]],"type":"Polygon"},"properties":{"layer":"BldA","prefCode":"24","sourceId":0,"tile":"16/57674/26115","vt_code":3101,"vt_lvorder":0},"type":"Feature"},{"geometry":{"coordinates":[[[136.81377410888672,34.28990376822475],[136.8138787150383,34.289892688051005],[136.81386798620224,34.28983063905105],[136.81376338005066,34.28984171923297],[136.81377410888672,34.28990376822475]]],"type":"Polygon"},"properties":{"layer":"BldA","prefCode":"24","sourceId":0,"tile":"16/57674/26115","vt_code":3101,"vt_lvorder":0},"type":"Feature"},{"geometry":{"coordinates":[[[136.81406378746033,34.28970321685388],[136.81408926844597,34.28967440833035],[136.81403562426567,34.289642275734764],[136.81401014328003,34.28967108426931],[136.81406378746033,34.28970321685388]]],"type":"Polygon"},"properties":{"layer":"BldA","prefCode":"24","sourceId":0,"tile":"16/57674/26115","vt_code":3101,"vt_lvorder":0},"type":"Feature"},{"geometry":{"coordinates":[[[136.8134817481041,34.28933978552566],[136.81349381804466,34.289326489227754],[136.81347101926804,34.28931097687752],[136.81345894932747,34.2893242731779],[136.8134817481041,34.28933978552566]]],"type":"Polygon"},"properties":{"layer":"BldA","prefCode":"24","sourceId":0,"tile":"16/57674/26115","vt_code":3101,"vt_lvorder":0},"type":"Feature"},{"geometry":{"coordinates":[[[136.8136252462864,34.28942288733995],[136.81365877389908,34.289390754648174],[136.8136467039585,34.28938299847935],[136.81367620825768,34.28935418984602],[136.81357696652412,34.289283276245],[136.81354612112045,34.28931208490263],[136.8135340511799,34.28930322070134],[136.81351125240326,34.289326489227754],[136.81352332234383,34.289335353426594],[136.81351527571678,34.289344217624496],[136.8136252462864,34.28942288733995]]],"type":"Polygon"},"properties":{"layer":"BldA","prefCode":"24","sourceId":0,"tile":"16/57674/26115","vt_code":3101,"vt_lvorder":0},"type":"Feature"},{"geometry":{"coordinates":[[[136.81368961930275,34.28947053234307],[136.81370437145233,34.289456128042644],[136.81366682052612,34.28942953548154],[136.81365206837654,34.28944283176315],[136.81368961930275,34.28947053234307]]],"type":"Polygon"},"properties":{"layer":"BldA","prefCode":"24","sourceId":0,"tile":"16/57674/26115","vt_code":3101,"vt_lvorder":0},"type":"Feature"},{"geometry":{"coordinates":[[[136.8140222132206,34.28958576665753],[136.81402623653412,34.289520393363915],[136.81392297148705,34.28951706929678],[136.81391894817352,34.289581334571444],[136.8140222132206,34.28958576665753]]],"type":"Polygon"},"properties":{"layer":"BldA","prefCode":"24","sourceId":0,"tile":"16/57674/26115","vt_code":3101,"vt_lvorder":0},"type":"Feature"},{"geometry":{"coordinates":[[[136.8141831457615,34.29080347345642],[136.8142005801201,34.29073256107854],[136.81415364146233,34.29072480503358],[136.81413754820824,34.29079571741801],[136.8141831457615,34.29080347345642]]],"type":"Polygon"},"properties":{"layer":"BldA","prefCode":"24","sourceId":0,"tile":"16/57674/26115","vt_code":3101,"vt_lvorder":0},"type":"Feature"},{"geometry":{"coordinates":[[[136.8153217434883,34.2909175979389],[136.81536868214607,34.29086773774718],[136.81533381342888,34.29084446964758],[136.81528687477112,34.29089432985312],[136.8153217434883,34.2909175979389]]],"type":"Polygon"},"properties":{"layer":"BldA","prefCode":"24","sourceId":0,"tile":"16/57674/26115","vt_code":3101,"vt_lvorder":0},"type":"Feature"},{"geometry":{"coordinates":[[[136.81543305516243,34.290980754139284],[136.81543707847595,34.290955270064146],[136.81546792387962,34.29095859407438],[136.8154799938202,34.29088878983174],[136.8154464662075,34.29088435781438],[136.815447807312,34.29087992579678],[136.8154102563858,34.29087549377894],[136.8154075741768,34.29088989783604],[136.81535795331,34.29088435781438],[136.81534588336945,34.29095305405725],[136.81536868214607,34.29095637806757],[136.81536599993706,34.29097299811723],[136.81543305516243,34.290980754139284]]],"type":"Polygon"},"properties":{"layer":"BldA","prefCode":"24","sourceId":0,"tile":"16/57674/26115","vt_code":3101,"vt_lvorder":0},"type":"Feature"},{"geometry":{"coordinates":[[[136.81426361203194,34.29008991492517],[136.81426897644997,34.29004559431961],[136.81416168808937,34.29003562218014],[136.81415632367134,34.29007994279096],[136.81426361203194,34.29008991492517]]],"type":"Polygon"},"properties":{"layer":"BldA","prefCode":"24","sourceId":0,"tile":"16/57674/26115","vt_code":3101,"vt_lvorder":0},"type":"Feature"},{"geometry":{"coordinates":[[[136.81435614824295,34.29001900194506],[136.814366877079,34.28992038848262],[136.8142019212246,34.289907092276586],[136.81419253349304,34.289992409562096],[136.81433200836182,34.29000348972268],[136.8143306672573,34.290017893929274],[136.81435614824295,34.29001900194506]]],"type":"Polygon"},"properties":{"layer":"BldA","prefCode":"24","sourceId":0,"tile":"16/57674/26115","vt_code":3101,"vt_lvorder":0},"type":"Feature"},{"geometry":{"coordinates":[[[136.8141321837902,34.28975529377521],[136.81414425373077,34.28973756546518],[136.81415900588036,34.28974532160127],[136.81418046355247,34.28971318903281],[136.81416973471642,34.28970764893355],[136.814184486866,34.289685488532875],[136.81412145495415,34.28965668000327],[136.8140745162964,34.28972980932838],[136.8141321837902,34.28975529377521]]],"type":"Polygon"},"properties":{"layer":"BldA","prefCode":"24","sourceId":0,"tile":"16/57674/26115","vt_code":3101,"vt_lvorder":0},"type":"Feature"},{"geometry":{"coordinates":[[[136.81414559483528,34.28966222010588],[136.81416973471642,34.2896245474009],[136.81414291262627,34.289613467190335],[136.81411877274513,34.289651139900286],[136.81414559483528,34.28966222010588]]],"type":"Polygon"},"properties":{"layer":"BldA","prefCode":"24","sourceId":0,"tile":"16/57674/26115","vt_code":3101,"vt_lvorder":0},"type":"Feature"},{"geometry":{"coordinates":[[[136.81426629424095,34.289685488532875],[136.8142729997635,34.28965224792091],[136.8141858279705,34.289638951672444],[136.81417912244797,34.28967108426931],[136.81426629424095,34.289685488532875]]],"type":"Polygon"},"properties":{"layer":"BldA","prefCode":"24","sourceId":0,"tile":"16/57674/26115","vt_code":3101,"vt_lvorder":0},"type":"Feature"},{"geometry":{"coordinates":[[[136.81439235806465,34.289792966421565],[136.81440979242325,34.28971651309218],[136.8142931163311,34.289697676753974],[136.81428104639053,34.28975307773665],[136.81429982185364,34.289756401794456],[136.8142944574356,34.28977745415746],[136.81439235806465,34.289792966421565]]],"type":"Polygon"},"properties":{"layer":"BldA","prefCode":"24","sourceId":0,"tile":"16/57674/26115","vt_code":3101,"vt_lvorder":0},"type":"Feature"},{"geometry":{"coordinates":[[[136.81443393230438,34.28980183057119],[136.81444197893143,34.28975086169805],[136.81442454457283,34.28974864565938],[136.81441649794579,34.28979961453388],[136.81443393230438,34.28980183057119]]],"type":"Polygon"},"properties":{"layer":"BldA","prefCode":"24","sourceId":0,"tile":"16/57674/26115","vt_code":3101,"vt_lvorder":0},"type":"Feature"},{"geometry":{"coordinates":[[[136.81445002555847,34.28974642962066],[136.8144553899765,34.28970321685388],[136.8144205212593,34.28969989279398],[136.81441515684128,34.289744213581876],[136.81445002555847,34.28974642962066]]],"type":"Polygon"},"properties":{"layer":"BldA","prefCode":"24","sourceId":0,"tile":"16/57674/26115","vt_code":3101,"vt_lvorder":0},"type":"Feature"},{"geometry":{"coordinates":[[[136.81446611881256,34.289962493121195],[136.81450098752975,34.28995252097186],[136.8144915997982,34.28992703658485],[136.8144553899765,34.28993700873721],[136.81446611881256,34.289962493121195]]],"type":"Polygon"},"properties":{"layer":"BldA","prefCode":"24","sourceId":0,"tile":"16/57674/26115","vt_code":3101,"vt_lvorder":0},"type":"Feature"},{"geometry":{"coordinates":[[[136.81413754820824,34.28959573885039],[136.81413888931274,34.289589090721954],[136.81417644023895,34.289593522807635],[136.81418851017952,34.289521501386275],[136.81408658623695,34.28950931313962],[136.81407317519188,34.28958244259298],[136.81410938501358,34.289586874679024],[136.81410938501358,34.289592414786235],[136.81413754820824,34.28959573885039]]],"type":"Polygon"},"properties":{"layer":"BldA","prefCode":"24","sourceId":0,"tile":"16/57674/26115","vt_code":3101,"vt_lvorder":0},"type":"Feature"},{"geometry":{"coordinates":[[[136.8142032623291,34.28951485325195],[136.8142032623291,34.28946499222781],[136.81416437029839,34.28946499222781],[136.81416437029839,34.289488260709426],[136.81415230035782,34.289488260709426],[136.81415230035782,34.289498232913864],[136.81416302919388,34.289498232913864],[136.81416302919388,34.28951485325195],[136.8142032623291,34.28951485325195]]],"type":"Polygon"},"properties":{"layer":"BldA","prefCode":"24","sourceId":0,"tile":"16/57674/26115","vt_code":3101,"vt_lvorder":0},"type":"Feature"},{"geometry":{"coordinates":[[[136.81419923901558,34.28945723606584],[136.8142032623291,34.28936748613956],[136.8141134083271,34.289365270090784],[136.8141120672226,34.28941734722155],[136.8141509592533,34.28941845524526],[136.8141496181488,34.289456128042644],[136.81419923901558,34.28945723606584]]],"type":"Polygon"},"properties":{"layer":"BldA","prefCode":"24","sourceId":0,"tile":"16/57674/26115","vt_code":3101,"vt_lvorder":0},"type":"Feature"},{"geometry":{"coordinates":[[[136.8154464662075,34.28961125114804],[136.8155014514923,34.28960127895702],[136.8154799938202,34.289512637207054],[136.81542366743088,34.289521501386275],[136.8154464662075,34.28961125114804]]],"type":"Polygon"},"properties":{"layer":"BldA","prefCode":"24","sourceId":0,"tile":"16/57674/26115","vt_code":3101,"vt_lvorder":0},"type":"Feature"},{"geometry":{"coordinates":[[[136.81544244289398,34.289513745229506],[136.81549608707428,34.28950598907205],[136.81547328829765,34.28939851081628],[136.81541964411736,34.28940626698366],[136.81544244289398,34.289513745229506]]],"type":"Polygon"},"properties":{"layer":"BldA","prefCode":"24","sourceId":0,"tile":"16/57674/26115","vt_code":3101,"vt_lvorder":0},"type":"Feature"},{"geometry":{"coordinates":[[[136.81606605648994,34.29206769814859],[136.81610360741615,34.292024486575635],[136.8160566687584,34.29199678683771],[136.81601911783218,34.292038890435755],[136.81606605648994,34.29206769814859]]],"type":"Polygon"},"properties":{"layer":"BldA","prefCode":"24","sourceId":0,"tile":"16/57674/26115","vt_code":3101,"vt_lvorder":0},"type":"Feature"},{"geometry":{"coordinates":[[[136.8162913620472,34.292215060525095],[136.8163262307644,34.292196224747016],[136.8163114786148,34.29217738896472],[136.8162766098976,34.292195116759935],[136.8162913620472,34.292215060525095]]],"type":"Polygon"},"properties":{"layer":"BldA","prefCode":"24","sourceId":0,"tile":"16/57674/26115","vt_code":3101,"vt_lvorder":0},"type":"Feature"},{"geometry":{"coordinates":[[[136.81636109948158,34.29224054421813],[136.81641206145287,34.292229464352545],[136.81638926267624,34.292159661165755],[136.816343665123,34.292169633053135],[136.816346347332,34.29217517299005],[136.8163302540779,34.292178496952026],[136.81633830070496,34.29220508864311],[136.8163289129734,34.29220730461699],[136.81633964180946,34.29223943623164],[136.81635975837708,34.292235004285516],[136.81636109948158,34.29224054421813]]],"type":"Polygon"},"properties":{"layer":"BldA","prefCode":"24","sourceId":0,"tile":"16/57674/26115","vt_code":3101,"vt_lvorder":0},"type":"Feature"},{"geometry":{"coordinates":[[[136.81642815470695,34.29226935186182],[136.8164201080799,34.292235004285516],[136.81637451052666,34.29224276019107],[136.8163798749447,34.29226381193111],[136.81642815470695,34.29226935186182]]],"type":"Polygon"},"properties":{"layer":"BldA","prefCode":"24","sourceId":0,"tile":"16/57674/26115","vt_code":3101,"vt_lvorder":0},"type":"Feature"},{"geometry":{"coordinates":[[[136.81618943810463,34.291902607660404],[136.81620687246323,34.291891527750245],[136.81619346141815,34.291877123864865],[136.81617602705956,34.291889311768045],[136.81618943810463,34.291902607660404]]],"type":"Polygon"},"properties":{"layer":"BldA","prefCode":"24","sourceId":0,"tile":"16/57674/26115","vt_code":3101,"vt_lvorder":0},"type":"Feature"},{"geometry":{"coordinates":[[[136.81621491909027,34.29188598779463],[136.81623369455338,34.29187379989097],[136.8162202835083,34.29185939600254],[136.8162001669407,34.291871583908296],[136.81621491909027,34.29188598779463]]],"type":"Polygon"},"properties":{"layer":"BldA","prefCode":"24","sourceId":0,"tile":"16/57674/26115","vt_code":3101,"vt_lvorder":0},"type":"Feature"},{"geometry":{"coordinates":[[[136.81769415736198,34.293190083270446],[136.81773707270622,34.293185651374486],[136.8177317082882,34.293147980249294],[136.81768879294395,34.29315241214726],[136.81769415736198,34.293190083270446]]],"type":"Polygon"},"properties":{"layer":"BldA","prefCode":"24","sourceId":0,"tile":"16/57674/26115","vt_code":3101,"vt_lvorder":0},"type":"Feature"},{"geometry":{"coordinates":[[[136.81750640273094,34.293052694386674],[136.81765660643578,34.293044938555894],[136.81765258312225,34.29299064772035],[136.8175010383129,34.29299840355615],[136.81750640273094,34.293052694386674]]],"type":"Polygon"},"properties":{"layer":"BldA","prefCode":"24","sourceId":0,"tile":"16/57674/26115","vt_code":3101,"vt_lvorder":0},"type":"Feature"},{"geometry":{"coordinates":[[[136.817786693573,34.2932144586941],[136.81784972548485,34.29320227098316],[136.81781083345413,34.29306931402166],[136.81782022118568,34.293067098070516],[136.81780144572258,34.29300172748556],[136.81771829724312,34.29301834713063],[136.81773573160172,34.29307928580106],[136.81774646043777,34.29307706985019],[136.817786693573,34.2932144586941]]],"type":"Polygon"},"properties":{"layer":"BldA","prefCode":"24","sourceId":0,"tile":"16/57674/26115","vt_code":3101,"vt_lvorder":0},"type":"Feature"},{"geometry":{"coordinates":[[[136.81762039661407,34.29255410380842],[136.8176244199276,34.292524188279636],[136.81758016347885,34.29251975634854],[136.81757614016533,34.2925496718789],[136.81762039661407,34.29255410380842]]],"type":"Polygon"},"properties":{"layer":"BldA","prefCode":"24","sourceId":0,"tile":"16/57674/26115","vt_code":3101,"vt_lvorder":0},"type":"Feature"},{"geometry":{"coordinates":[[[136.8177330493927,34.29243665759719],[136.81774109601974,34.29238679830693],[136.8175895512104,34.292369070552155],[136.81758150458336,34.292418929852936],[136.8177330493927,34.29243665759719]]],"type":"Polygon"},"properties":{"layer":"BldA","prefCode":"24","sourceId":0,"tile":"16/57674/26115","vt_code":3101,"vt_lvorder":0},"type":"Feature"},{"geometry":{"coordinates":[[[136.81693375110626,34.29179180849313],[136.8169404566288,34.29172532892263],[136.8169216811657,34.291724220929346],[136.81691899895668,34.291749704771256],[136.81688949465752,34.291747488785305],[136.816885471344,34.29178848451586],[136.81693375110626,34.29179180849313]]],"type":"Polygon"},"properties":{"layer":"BldA","prefCode":"24","sourceId":0,"tile":"16/57674/26115","vt_code":3101,"vt_lvorder":0},"type":"Feature"},{"geometry":{"coordinates":[[[136.81686401367188,34.29134639436635],[136.81695118546486,34.29131647840754],[136.81692570447922,34.29126440245383],[136.81688278913498,34.29127880644426],[136.81686401367188,34.29124335046338],[136.81681975722313,34.29125886245686],[136.81686401367188,34.29134639436635]]],"type":"Polygon"},"properties":{"layer":"BldA","prefCode":"24","sourceId":0,"tile":"16/57674/26115","vt_code":3101,"vt_lvorder":0},"type":"Feature"},{"geometry":{"coordinates":[[[136.81781217455864,34.29230813136657],[136.81781888008118,34.29224497616396],[136.81761100888252,34.29222835636591],[136.81760430335999,34.29229040359519],[136.81781217455864,34.29230813136657]]],"type":"Polygon"},"properties":{"layer":"BldA","prefCode":"24","sourceId":0,"tile":"16/57674/26115","vt_code":3101,"vt_lvorder":0},"type":"Feature"},{"geometry":{"coordinates":[[[136.8177169561386,34.29214193336304],[136.81781083345413,34.29213639342393],[136.81780815124512,34.29209982981662],[136.8177142739296,34.29210426176988],[136.8177169561386,34.29214193336304]]],"type":"Polygon"},"properties":{"layer":"BldA","prefCode":"24","sourceId":0,"tile":"16/57674/26115","vt_code":3101,"vt_lvorder":0},"type":"Feature"},{"geometry":{"coordinates":[[[136.81792482733727,34.29229261956682],[136.81797444820404,34.29227489179216],[136.81793823838234,34.29220508864311],[136.81791678071022,34.29221173656457],[136.81791946291924,34.29221949247226],[136.8178926408291,34.29222835636591],[136.81792482733727,34.29229261956682]]],"type":"Polygon"},"properties":{"layer":"BldA","prefCode":"24","sourceId":0,"tile":"16/57674/26115","vt_code":3101,"vt_lvorder":0},"type":"Feature"},{"geometry":{"coordinates":[[[136.81548669934273,34.2909541620607],[136.81554570794106,34.29094419002906],[136.81554034352303,34.29092313795838],[136.8154813349247,34.290933109992515],[136.81548669934273,34.2909541620607]]],"type":"Polygon"},"properties":{"layer":"BldA","prefCode":"24","sourceId":0,"tile":"16/57674/26115","vt_code":3101,"vt_lvorder":0},"type":"Feature"},{"geometry":{"coordinates":[[[136.81577637791634,34.29023728077053],[136.8158420920372,34.290219552562206],[136.8158259987831,34.29017855606614],[136.81576028466225,34.29019739229654],[136.81577637791634,34.29023728077053]]],"type":"Polygon"},"properties":{"layer":"BldA","prefCode":"24","sourceId":0,"tile":"16/57674/26115","vt_code":3101,"vt_lvorder":0},"type":"Feature"},{"geometry":{"coordinates":[[[136.8158420920372,34.29020514839019],[136.81590780615807,34.290188528188644],[136.815894395113,34.290150855719624],[136.81582868099213,34.2901663679148],[136.8158420920372,34.29020514839019]]],"type":"Polygon"},"properties":{"layer":"BldA","prefCode":"24","sourceId":0,"tile":"16/57674/26115","vt_code":3101,"vt_lvorder":0},"type":"Feature"},{"geometry":{"coordinates":[[[136.81613579392433,34.29036137812405],[136.81615859270096,34.290358054090184],[136.81615591049194,34.290340325907344],[136.81613311171532,34.2903425419304],[136.81613579392433,34.29036137812405]]],"type":"Polygon"},"properties":{"layer":"BldA","prefCode":"24","sourceId":0,"tile":"16/57674/26115","vt_code":3111,"vt_lvorder":0},"type":"Feature"},{"geometry":{"coordinates":[[[136.81651532649994,34.29098407814851],[136.81660786271095,34.29097632212677],[136.81659579277039,34.29087992579678],[136.81650325655937,34.29088768182742],[136.81651532649994,34.29098407814851]]],"type":"Polygon"},"properties":{"layer":"BldA","prefCode":"24","sourceId":0,"tile":"16/57674/26115","vt_code":3101,"vt_lvorder":0},"type":"Feature"},{"geometry":{"coordinates":[[[136.81642949581146,34.29028492531186],[136.81642949581146,34.290266089101074],[136.81640535593033,34.290266089101074],[136.81640535593033,34.29028492531186],[136.81642949581146,34.29028492531186]]],"type":"Polygon"},"properties":{"layer":"BldA","prefCode":"24","sourceId":0,"tile":"16/57674/26115","vt_code":3111,"vt_lvorder":0},"type":"Feature"},{"geometry":{"coordinates":[[[136.81574016809464,34.2899214964997],[136.8157884478569,34.28991595641418],[136.8157683312893,34.28979961453388],[136.81572005152702,34.28980515462707],[136.81574016809464,34.2899214964997]]],"type":"Polygon"},"properties":{"layer":"BldA","prefCode":"24","sourceId":0,"tile":"16/57674/26115","vt_code":3101,"vt_lvorder":0},"type":"Feature"},{"geometry":{"coordinates":[[[136.81547597050667,34.28976526594794],[136.81568250060081,34.28972759328915],[136.81566908955574,34.28967773239126],[136.81552693247795,34.28970321685388],[136.8155014514923,34.289604603020834],[136.8154799938202,34.289607927084504],[136.81548938155174,34.289641167714],[136.815445125103,34.28964892385899],[136.81547597050667,34.28976526594794]]],"type":"Polygon"},"properties":{"layer":"BldA","prefCode":"24","sourceId":0,"tile":"16/57674/26115","vt_code":3101,"vt_lvorder":0},"type":"Feature"},{"geometry":{"coordinates":[[[136.8158394098282,34.29013866756427],[136.8159118294716,34.29012093933514],[136.81589171290398,34.29006443057983],[136.81581929326057,34.29008215882089],[136.8158394098282,34.29013866756427]]],"type":"Polygon"},"properties":{"layer":"BldA","prefCode":"24","sourceId":0,"tile":"16/57674/26115","vt_code":3101,"vt_lvorder":0},"type":"Feature"},{"geometry":{"coordinates":[[[136.81561678647995,34.28963673563083],[136.81567177176476,34.28962897948471],[136.81567043066025,34.2896223313589],[136.81568518280983,34.28962011531684],[136.8156597018242,34.289500448959124],[136.81565031409264,34.28950155698174],[136.8156234920025,34.28937745835832],[136.81563824415207,34.28937524230981],[136.81563019752502,34.289340893550396],[136.8155886232853,34.28934754169847],[136.81559666991234,34.289381890455175],[136.81552425026894,34.28939297069628],[136.815534979105,34.28944283176315],[136.81555777788162,34.28943950769294],[136.81558057665825,34.289549201940254],[136.81549474596977,34.28956249820291],[136.8155014514923,34.28959130676482],[136.81551083922386,34.2895901987434],[136.8155202269554,34.28963230354743],[136.81561276316643,34.2896190072958],[136.81561678647995,34.28963673563083]]],"type":"Polygon"},"properties":{"layer":"BldA","prefCode":"24","sourceId":0,"tile":"16/57674/26115","vt_code":3101,"vt_lvorder":0},"type":"Feature"},{"geometry":{"coordinates":[[[136.81660652160645,34.289773022081484],[136.81662932038307,34.28973202536754],[136.81660115718842,34.28972205319085],[136.8165796995163,34.28976304990965],[136.81660652160645,34.289773022081484]]],"type":"Polygon"},"properties":{"layer":"BldA","prefCode":"24","sourceId":0,"tile":"16/57674/26115","vt_code":3101,"vt_lvorder":0},"type":"Feature"},{"geometry":{"coordinates":[[[136.8165273964405,34.28951817731917],[136.8165823817253,34.289507097094585],[136.8165609240532,34.289432859552136],[136.8165059387684,34.289443939786516],[136.8165273964405,34.28951817731917]]],"type":"Polygon"},"properties":{"layer":"BldA","prefCode":"24","sourceId":0,"tile":"16/57674/26115","vt_code":3101,"vt_lvorder":0},"type":"Feature"},{"geometry":{"coordinates":[[[136.81660383939743,34.289497124891206],[136.81663736701012,34.28949490884584],[136.8166360259056,34.28947607245795],[136.81660249829292,34.289477180480894],[136.81660383939743,34.289497124891206]]],"type":"Polygon"},"properties":{"layer":"BldA","prefCode":"24","sourceId":0,"tile":"16/57674/26115","vt_code":3101,"vt_lvorder":0},"type":"Feature"},{"geometry":{"coordinates":[[[136.81653007864952,34.28937967440678],[136.81655555963516,34.289376350334074],[136.81655287742615,34.28936305404194],[136.8165273964405,34.28936748613956],[136.81653007864952,34.28937967440678]]],"type":"Polygon"},"properties":{"layer":"BldA","prefCode":"24","sourceId":0,"tile":"16/57674/26115","vt_code":3101,"vt_lvorder":0},"type":"Feature"},{"geometry":{"coordinates":[[[136.8166333436966,34.28937856638255],[136.81664004921913,34.28936305404194],[136.81661322712898,34.28935529787057],[136.81660652160645,34.289369702188274],[136.8166333436966,34.28937856638255]]],"type":"Polygon"},"properties":{"layer":"BldA","prefCode":"24","sourceId":0,"tile":"16/57674/26115","vt_code":3101,"vt_lvorder":0},"type":"Feature"},{"geometry":{"coordinates":[[[136.81682378053665,34.28949269280043],[136.81684523820877,34.28945502001944],[136.8168130517006,34.289441723739756],[136.81679159402847,34.2894805045496],[136.81682378053665,34.28949269280043]]],"type":"Polygon"},"properties":{"layer":"BldA","prefCode":"24","sourceId":0,"tile":"16/57674/26115","vt_code":3101,"vt_lvorder":0},"type":"Feature"},{"geometry":{"coordinates":[[[136.8167258799076,34.28936416206638],[136.8167433142662,34.28933646145138],[136.81671649217606,34.2893242731779],[136.81669905781746,34.289351973796904],[136.8167258799076,34.28936416206638]]],"type":"Polygon"},"properties":{"layer":"BldA","prefCode":"24","sourceId":0,"tile":"16/57674/26115","vt_code":3101,"vt_lvorder":0},"type":"Feature"},{"geometry":{"coordinates":[[[136.8168666958809,34.28945169594971],[136.816888153553,34.28941291512657],[136.81687340140343,34.28940737500752],[136.81688010692596,34.289395186744315],[136.81688949465752,34.28939851081628],[136.81690156459808,34.289376350334074],[136.81684523820877,34.28935640589509],[136.8168331682682,34.28937745835832],[136.81682243943214,34.289373026261245],[136.81682914495468,34.28935972996859],[136.8167768418789,34.28933978552566],[136.81676611304283,34.28935972996859],[136.81674867868423,34.28935418984602],[136.81673258543015,34.289381890455175],[136.81675001978874,34.28938853860001],[136.8167406320572,34.2894051589598],[136.8168666958809,34.28945169594971]]],"type":"Polygon"},"properties":{"layer":"BldA","prefCode":"24","sourceId":0,"tile":"16/57674/26115","vt_code":3101,"vt_lvorder":0},"type":"Feature"},{"geometry":{"coordinates":[[[136.81745409965515,34.29053976774863],[136.81747287511826,34.290530903676846],[136.8174648284912,34.290519823585804],[136.81746885180473,34.290517607567416],[136.81745544075966,34.29049987941825],[136.81745141744614,34.2905020954371],[136.81744873523712,34.2904987714088],[136.81743130087852,34.29050763548397],[136.81745409965515,34.29053976774863]]],"type":"Polygon"},"properties":{"layer":"BldA","prefCode":"24","sourceId":0,"tile":"16/57674/26115","vt_code":3101,"vt_lvorder":0},"type":"Feature"},{"geometry":{"coordinates":[[[136.81738704442978,34.290463315098755],[136.81740045547485,34.29045445101891],[136.81738168001175,34.290435614846125],[136.81736826896667,34.29044447892796],[136.81738704442978,34.290463315098755]]],"type":"Polygon"},"properties":{"layer":"BldA","prefCode":"24","sourceId":0,"tile":"16/57674/26115","vt_code":3101,"vt_lvorder":0},"type":"Feature"},{"geometry":{"coordinates":[[[136.81719928979874,34.28982066688606],[136.8172287940979,34.289743105562465],[136.81716173887253,34.28972537724988],[136.81715101003647,34.28975196971736],[136.81717112660408,34.28975750981369],[136.81715235114098,34.289808478682815],[136.81719928979874,34.28982066688606]]],"type":"Polygon"},"properties":{"layer":"BldA","prefCode":"24","sourceId":0,"tile":"16/57674/26115","vt_code":3101,"vt_lvorder":0},"type":"Feature"},{"geometry":{"coordinates":[[[136.81730657815933,34.289891580033554],[136.8173199892044,34.289832855087546],[136.81722074747086,34.28981734283081],[136.81721672415733,34.28983396310577],[136.81716710329056,34.289826206977864],[136.817157715559,34.289869419681395],[136.81730657815933,34.289891580033554]]],"type":"Polygon"},"properties":{"layer":"BldA","prefCode":"24","sourceId":0,"tile":"16/57674/26115","vt_code":3101,"vt_lvorder":0},"type":"Feature"},{"geometry":{"coordinates":[[[136.81736692786217,34.28990487624205],[136.8173749744892,34.28985723148521],[136.81732401251793,34.289851691395455],[136.81731596589088,34.289898228138064],[136.81736692786217,34.28990487624205]]],"type":"Polygon"},"properties":{"layer":"BldA","prefCode":"24","sourceId":0,"tile":"16/57674/26115","vt_code":3101,"vt_lvorder":0},"type":"Feature"},{"geometry":{"coordinates":[[[136.81727975606918,34.28978853434641],[136.81728914380074,34.289758617832916],[136.81723281741142,34.28974532160127],[136.8172274529934,34.2897619418905],[136.81724354624748,34.28978077821429],[136.81727975606918,34.28978853434641]]],"type":"Polygon"},"properties":{"layer":"BldA","prefCode":"24","sourceId":0,"tile":"16/57674/26115","vt_code":3101,"vt_lvorder":0},"type":"Feature"},{"geometry":{"coordinates":[[[136.8173360824585,34.28982953103277],[136.81734547019005,34.28978742632757],[136.81729316711426,34.28977856217642],[136.8172837793827,34.28982066688606],[136.8173360824585,34.28982953103277]]],"type":"Polygon"},"properties":{"layer":"BldA","prefCode":"24","sourceId":0,"tile":"16/57674/26115","vt_code":3101,"vt_lvorder":0},"type":"Feature"},{"geometry":{"coordinates":[[[136.8173709511757,34.2898539074314],[136.81737765669823,34.289819558867656],[136.81734010577202,34.28981512679389],[136.817334741354,34.28984836734143],[136.8173709511757,34.2898539074314]]],"type":"Polygon"},"properties":{"layer":"BldA","prefCode":"24","sourceId":0,"tile":"16/57674/26115","vt_code":3101,"vt_lvorder":0},"type":"Feature"},{"geometry":{"coordinates":[[[136.81797713041306,34.28920682245186],[136.8180026113987,34.2891846619191],[136.8179650604725,34.289155853217785],[136.81793957948685,34.28917801375814],[136.81797713041306,34.28920682245186]]],"type":"Polygon"},"properties":{"layer":"BldA","prefCode":"24","sourceId":0,"tile":"16/57674/26115","vt_code":3101,"vt_lvorder":0},"type":"Feature"},{"geometry":{"coordinates":[[[136.81822523474693,34.28922565890011],[136.8182373046875,34.28920571442536],[136.8182560801506,34.2891724736236],[136.8182373046875,34.289165825461666],[136.81812196969986,34.28911818028576],[136.81808978319168,34.28917025756967],[136.81822523474693,34.28922565890011]]],"type":"Polygon"},"properties":{"layer":"BldA","prefCode":"24","sourceId":0,"tile":"16/57674/26115","vt_code":3101,"vt_lvorder":0},"type":"Feature"},{"geometry":{"coordinates":[[[136.81824803352356,34.28909712775758],[136.81828424334526,34.28905613071386],[136.8182373046875,34.28902842999732],[136.8181809782982,34.288994081096135],[136.81814208626747,34.28903729422761],[136.81817829608917,34.28905945479923],[136.81817159056664,34.28906610296958],[136.81821048259735,34.28909047958969],[136.8182198703289,34.28908050733686],[136.8182373046875,34.289091587617705],[136.81824803352356,34.28909712775758]]],"type":"Polygon"},"properties":{"layer":"BldA","prefCode":"24","sourceId":0,"tile":"16/57674/26115","vt_code":3101,"vt_lvorder":0},"type":"Feature"},{"geometry":{"coordinates":[[[136.8182373046875,34.28966443614683],[136.81825205683708,34.28965889604436],[136.81824266910553,34.28963562761],[136.8182373046875,34.28963784365164],[136.81822389364243,34.289641167714],[136.81823462247849,34.28966443614683],[136.8182373046875,34.28966443614683]]],"type":"Polygon"},"properties":{"layer":"BldA","prefCode":"24","sourceId":0,"tile":"16/57674/26115","vt_code":3101,"vt_lvorder":0},"type":"Feature"},{"geometry":{"coordinates":[[[136.8183445930481,34.28927219598944],[136.8183445930481,34.28919574218621],[136.81828692555428,34.28918244586551],[136.81828290224075,34.289194634159564],[136.8182547390461,34.28918909402613],[136.81824132800102,34.289232307057304],[136.81826949119568,34.2892378471879],[136.81826546788216,34.28925446757749],[136.8183445930481,34.28927219598944]]],"type":"Polygon"},"properties":{"layer":"BldA","prefCode":"24","sourceId":0,"tile":"16/57674/26115","vt_code":3101,"vt_lvorder":0},"type":"Feature"},{"geometry":{"coordinates":[[[136.8183445930481,34.28913369267158],[136.8183445930481,34.28910045184132],[136.81833520531654,34.289131476616646],[136.8183445930481,34.28913369267158]]],"type":"Polygon"},"properties":{"layer":"BldA","prefCode":"24","sourceId":0,"tile":"16/57674/26115","vt_code":3101,"vt_lvorder":0},"type":"Feature"},{"geometry":{"coordinates":[[[136.8129627406597,34.2889674883888],[136.81298419833183,34.28896638035915],[136.81298151612282,34.28894311173302],[136.8129600584507,34.288944219762975],[136.8129627406597,34.2889674883888]]],"type":"Polygon"},"properties":{"layer":"BldA","prefCode":"24","sourceId":0,"tile":"16/57674/26115","vt_code":3101,"vt_lvorder":0},"type":"Feature"},{"geometry":{"coordinates":[[[136.81358233094215,34.28906610296958],[136.81358769536018,34.28901402562112],[136.81359976530075,34.28901513365014],[136.81360110640526,34.28899186503752],[136.81360512971878,34.28895530006179],[136.81359708309174,34.28895419203197],[136.81359976530075,34.28892316719121],[136.81350857019424,34.28891651900955],[136.8135005235672,34.28899186503752],[136.81349650025368,34.289041726342404],[136.81352466344833,34.28904283437106],[136.81352198123932,34.28906167085607],[136.81358233094215,34.28906610296958]]],"type":"Polygon"},"properties":{"layer":"BldA","prefCode":"24","sourceId":0,"tile":"16/57674/26115","vt_code":3101,"vt_lvorder":0},"type":"Feature"},{"geometry":{"coordinates":[[[136.81357964873314,34.28891319491852],[136.81358098983765,34.28890322264466],[136.8135166168213,34.28890322264466],[136.8135166168213,34.288907654766525],[136.81357964873314,34.28891319491852]]],"type":"Polygon"},"properties":{"layer":"BldA","prefCode":"24","sourceId":0,"tile":"16/57674/26115","vt_code":3101,"vt_lvorder":0},"type":"Feature"},{"geometry":{"coordinates":[[[136.8154987692833,34.288904330675145],[136.8155175447464,34.28890322264466],[136.8154974281788,34.28890322264466],[136.8154987692833,34.288904330675145]]],"type":"Polygon"},"properties":{"layer":"BldA","prefCode":"24","sourceId":0,"tile":"16/57674/26115","vt_code":3111,"vt_lvorder":0},"type":"Feature"},{"geometry":{"coordinates":[[[136.81815147399902,34.288937571582984],[136.8182198703289,34.28890876279695],[136.81821584701538,34.28890322264466],[136.8181300163269,34.28890322264466],[136.81815147399902,34.288937571582984]]],"type":"Polygon"},"properties":{"layer":"BldA","prefCode":"24","sourceId":0,"tile":"16/57674/26115","vt_code":3101,"vt_lvorder":0},"type":"Feature"},{"geometry":{"coordinates":[[[136.81288227438927,34.28908050733686],[136.81293055415154,34.28904948254272],[136.8128903210163,34.28900848547576],[136.81284338235855,34.28904061831373],[136.81288227438927,34.28908050733686]]],"type":"Polygon"},"properties":{"layer":"BldA","prefCode":"24","sourceId":0,"tile":"16/57674/26116","vt_code":3101,"vt_lvorder":0},"type":"Feature"},{"geometry":{"coordinates":[[[136.81301772594452,34.28908050733686],[136.81302845478058,34.289076075224116],[136.81301772594452,34.28906056282766],[136.81298285722733,34.28907718325232],[136.81298419833183,34.28908050733686],[136.81301772594452,34.28908050733686]]],"type":"Polygon"},"properties":{"layer":"BldA","prefCode":"24","sourceId":0,"tile":"16/57674/26116","vt_code":3101,"vt_lvorder":0},"type":"Feature"},{"geometry":{"coordinates":[[[136.81826144456863,34.28908050733686],[136.81828424334526,34.28905613071386],[136.8181809782982,34.288994081096135],[136.81814208626747,34.28903729422761],[136.81817829608917,34.28905945479923],[136.81817159056664,34.28906610296958],[136.81819438934326,34.28908050733686],[136.81826144456863,34.28908050733686]]],"type":"Polygon"},"properties":{"layer":"BldA","prefCode":"24","sourceId":0,"tile":"16/57674/26116","vt_code":3101,"vt_lvorder":0},"type":"Feature"},{"geometry":{"coordinates":[[[136.81318402290344,34.28836361006087],[136.81327790021896,34.28832039658295],[136.81318268179893,34.28818299973623],[136.81312501430511,34.288210700731476],[136.81313440203667,34.28822510524539],[136.81310087442398,34.2882417258353],[136.81318402290344,34.28836361006087]]],"type":"Polygon"},"properties":{"layer":"BldA","prefCode":"24","sourceId":0,"tile":"16/57674/26116","vt_code":3111,"vt_lvorder":0},"type":"Feature"},{"geometry":{"coordinates":[[[136.81357964873314,34.28891319491852],[136.81358233094215,34.28889435840023],[136.8135192990303,34.28888881824698],[136.8135166168213,34.288907654766525],[136.81357964873314,34.28891319491852]]],"type":"Polygon"},"properties":{"layer":"BldA","prefCode":"24","sourceId":0,"tile":"16/57674/26116","vt_code":3101,"vt_lvorder":0},"type":"Feature"},{"geometry":{"coordinates":[[[136.81385189294815,34.28843895658462],[136.81387603282928,34.28839241903382],[136.81381165981293,34.28836915024875],[136.8137875199318,34.28841679584936],[136.81385189294815,34.28843895658462]]],"type":"Polygon"},"properties":{"layer":"BldA","prefCode":"24","sourceId":0,"tile":"16/57674/26116","vt_code":3101,"vt_lvorder":0},"type":"Feature"},{"geometry":{"coordinates":[[[136.8139524757862,34.28840349940539],[136.81399136781693,34.28837469043626],[136.81391760706902,34.28830488404698],[136.8138787150383,34.28833369304006],[136.8139524757862,34.28840349940539]]],"type":"Polygon"},"properties":{"layer":"BldA","prefCode":"24","sourceId":0,"tile":"16/57674/26116","vt_code":3101,"vt_lvorder":0},"type":"Feature"},{"geometry":{"coordinates":[[[136.81388542056084,34.28826388661673],[136.81391224265099,34.28824061779607],[136.81387469172478,34.288210700731476],[136.81384786963463,34.288233969560416],[136.81388542056084,34.28826388661673]]],"type":"Polygon"},"properties":{"layer":"BldA","prefCode":"24","sourceId":0,"tile":"16/57674/26116","vt_code":3101,"vt_lvorder":0},"type":"Feature"},{"geometry":{"coordinates":[[[136.8138948082924,34.28820405249344],[136.8139511346817,34.28816194697373],[136.81392297148705,34.28813646204366],[136.81386664509773,34.28817745953608],[136.8138948082924,34.28820405249344]]],"type":"Polygon"},"properties":{"layer":"BldA","prefCode":"24","sourceId":0,"tile":"16/57674/26116","vt_code":3101,"vt_lvorder":0},"type":"Feature"},{"geometry":{"coordinates":[[[136.81392431259155,34.28824948210947],[136.81399002671242,34.28820294445372],[136.81396588683128,34.28817967561618],[136.81390017271042,34.28822732132423],[136.81392431259155,34.28824948210947]]],"type":"Polygon"},"properties":{"layer":"BldA","prefCode":"24","sourceId":0,"tile":"16/57674/26116","vt_code":3101,"vt_lvorder":0},"type":"Feature"},{"geometry":{"coordinates":[[[136.81393772363663,34.28808992432533],[136.81395784020424,34.28804117049752],[136.8139135837555,34.288028982036145],[136.81389346718788,34.28807662782963],[136.81393772363663,34.28808992432533]]],"type":"Polygon"},"properties":{"layer":"BldA","prefCode":"24","sourceId":0,"tile":"16/57674/26116","vt_code":3101,"vt_lvorder":0},"type":"Feature"},{"geometry":{"coordinates":[[[136.8139484524727,34.288017901615184],[136.81396186351776,34.287984660343525],[136.81391492486,34.28797136383118],[136.81390151381493,34.2880046051081],[136.8139484524727,34.288017901615184]]],"type":"Polygon"},"properties":{"layer":"BldA","prefCode":"24","sourceId":0,"tile":"16/57674/26116","vt_code":3101,"vt_lvorder":0},"type":"Feature"},{"geometry":{"coordinates":[[[136.81406378746033,34.28795806731674],[136.814097315073,34.2878539112141],[136.81404501199722,34.28784283077006],[136.8140235543251,34.2879070973252],[136.814004778862,34.28790377319424],[136.81399270892143,34.287938122541114],[136.81399941444397,34.287940338627536],[136.81399673223495,34.28795141905872],[136.81402891874313,34.28795806731674],[136.81403025984764,34.28795031101568],[136.81406378746033,34.28795806731674]]],"type":"Polygon"},"properties":{"layer":"BldA","prefCode":"24","sourceId":0,"tile":"16/57674/26116","vt_code":3101,"vt_lvorder":0},"type":"Feature"},{"geometry":{"coordinates":[[[136.81327655911446,34.28772648601934],[136.81328058242798,34.287662219326066],[136.81323900818825,34.287660003232325],[136.81323498487473,34.28772426992729],[136.81327655911446,34.28772648601934]]],"type":"Polygon"},"properties":{"layer":"BldA","prefCode":"24","sourceId":0,"tile":"16/57674/26116","vt_code":3101,"vt_lvorder":0},"type":"Feature"},{"geometry":{"coordinates":[[[136.81328997015953,34.287638950338795],[136.81329935789108,34.287565819194],[136.8132497370243,34.28756138700136],[136.81324169039726,34.287626761819084],[136.8132497370243,34.287627869866405],[136.8132497370243,34.287635626197236],[136.81328997015953,34.287638950338795]]],"type":"Polygon"},"properties":{"layer":"BldA","prefCode":"24","sourceId":0,"tile":"16/57674/26116","vt_code":3101,"vt_lvorder":0},"type":"Feature"},{"geometry":{"coordinates":[[[136.81347370147705,34.287727594065345],[136.8134817481041,34.287671083700474],[136.81343480944633,34.28766554346658],[136.81342542171478,34.287722053835175],[136.81347370147705,34.287727594065345]]],"type":"Polygon"},"properties":{"layer":"BldA","prefCode":"24","sourceId":0,"tile":"16/57674/26116","vt_code":3101,"vt_lvorder":0},"type":"Feature"},{"geometry":{"coordinates":[[[136.81353271007538,34.287737566478725],[136.81354880332947,34.287682164167165],[136.81349650025368,34.287672191747205],[136.8134804069996,34.287727594065345],[136.81353271007538,34.287737566478725]]],"type":"Polygon"},"properties":{"layer":"BldA","prefCode":"24","sourceId":0,"tile":"16/57674/26116","vt_code":3101,"vt_lvorder":0},"type":"Feature"},{"geometry":{"coordinates":[[[136.81359976530075,34.28768659635344],[136.8136064708233,34.287655571044645],[136.8135702610016,34.28765003080973],[136.81356489658356,34.287682164167165],[136.81359976530075,34.28768659635344]]],"type":"Polygon"},"properties":{"layer":"BldA","prefCode":"24","sourceId":0,"tile":"16/57674/26116","vt_code":3101,"vt_lvorder":0},"type":"Feature"},{"geometry":{"coordinates":[[[136.81355953216553,34.287642274480234],[136.8135702610016,34.28759130429714],[136.81352600455284,34.28758576405798],[136.81351527571678,34.28763673424444],[136.81355953216553,34.287642274480234]]],"type":"Polygon"},"properties":{"layer":"BldA","prefCode":"24","sourceId":0,"tile":"16/57674/26116","vt_code":3101,"vt_lvorder":0},"type":"Feature"},{"geometry":{"coordinates":[[[136.81413486599922,34.288528707502685],[136.8141657114029,34.28849879054065],[136.81414291262627,34.288483278037624],[136.8141134083271,34.288514303040806],[136.81413486599922,34.288528707502685]]],"type":"Polygon"},"properties":{"layer":"BldA","prefCode":"24","sourceId":0,"tile":"16/57674/26116","vt_code":3101,"vt_lvorder":0},"type":"Feature"},{"geometry":{"coordinates":[[[136.81419521570206,34.288559732489105],[136.8142220377922,34.28852649143179],[136.81417107582092,34.288497682504804],[136.81414291262627,34.28853092357352],[136.81419521570206,34.288559732489105]]],"type":"Polygon"},"properties":{"layer":"BldA","prefCode":"24","sourceId":0,"tile":"16/57674/26116","vt_code":3101,"vt_lvorder":0},"type":"Feature"},{"geometry":{"coordinates":[[[136.8141308426857,34.28848549410966],[136.8141509592533,34.28846000927771],[136.81412681937218,34.28844782087709],[136.81410804390907,34.28847219767656],[136.8141308426857,34.28848549410966]]],"type":"Polygon"},"properties":{"layer":"BldA","prefCode":"24","sourceId":0,"tile":"16/57674/26116","vt_code":3101,"vt_lvorder":0},"type":"Feature"},{"geometry":{"coordinates":[[[136.81417912244797,34.28847552178504],[136.81423410773277,34.288413471738565],[136.81423008441925,34.28841014762764],[136.81424483656883,34.28839241903382],[136.81422472000122,34.28838023062339],[136.8142193555832,34.28838798688477],[136.8142046034336,34.28837912258599],[136.81419521570206,34.28838909492205],[136.81418985128403,34.288385770810166],[136.81413486599922,34.28844782087709],[136.81417912244797,34.28847552178504]]],"type":"Polygon"},"properties":{"layer":"BldA","prefCode":"24","sourceId":0,"tile":"16/57674/26116","vt_code":3101,"vt_lvorder":0},"type":"Feature"},{"geometry":{"coordinates":[[[136.81424751877785,34.28857192087348],[136.81429713964462,34.28851762714762],[136.8142555654049,34.28849214232542],[136.81420728564262,34.28854754410295],[136.81424751877785,34.28857192087348]]],"type":"Polygon"},"properties":{"layer":"BldA","prefCode":"24","sourceId":0,"tile":"16/57674/26116","vt_code":3101,"vt_lvorder":0},"type":"Feature"},{"geometry":{"coordinates":[[[136.8142555654049,34.28845890124136],[136.8142917752266,34.28842122799687],[136.81427031755447,34.28840682351658],[136.81423410773277,34.288444496767525],[136.8142555654049,34.28845890124136]]],"type":"Polygon"},"properties":{"layer":"BldA","prefCode":"24","sourceId":0,"tile":"16/57674/26116","vt_code":3101,"vt_lvorder":0},"type":"Feature"},{"geometry":{"coordinates":[[[136.81473568081856,34.28854532803255],[136.81477323174477,34.28851541107643],[136.8147423863411,34.2884888182176],[136.8147048354149,34.28851873518319],[136.81473568081856,34.28854532803255]]],"type":"Polygon"},"properties":{"layer":"BldA","prefCode":"24","sourceId":0,"tile":"16/57674/26116","vt_code":3101,"vt_lvorder":0},"type":"Feature"},{"geometry":{"coordinates":[[[136.81414291262627,34.28780294115939],[136.81416973471642,34.28771651360464],[136.81412413716316,34.28770654118875],[136.814097315073,34.287792968753756],[136.81414291262627,34.28780294115939]]],"type":"Polygon"},"properties":{"layer":"BldA","prefCode":"24","sourceId":0,"tile":"16/57674/26116","vt_code":3101,"vt_lvorder":0},"type":"Feature"},{"geometry":{"coordinates":[[[136.8154987692833,34.288904330675145],[136.815537661314,34.28890211461415],[136.815534979105,34.288881062031834],[136.8154974281788,34.288882170062614],[136.8154987692833,34.288904330675145]]],"type":"Polygon"},"properties":{"layer":"BldA","prefCode":"24","sourceId":0,"tile":"16/57674/26116","vt_code":3111,"vt_lvorder":0},"type":"Feature"},{"geometry":{"coordinates":[[[136.81550547480583,34.288742558069266],[136.81561276316643,34.28872593757841],[136.81560337543488,34.28868383232021],[136.81549608707428,34.28870045281939],[136.81550547480583,34.288742558069266]]],"type":"Polygon"},"properties":{"layer":"BldA","prefCode":"24","sourceId":0,"tile":"16/57674/26116","vt_code":3101,"vt_lvorder":0},"type":"Feature"},{"geometry":{"coordinates":[[[136.81547731161118,34.28869269658685],[136.81554168462753,34.28868494035359],[136.81552961468697,34.28861735029063],[136.8154652416706,34.28862510653011],[136.81547731161118,34.28869269658685]]],"type":"Polygon"},"properties":{"layer":"BldA","prefCode":"24","sourceId":0,"tile":"16/57674/26116","vt_code":3101,"vt_lvorder":0},"type":"Feature"},{"geometry":{"coordinates":[[[136.81548938155174,34.28859629763695],[136.81554436683655,34.28858964942944],[136.81552425026894,34.288471089640375],[136.81546926498413,34.28847662982116],[136.81548938155174,34.28859629763695]]],"type":"Polygon"},"properties":{"layer":"BldA","prefCode":"24","sourceId":0,"tile":"16/57674/26116","vt_code":3101,"vt_lvorder":0},"type":"Feature"},{"geometry":{"coordinates":[[[136.81659311056137,34.28857746104762],[136.8166534602642,34.28854643606775],[136.81662932038307,34.28851208696953],[136.81656762957573,34.28854421999733],[136.81659311056137,34.28857746104762]]],"type":"Polygon"},"properties":{"layer":"BldA","prefCode":"24","sourceId":0,"tile":"16/57674/26116","vt_code":3101,"vt_lvorder":0},"type":"Feature"},{"geometry":{"coordinates":[[[136.81666150689125,34.28854865213812],[136.81672051548958,34.28851762714762],[136.81668564677238,34.288473305712735],[136.81666553020477,34.288483278037624],[136.81662663817406,34.288504330719604],[136.81666150689125,34.28854865213812]]],"type":"Polygon"},"properties":{"layer":"BldA","prefCode":"24","sourceId":0,"tile":"16/57674/26116","vt_code":3101,"vt_lvorder":0},"type":"Feature"},{"geometry":{"coordinates":[[[136.81680902838707,34.28854089589157],[136.81684523820877,34.288524275360835],[136.81684657931328,34.28852649143179],[136.81691095232964,34.28849103428949],[136.81688144803047,34.28845336105941],[136.8168130517006,34.28849103428949],[136.8168157339096,34.288494358397216],[136.81678622961044,34.28851097893387],[136.81680902838707,34.28854089589157]]],"type":"Polygon"},"properties":{"layer":"BldA","prefCode":"24","sourceId":0,"tile":"16/57674/26116","vt_code":3101,"vt_lvorder":0},"type":"Feature"},{"geometry":{"coordinates":[[[136.8163114786148,34.288283831315034],[136.81631281971931,34.28824061779607],[136.81624978780746,34.28823950975683],[136.81624710559845,34.28828272327637],[136.8163114786148,34.288283831315034]]],"type":"Polygon"},"properties":{"layer":"BldA","prefCode":"24","sourceId":0,"tile":"16/57674/26116","vt_code":3101,"vt_lvorder":0},"type":"Feature"},{"geometry":{"coordinates":[[[136.81644022464752,34.28832261265927],[136.81644156575203,34.28830045189333],[136.81640401482582,34.28829823581641],[136.8164026737213,34.288321504621116],[136.81644022464752,34.28832261265927]]],"type":"Polygon"},"properties":{"layer":"BldA","prefCode":"24","sourceId":0,"tile":"16/57674/26116","vt_code":3101,"vt_lvorder":0},"type":"Feature"},{"geometry":{"coordinates":[[[136.81644693017006,34.28831818050656],[136.81647777557373,34.28831707246834],[136.81647777557373,34.28825723838292],[136.81644693017006,34.28825723838292],[136.81644693017006,34.28831818050656]]],"type":"Polygon"},"properties":{"layer":"BldA","prefCode":"24","sourceId":0,"tile":"16/57674/26116","vt_code":3101,"vt_lvorder":0},"type":"Feature"},{"geometry":{"coordinates":[[[136.8165099620819,34.28829823581641],[136.81651130318642,34.28826167053886],[136.81648313999176,34.28826056249989],[136.81648179888725,34.28829712777793],[136.8165099620819,34.28829823581641]]],"type":"Polygon"},"properties":{"layer":"BldA","prefCode":"24","sourceId":0,"tile":"16/57674/26116","vt_code":3101,"vt_lvorder":0},"type":"Feature"},{"geometry":{"coordinates":[[[136.81815147399902,34.288937571582984],[136.8182198703289,34.28890876279695],[136.8180938065052,34.28869823675303],[136.81802541017532,34.28872704561124],[136.81815147399902,34.288937571582984]]],"type":"Polygon"},"properties":{"layer":"BldA","prefCode":"24","sourceId":0,"tile":"16/57674/26116","vt_code":3101,"vt_lvorder":0},"type":"Feature"},{"geometry":{"coordinates":[[[136.81797310709953,34.28847995392945],[136.81802406907082,34.288462225350365],[136.81799992918968,34.288413471738565],[136.8179489672184,34.28843120032794],[136.81797310709953,34.28847995392945]]],"type":"Polygon"},"properties":{"layer":"BldA","prefCode":"24","sourceId":0,"tile":"16/57674/26116","vt_code":3101,"vt_lvorder":0},"type":"Feature"},{"geometry":{"coordinates":[[[136.81822523474693,34.28922565890011],[136.8182373046875,34.28920571442536],[136.8182560801506,34.2891724736236],[136.8182373046875,34.289165825461666],[136.8181300163269,34.28912150436868],[136.8181300163269,34.28918687797263],[136.81822523474693,34.28922565890011]]],"type":"Polygon"},"properties":{"layer":"BldA","prefCode":"24","sourceId":0,"tile":"16/57675/26115","vt_code":3101,"vt_lvorder":0},"type":"Feature"},{"geometry":{"coordinates":[[[136.81934237480164,34.292479868958154],[136.81936517357826,34.292448845419194],[136.81932896375656,34.29243111767751],[136.81930616497993,34.292462141223005],[136.81934237480164,34.292479868958154]]],"type":"Polygon"},"properties":{"layer":"BldA","prefCode":"24","sourceId":0,"tile":"16/57675/26115","vt_code":3101,"vt_lvorder":0},"type":"Feature"},{"geometry":{"coordinates":[[[136.81887432932854,34.2922560560275],[136.81889176368713,34.29217517299005],[136.8188340961933,34.29216741707826],[136.81881934404373,34.29223611227207],[136.8188501894474,34.29224054421813],[136.8188475072384,34.29225273206859],[136.81887432932854,34.2922560560275]]],"type":"Polygon"},"properties":{"layer":"BldA","prefCode":"24","sourceId":0,"tile":"16/57675/26115","vt_code":3101,"vt_lvorder":0},"type":"Feature"},{"geometry":{"coordinates":[[[136.81898161768913,34.29217738896472],[136.81898966431618,34.292109801711106],[136.81884616613388,34.292098721828275],[136.81883946061134,34.2921663090908],[136.81898161768913,34.29217738896472]]],"type":"Polygon"},"properties":{"layer":"BldA","prefCode":"24","sourceId":0,"tile":"16/57675/26115","vt_code":3101,"vt_lvorder":0},"type":"Feature"},{"geometry":{"coordinates":[[[136.8189212679863,34.292049970326474],[136.81892529129982,34.29202670255428],[136.81891724467278,34.29202670255428],[136.8189239501953,34.29198238297037],[136.81887701153755,34.29197795101069],[136.8188662827015,34.2920444303813],[136.8189212679863,34.292049970326474]]],"type":"Polygon"},"properties":{"layer":"BldA","prefCode":"24","sourceId":0,"tile":"16/57675/26115","vt_code":3101,"vt_lvorder":0},"type":"Feature"},{"geometry":{"coordinates":[[[136.81893602013588,34.29197241106077],[136.81894809007645,34.29190039167849],[136.81889310479164,34.2918937437324],[136.8188850581646,34.29193695537259],[136.81887969374657,34.29193584738209],[136.81887432932854,34.29196465513025],[136.81893602013588,34.29197241106077]]],"type":"Polygon"},"properties":{"layer":"BldA","prefCode":"24","sourceId":0,"tile":"16/57675/26115","vt_code":3101,"vt_lvorder":0},"type":"Feature"},{"geometry":{"coordinates":[[[136.8190647661686,34.292271567834],[136.81906878948212,34.292223924419204],[136.81902453303337,34.292221708445766],[136.8190272152424,34.29218514487559],[136.81894943118095,34.2921807129266],[136.8189413845539,34.29226381193111],[136.8190647661686,34.292271567834]]],"type":"Polygon"},"properties":{"layer":"BldA","prefCode":"24","sourceId":0,"tile":"16/57675/26115","vt_code":3101,"vt_lvorder":0},"type":"Feature"},{"geometry":{"coordinates":[[[136.81905806064606,34.292189576824335],[136.81906878948212,34.29215744519062],[136.81904196739197,34.29215301324018],[136.81900843977928,34.2921807129266],[136.81905806064606,34.292189576824335]]],"type":"Polygon"},"properties":{"layer":"BldA","prefCode":"24","sourceId":0,"tile":"16/57675/26115","vt_code":3101,"vt_lvorder":0},"type":"Feature"},{"geometry":{"coordinates":[[[136.81905403733253,34.29205883423799],[136.81905537843704,34.29203667445744],[136.81900709867477,34.292034458479066],[136.81900575757027,34.29205772624911],[136.81905403733253,34.29205883423799]]],"type":"Polygon"},"properties":{"layer":"BldA","prefCode":"24","sourceId":0,"tile":"16/57675/26115","vt_code":3101,"vt_lvorder":0},"type":"Feature"},{"geometry":{"coordinates":[[[136.8190862238407,34.29207877803551],[136.81908756494522,34.292063266193416],[136.8190674483776,34.29206215820459],[136.8190661072731,34.29207767004688],[136.8190862238407,34.29207877803551]]],"type":"Polygon"},"properties":{"layer":"BldA","prefCode":"24","sourceId":0,"tile":"16/57675/26115","vt_code":3101,"vt_lvorder":0},"type":"Feature"},{"geometry":{"coordinates":[[[136.81909024715424,34.29205994222688],[136.81909158825874,34.29203667445744],[136.81906208395958,34.292035566468265],[136.81906074285507,34.29205883423799],[136.81909024715424,34.29205994222688]]],"type":"Polygon"},"properties":{"layer":"BldA","prefCode":"24","sourceId":0,"tile":"16/57675/26115","vt_code":3101,"vt_lvorder":0},"type":"Feature"},{"geometry":{"coordinates":[[[136.81909024715424,34.29201229869207],[136.8190996348858,34.2919469272864],[136.8190312385559,34.29194027934399],[136.8190285563469,34.29195468321855],[136.81901648640633,34.29195357522828],[136.8190097808838,34.29199900281707],[136.81902587413788,34.29200011080673],[136.81902587413788,34.29200565075483],[136.81909024715424,34.29201229869207]]],"type":"Polygon"},"properties":{"layer":"BldA","prefCode":"24","sourceId":0,"tile":"16/57675/26115","vt_code":3101,"vt_lvorder":0},"type":"Feature"},{"geometry":{"coordinates":[[[136.81898161768913,34.29198238297037],[136.81898832321167,34.29195579120879],[136.81899636983871,34.29195689919902],[136.81900307536125,34.291924767476324],[136.8189735710621,34.29192033551361],[136.81897222995758,34.29193141541996],[136.81894943118095,34.29192809144821],[136.8189387023449,34.29197573503075],[136.81898161768913,34.29198238297037]]],"type":"Polygon"},"properties":{"layer":"BldA","prefCode":"24","sourceId":0,"tile":"16/57675/26115","vt_code":3101,"vt_lvorder":0},"type":"Feature"},{"geometry":{"coordinates":[[[136.81910634040833,34.29193473939158],[136.81913450360298,34.29187269189964],[136.8190822005272,34.29185607202795],[136.81905403733253,34.29191811953216],[136.81910634040833,34.29193473939158]]],"type":"Polygon"},"properties":{"layer":"BldA","prefCode":"24","sourceId":0,"tile":"16/57675/26115","vt_code":3101,"vt_lvorder":0},"type":"Feature"},{"geometry":{"coordinates":[[[136.81944698095322,34.292416713884634],[136.81950330734253,34.292373502491195],[136.81947514414787,34.29234801883849],[136.8194818496704,34.292341370927815],[136.8194456398487,34.29231145532328],[136.81943759322166,34.29228486366586],[136.81939870119095,34.2922771077642],[136.8193893134594,34.29224165220461],[136.8193517625332,34.292232788312376],[136.81934371590614,34.29220065669518],[136.8192820250988,34.29218514487559],[136.81926727294922,34.29216520110332],[136.8190848827362,34.29211755762822],[136.8190486729145,34.292215060525095],[136.81907817721367,34.29222281643249],[136.8190674483776,34.292251624082255],[136.8192256987095,34.292291511581006],[136.8192283809185,34.29228264769403],[136.81925252079964,34.292272675820065],[136.81929543614388,34.29228043172214],[136.8193021416664,34.292312563308826],[136.81933969259262,34.29232142719264],[136.81934773921967,34.29235134279363],[136.81939870119095,34.29236574659771],[136.81939333677292,34.292370178536935],[136.81944698095322,34.292416713884634]]],"type":"Polygon"},"properties":{"layer":"BldA","prefCode":"24","sourceId":0,"tile":"16/57675/26115","vt_code":3101,"vt_lvorder":0},"type":"Feature"},{"geometry":{"coordinates":[[[136.81941345334053,34.292250516095905],[136.81943893432617,34.29223168032578],[136.81941077113152,34.29220508864311],[136.81938529014587,34.2922250324059],[136.81941345334053,34.292250516095905]]],"type":"Polygon"},"properties":{"layer":"BldA","prefCode":"24","sourceId":0,"tile":"16/57675/26115","vt_code":3101,"vt_lvorder":0},"type":"Feature"},{"geometry":{"coordinates":[[[136.8192471563816,34.292061050215736],[136.81936383247375,34.29203335048985],[136.81933298707008,34.29193917135354],[136.81921631097794,34.29196576312037],[136.8192471563816,34.292061050215736]]],"type":"Polygon"},"properties":{"layer":"BldA","prefCode":"24","sourceId":0,"tile":"16/57675/26115","vt_code":3101,"vt_lvorder":0},"type":"Feature"},{"geometry":{"coordinates":[[[136.81900039315224,34.2918339121939],[136.81900709867477,34.29180399640868],[136.81903660297394,34.29180953636971],[136.8190647661686,34.29169541309874],[136.81895077228546,34.291676577204164],[136.81892797350883,34.29177075663483],[136.81895211338997,34.291775188605435],[136.8189400434494,34.29182394026668],[136.81900039315224,34.2918339121939]]],"type":"Polygon"},"properties":{"layer":"BldA","prefCode":"24","sourceId":0,"tile":"16/57675/26115","vt_code":3101,"vt_lvorder":0},"type":"Feature"},{"geometry":{"coordinates":[[[136.81970983743668,34.29238569032237],[136.819766163826,34.29235577473361],[136.81974738836288,34.29233029107553],[136.81968972086906,34.29236020667336],[136.81970983743668,34.29238569032237]]],"type":"Polygon"},"properties":{"layer":"BldA","prefCode":"24","sourceId":0,"tile":"16/57675/26115","vt_code":3101,"vt_lvorder":0},"type":"Feature"},{"geometry":{"coordinates":[[[136.819768846035,34.29239344621401],[136.8198063969612,34.292374610475925],[136.8197876214981,34.292349126823545],[136.8197500705719,34.292367962567354],[136.819768846035,34.29239344621401]]],"type":"Polygon"},"properties":{"layer":"BldA","prefCode":"24","sourceId":0,"tile":"16/57675/26115","vt_code":3101,"vt_lvorder":0},"type":"Feature"},{"geometry":{"coordinates":[[[136.81993916630745,34.29165330932857],[136.81995660066605,34.29161231353206],[136.81982919573784,34.291575749696676],[136.81981310248375,34.29161674551102],[136.81993916630745,34.29165330932857]]],"type":"Polygon"},"properties":{"layer":"BldA","prefCode":"24","sourceId":0,"tile":"16/57675/26115","vt_code":3101,"vt_lvorder":0},"type":"Feature"},{"geometry":{"coordinates":[[[136.82003572583199,34.29168765714267],[136.82004645466805,34.29166771325231],[136.82006523013115,34.291628933451975],[136.82007730007172,34.29163336543006],[136.82008937001228,34.29160898954768],[136.8200545012951,34.29159680160384],[136.82005047798157,34.29160455756831],[136.81999817490578,34.29158682964848],[136.81997939944267,34.29162560946825],[136.81995928287506,34.291618961500426],[136.81994184851646,34.291655525317],[136.82003572583199,34.29168765714267]]],"type":"Polygon"},"properties":{"layer":"BldA","prefCode":"24","sourceId":0,"tile":"16/57675/26115","vt_code":3101,"vt_lvorder":0},"type":"Feature"},{"geometry":{"coordinates":[[[136.82015910744667,34.29159901759376],[136.82022750377655,34.29153586185812],[136.8201644718647,34.29148932602253],[136.82009607553482,34.291552481793154],[136.82015910744667,34.29159901759376]]],"type":"Polygon"},"properties":{"layer":"BldA","prefCode":"24","sourceId":0,"tile":"16/57675/26115","vt_code":3101,"vt_lvorder":0},"type":"Feature"},{"geometry":{"coordinates":[[[136.82012557983398,34.29152034991579],[136.82015910744667,34.29148821802613],[136.820128262043,34.29146605809507],[136.8200947344303,34.29149929798947],[136.82012557983398,34.29152034991579]]],"type":"Polygon"},"properties":{"layer":"BldA","prefCode":"24","sourceId":0,"tile":"16/57675/26115","vt_code":3101,"vt_lvorder":0},"type":"Feature"},{"geometry":{"coordinates":[[[136.82018861174583,34.291494866004314],[136.82020738720894,34.291476030064764],[136.82018592953682,34.2914605181114],[136.82016715407372,34.291478246057885],[136.82018861174583,34.291494866004314]]],"type":"Polygon"},"properties":{"layer":"BldA","prefCode":"24","sourceId":0,"tile":"16/57675/26115","vt_code":3101,"vt_lvorder":0},"type":"Feature"},{"geometry":{"coordinates":[[[136.82030260562897,34.291476030064764],[136.820310652256,34.291416198228816],[136.82020738720894,34.29140622625202],[136.8201993405819,34.29146716609176],[136.82030260562897,34.291476030064764]]],"type":"Polygon"},"properties":{"layer":"BldA","prefCode":"24","sourceId":0,"tile":"16/57675/26115","vt_code":3101,"vt_lvorder":0},"type":"Feature"},{"geometry":{"coordinates":[[[136.82095170021057,34.291895959714495],[136.82096377015114,34.29186271997702],[136.8209382891655,34.29185718001949],[136.82092621922493,34.291890419759156],[136.82095170021057,34.291895959714495]]],"type":"Polygon"},"properties":{"layer":"BldA","prefCode":"24","sourceId":0,"tile":"16/57675/26115","vt_code":3101,"vt_lvorder":0},"type":"Feature"},{"geometry":{"coordinates":[[[136.82071968913078,34.29176854064944],[136.8207786977291,34.29169652109242],[136.82072773575783,34.29166771325231],[136.82071834802628,34.291662173281935],[136.82064458727837,34.29175081276421],[136.82067140936852,34.29176521667124],[136.8206861615181,34.29174859677829],[136.82071968913078,34.29176854064944]]],"type":"Polygon"},"properties":{"layer":"BldA","prefCode":"24","sourceId":0,"tile":"16/57675/26115","vt_code":3101,"vt_lvorder":0},"type":"Feature"},{"geometry":{"coordinates":[[[136.8208108842373,34.291656633311185],[136.8208323419094,34.291634473424544],[136.82080015540123,34.29161231353206],[136.8207786977291,34.291634473424544],[136.8208108842373,34.291656633311185]]],"type":"Polygon"},"properties":{"layer":"BldA","prefCode":"24","sourceId":0,"tile":"16/57675/26115","vt_code":3101,"vt_lvorder":0},"type":"Feature"},{"geometry":{"coordinates":[[[136.82089939713478,34.291734192868404],[136.8209208548069,34.291686549148885],[136.82085379958153,34.29166771325231],[136.82082295417786,34.29165884929953],[136.82080283761024,34.29170649303476],[136.82089939713478,34.291734192868404]]],"type":"Polygon"},"properties":{"layer":"BldA","prefCode":"24","sourceId":0,"tile":"16/57675/26115","vt_code":3111,"vt_lvorder":0},"type":"Feature"},{"geometry":{"coordinates":[[[136.82097986340523,34.29179845644728],[136.82098254561424,34.291785160538446],[136.8209905922413,34.291786268530934],[136.82101607322693,34.29167768519808],[136.82094767689705,34.29166771325231],[136.82094231247902,34.291666605258264],[136.8209382891655,34.291684333161264],[136.8209570646286,34.29168765714267],[136.820936948061,34.29179180849313],[136.82097986340523,34.29179845644728]]],"type":"Polygon"},"properties":{"layer":"BldA","prefCode":"24","sourceId":0,"tile":"16/57675/26115","vt_code":3101,"vt_lvorder":0},"type":"Feature"},{"geometry":{"coordinates":[[[136.82092487812042,34.291657741305364],[136.82094901800156,34.29160344957344],[136.8208846449852,34.29158461365823],[136.82086050510406,34.291638905402344],[136.82092487812042,34.291657741305364]]],"type":"Polygon"},"properties":{"layer":"BldA","prefCode":"24","sourceId":0,"tile":"16/57675/26115","vt_code":3101,"vt_lvorder":0},"type":"Feature"},{"geometry":{"coordinates":[[[136.81864365935326,34.29113809043203],[136.81866511702538,34.29111925441251],[136.8186503648758,34.29110817439905],[136.81862890720367,34.29112701042106],[136.81864365935326,34.29113809043203]]],"type":"Polygon"},"properties":{"layer":"BldA","prefCode":"24","sourceId":0,"tile":"16/57675/26115","vt_code":3101,"vt_lvorder":0},"type":"Feature"},{"geometry":{"coordinates":[[[136.8187402188778,34.29033035380285],[136.81876435875893,34.29030376151842],[136.8187402188778,34.29028824934861],[136.81871607899666,34.29031484163796],[136.8187402188778,34.29033035380285]]],"type":"Polygon"},"properties":{"layer":"BldA","prefCode":"24","sourceId":0,"tile":"16/57675/26115","vt_code":3101,"vt_lvorder":0},"type":"Feature"},{"geometry":{"coordinates":[[[136.81876972317696,34.2902982214581],[136.81879922747612,34.29026498108855],[136.81873083114624,34.290222876601554],[136.81869328022003,34.290266089101074],[136.81872814893723,34.29028603332413],[136.81873619556427,34.290277169225575],[136.81876972317696,34.2902982214581]]],"type":"Polygon"},"properties":{"layer":"BldA","prefCode":"24","sourceId":0,"tile":"16/57675/26115","vt_code":3101,"vt_lvorder":0},"type":"Feature"},{"geometry":{"coordinates":[[[136.8187791109085,34.29024392884769],[136.81881934404373,34.29019185222921],[136.81879252195358,34.290177448052454],[136.81878581643105,34.29018631216152],[136.8187603354454,34.29017301599757],[136.81872680783272,34.29021622852273],[136.8187791109085,34.29024392884769]]],"type":"Polygon"},"properties":{"layer":"BldA","prefCode":"24","sourceId":0,"tile":"16/57675/26115","vt_code":3101,"vt_lvorder":0},"type":"Feature"},{"geometry":{"coordinates":[[[136.81901782751083,34.29084668565735],[136.81903794407845,34.29077577331593],[136.8189373612404,34.290755829209125],[136.81891590356827,34.290826741567365],[136.81901782751083,34.29084668565735]]],"type":"Polygon"},"properties":{"layer":"BldA","prefCode":"24","sourceId":0,"tile":"16/57675/26115","vt_code":3101,"vt_lvorder":0},"type":"Feature"},{"geometry":{"coordinates":[[[136.81887567043304,34.29005002638122],[136.81887835264206,34.2900289740865],[136.81885421276093,34.29002675805518],[136.8188515305519,34.29004781035045],[136.81887567043304,34.29005002638122]]],"type":"Polygon"},"properties":{"layer":"BldA","prefCode":"24","sourceId":0,"tile":"16/57675/26115","vt_code":3101,"vt_lvorder":0},"type":"Feature"},{"geometry":{"coordinates":[[[136.8188300728798,34.28990930831107],[136.81891456246376,34.28987939184059],[136.8188877403736,34.289826206977864],[136.81885421276093,34.28983839517855],[136.8188501894474,34.28983174706931],[136.8188126385212,34.289845043287265],[136.81880861520767,34.2898395031967],[136.8187764286995,34.28985058337746],[136.81880459189415,34.289907092276586],[136.81882470846176,34.28990044417279],[136.8188300728798,34.28990930831107]]],"type":"Polygon"},"properties":{"layer":"BldA","prefCode":"24","sourceId":0,"tile":"16/57675/26115","vt_code":3101,"vt_lvorder":0},"type":"Feature"},{"geometry":{"coordinates":[[[136.81876972317696,34.28984615130533],[136.81881800293922,34.28982953103277],[136.81880056858063,34.289792966421565],[136.81875228881836,34.28980958670136],[136.81876972317696,34.28984615130533]]],"type":"Polygon"},"properties":{"layer":"BldA","prefCode":"24","sourceId":0,"tile":"16/57675/26115","vt_code":3101,"vt_lvorder":0},"type":"Feature"},{"geometry":{"coordinates":[[[136.81844383478165,34.28929324847376],[136.81846529245377,34.289221226795014],[136.81828692555428,34.28918244586551],[136.81828290224075,34.289194634159564],[136.8182547390461,34.28918909402613],[136.81824132800102,34.289232307057304],[136.81826949119568,34.2892378471879],[136.81826546788216,34.28925446757749],[136.81844383478165,34.28929324847376]]],"type":"Polygon"},"properties":{"layer":"BldA","prefCode":"24","sourceId":0,"tile":"16/57675/26115","vt_code":3101,"vt_lvorder":0},"type":"Feature"},{"geometry":{"coordinates":[[[136.81856453418732,34.289181337838684],[136.8185806274414,34.289132584644115],[136.81834995746613,34.289081615365006],[136.81833520531654,34.289131476616646],[136.81856453418732,34.289181337838684]]],"type":"Polygon"},"properties":{"layer":"BldA","prefCode":"24","sourceId":0,"tile":"16/57675/26115","vt_code":3101,"vt_lvorder":0},"type":"Feature"},{"geometry":{"coordinates":[[[136.8186517059803,34.28931097687752],[136.8186691403389,34.28926443980967],[136.81852966547012,34.28922676692634],[136.81851223111153,34.28927441204066],[136.8186517059803,34.28931097687752]]],"type":"Polygon"},"properties":{"layer":"BldA","prefCode":"24","sourceId":0,"tile":"16/57675/26115","vt_code":3101,"vt_lvorder":0},"type":"Feature"},{"geometry":{"coordinates":[[[136.8206848204136,34.29084890166705],[136.82071968913078,34.29083782161795],[136.82069286704063,34.290780205339026],[136.82065799832344,34.29079128539573],[136.8206848204136,34.29084890166705]]],"type":"Polygon"},"properties":{"layer":"BldA","prefCode":"24","sourceId":0,"tile":"16/57675/26115","vt_code":3101,"vt_lvorder":0},"type":"Feature"},{"geometry":{"coordinates":[[[136.82076394557953,34.29080014944004],[136.82082697749138,34.29078463736188],[136.82081893086433,34.29076026123327],[136.82075589895248,34.29077577331593],[136.82076394557953,34.29080014944004]]],"type":"Polygon"},"properties":{"layer":"BldA","prefCode":"24","sourceId":0,"tile":"16/57675/26115","vt_code":3101,"vt_lvorder":0},"type":"Feature"},{"geometry":{"coordinates":[[[136.82073175907135,34.29073920911651],[136.82083636522293,34.29072591304004],[136.82083636522293,34.29072037300757],[136.8208511173725,34.29071926500102],[136.82084575295448,34.29069045682585],[136.82083502411842,34.290692672839675],[136.8208323419094,34.290679376755854],[136.8207223713398,34.290693780846574],[136.82073175907135,34.29073920911651]]],"type":"Polygon"},"properties":{"layer":"BldA","prefCode":"24","sourceId":0,"tile":"16/57675/26115","vt_code":3101,"vt_lvorder":0},"type":"Feature"},{"geometry":{"coordinates":[[[136.82069018483162,34.2906694046916],[136.8207223713398,34.29066275664811],[136.82071566581726,34.29064170450692],[136.82068347930908,34.290648352552076],[136.82069018483162,34.2906694046916]]],"type":"Polygon"},"properties":{"layer":"BldA","prefCode":"24","sourceId":0,"tile":"16/57675/26115","vt_code":3101,"vt_lvorder":0},"type":"Feature"},{"geometry":{"coordinates":[[[136.81990027427673,34.28967440833035],[136.8199123442173,34.28966111208538],[136.8198922276497,34.28964670781764],[136.81987881660461,34.289660004064885],[136.81990027427673,34.28967440833035]]],"type":"Polygon"},"properties":{"layer":"BldA","prefCode":"24","sourceId":0,"tile":"16/57675/26115","vt_code":3101,"vt_lvorder":0},"type":"Feature"},{"geometry":{"coordinates":[[[136.82072907686234,34.289816234812356],[136.8207411468029,34.28975529377521],[136.82069420814514,34.28974864565938],[136.82068213820457,34.28980958670136],[136.82072907686234,34.289816234812356]]],"type":"Polygon"},"properties":{"layer":"BldA","prefCode":"24","sourceId":0,"tile":"16/57675/26115","vt_code":3101,"vt_lvorder":0},"type":"Feature"},{"geometry":{"coordinates":[[[136.82093158364296,34.28961457521146],[136.82094231247902,34.28957579446349],[136.820847094059,34.2895580661156],[136.82083770632744,34.28959795489309],[136.82093158364296,34.28961457521146]]],"type":"Polygon"},"properties":{"layer":"BldA","prefCode":"24","sourceId":0,"tile":"16/57675/26115","vt_code":3101,"vt_lvorder":0},"type":"Feature"},{"geometry":{"coordinates":[[[136.82098656892776,34.289604603020834],[136.8209919333458,34.28958022654988],[136.82095304131508,34.2895735784202],[136.82094767689705,34.28959795489309],[136.82098656892776,34.289604603020834]]],"type":"Polygon"},"properties":{"layer":"BldA","prefCode":"24","sourceId":0,"tile":"16/57675/26115","vt_code":3101,"vt_lvorder":0},"type":"Feature"},{"geometry":{"coordinates":[[[136.82074382901192,34.289540337763974],[136.82078406214714,34.289507097094585],[136.82074651122093,34.28947607245795],[136.82073444128036,34.28948604466384],[136.8207035958767,34.28946056013534],[136.82071432471275,34.28945169594971],[136.82061910629272,34.289373026261245],[136.820580214262,34.2894051589598],[136.82074382901192,34.289540337763974]]],"type":"Polygon"},"properties":{"layer":"BldA","prefCode":"24","sourceId":0,"tile":"16/57675/26115","vt_code":3101,"vt_lvorder":0},"type":"Feature"},{"geometry":{"coordinates":[[[136.82099595665932,34.28957579446349],[136.82100266218185,34.289545877874254],[136.82096108794212,34.289540337763974],[136.8209557235241,34.28957136237687],[136.82099595665932,34.28957579446349]]],"type":"Polygon"},"properties":{"layer":"BldA","prefCode":"24","sourceId":0,"tile":"16/57675/26115","vt_code":3101,"vt_lvorder":0},"type":"Feature"},{"geometry":{"coordinates":[[[136.8214063346386,34.29189706770551],[136.8214626610279,34.2918937437324],[136.8214586377144,34.29184831608669],[136.82140231132507,34.29185164006161],[136.8214063346386,34.29189706770551]]],"type":"Polygon"},"properties":{"layer":"BldA","prefCode":"24","sourceId":0,"tile":"16/57675/26115","vt_code":3101,"vt_lvorder":0},"type":"Feature"},{"geometry":{"coordinates":[[[136.82106032967567,34.29167990118587],[136.82107508182526,34.29162006949509],[136.82095974683762,34.2916001255887],[136.82094767689705,34.291648877351534],[136.82097047567368,34.29165220133432],[136.82096779346466,34.29166438927013],[136.82106032967567,34.29167990118587]]],"type":"Polygon"},"properties":{"layer":"BldA","prefCode":"24","sourceId":0,"tile":"16/57675/26115","vt_code":3101,"vt_lvorder":0},"type":"Feature"},{"geometry":{"coordinates":[[[136.82138487696648,34.29184277612823],[136.82141438126564,34.29184056014473],[136.8214076757431,34.29176521667124],[136.82137683033943,34.29176743265673],[136.82138487696648,34.29184277612823]]],"type":"Polygon"},"properties":{"layer":"BldA","prefCode":"24","sourceId":0,"tile":"16/57675/26115","vt_code":3101,"vt_lvorder":0},"type":"Feature"},{"geometry":{"coordinates":[[[136.82201519608498,34.29185164006161],[136.82203397154808,34.29184942407835],[136.82203128933907,34.29182837223449],[136.82201117277145,34.291830588218296],[136.82201519608498,34.29185164006161]]],"type":"Polygon"},"properties":{"layer":"BldA","prefCode":"24","sourceId":0,"tile":"16/57675/26115","vt_code":3101,"vt_lvorder":0},"type":"Feature"},{"geometry":{"coordinates":[[[136.82196959853172,34.29184499211166],[136.82200983166695,34.291838344161185],[136.8220017850399,34.29180510440092],[136.82196155190468,34.29181175235402],[136.82196959853172,34.29184499211166]]],"type":"Polygon"},"properties":{"layer":"BldA","prefCode":"24","sourceId":0,"tile":"16/57675/26115","vt_code":3101,"vt_lvorder":0},"type":"Feature"},{"geometry":{"coordinates":[[[136.82193875312805,34.29164222938553],[136.82201385498047,34.29163225743556],[136.82200849056244,34.29160344957344],[136.82193338871002,34.291613421526826],[136.82193875312805,34.29164222938553]]],"type":"Polygon"},"properties":{"layer":"BldA","prefCode":"24","sourceId":0,"tile":"16/57675/26115","vt_code":3101,"vt_lvorder":0},"type":"Feature"},{"geometry":{"coordinates":[[[136.82199373841286,34.29155802177076],[136.82199507951736,34.291531429874894],[136.82196155190468,34.291530321879044],[136.82196021080017,34.29155691377528],[136.82199373841286,34.29155802177076]]],"type":"Polygon"},"properties":{"layer":"BldA","prefCode":"24","sourceId":0,"tile":"16/57675/26115","vt_code":3101,"vt_lvorder":0},"type":"Feature"},{"geometry":{"coordinates":[[[136.82186901569366,34.29129653442909],[136.8220715224743,34.29128656243808],[136.82206884026527,34.29123448646583],[136.82186499238014,34.29124335046338],[136.82186901569366,34.29129653442909]]],"type":"Polygon"},"properties":{"layer":"BldA","prefCode":"24","sourceId":0,"tile":"16/57675/26115","vt_code":3101,"vt_lvorder":0},"type":"Feature"},{"geometry":{"coordinates":[[[136.8219655752182,34.291796240462624],[136.82215064764023,34.291769648642145],[136.82213857769966,34.291715356982515],[136.8220715224743,34.29172532892263],[136.82205945253372,34.29166771325231],[136.82205006480217,34.29162782545742],[136.82192265987396,34.29164776935723],[136.82193741202354,34.29171314099567],[136.82196021080017,34.29170981701528],[136.8219642341137,34.29173086888885],[136.82195216417313,34.29173308487524],[136.8219655752182,34.291796240462624]]],"type":"Polygon"},"properties":{"layer":"BldA","prefCode":"24","sourceId":0,"tile":"16/57675/26115","vt_code":3101,"vt_lvorder":0},"type":"Feature"},{"geometry":{"coordinates":[[[136.82157933712006,34.29123448646583],[136.82163298130035,34.291232270466296],[136.82163164019585,34.29119459846526],[136.82157665491104,34.29119681446579],[136.82157933712006,34.29123448646583]]],"type":"Polygon"},"properties":{"layer":"BldA","prefCode":"24","sourceId":0,"tile":"16/57675/26115","vt_code":3101,"vt_lvorder":0},"type":"Feature"},{"geometry":{"coordinates":[[[136.82164639234543,34.29121897446786],[136.8218234181404,34.2912112184678],[136.8218193948269,34.29115138644326],[136.8216437101364,34.29115914244885],[136.82164639234543,34.29121897446786]]],"type":"Polygon"},"properties":{"layer":"BldA","prefCode":"24","sourceId":0,"tile":"16/57675/26115","vt_code":3101,"vt_lvorder":0},"type":"Feature"},{"geometry":{"coordinates":[[[136.82193204760551,34.291209002467646],[136.8220017850399,34.291205678467314],[136.82199776172638,34.291158034448095],[136.8219293653965,34.29116135845032],[136.82193204760551,34.291209002467646]]],"type":"Polygon"},"properties":{"layer":"BldA","prefCode":"24","sourceId":0,"tile":"16/57675/26115","vt_code":3101,"vt_lvorder":0},"type":"Feature"},{"geometry":{"coordinates":[[[136.82202458381653,34.29107493434991],[136.82203128933907,34.2910184262362],[136.82193338871002,34.29100956221492],[136.82192668318748,34.291066070334594],[136.82202458381653,34.29107493434991]]],"type":"Polygon"},"properties":{"layer":"BldA","prefCode":"24","sourceId":0,"tile":"16/57675/26115","vt_code":3101,"vt_lvorder":0},"type":"Feature"},{"geometry":{"coordinates":[[[136.82186365127563,34.290930893985035],[136.82187035679817,34.29089543785735],[136.8218368291855,34.29089100584034],[136.82183012366295,34.2909275699737],[136.82186365127563,34.290930893985035]]],"type":"Polygon"},"properties":{"layer":"BldA","prefCode":"24","sourceId":0,"tile":"16/57675/26115","vt_code":3101,"vt_lvorder":0},"type":"Feature"},{"geometry":{"coordinates":[[[136.82198971509933,34.290969674107565],[136.82201251387596,34.29088546581873],[136.82195886969566,34.29087549377894],[136.82193607091904,34.290959702077764],[136.82198971509933,34.290969674107565]]],"type":"Polygon"},"properties":{"layer":"BldA","prefCode":"24","sourceId":0,"tile":"16/57675/26115","vt_code":3101,"vt_lvorder":0},"type":"Feature"},{"geometry":{"coordinates":[[[136.82213589549065,34.29112590241987],[136.82214260101318,34.29107271834617],[136.82218685746193,34.29107604235176],[136.82219088077545,34.29103172226638],[136.82204201817513,34.2910195342388],[136.82203397154808,34.29108712236946],[136.82206213474274,34.29108933837282],[136.82205945253372,34.29112036241377],[136.82213589549065,34.29112590241987]]],"type":"Polygon"},"properties":{"layer":"BldA","prefCode":"24","sourceId":0,"tile":"16/57675/26115","vt_code":3101,"vt_lvorder":0},"type":"Feature"},{"geometry":{"coordinates":[[[136.82206079363823,34.290959702077764],[136.8220715224743,34.29092978598128],[136.82201117277145,34.290915381931015],[136.8220017850399,34.29094640603619],[136.82206079363823,34.290959702077764]]],"type":"Polygon"},"properties":{"layer":"BldA","prefCode":"24","sourceId":0,"tile":"16/57675/26115","vt_code":3101,"vt_lvorder":0},"type":"Feature"},{"geometry":{"coordinates":[[[136.8210992217064,34.28980515462707],[136.82114079594612,34.28980072255255],[136.82113140821457,34.289736457445684],[136.82108849287033,34.2897408895236],[136.8210992217064,34.28980515462707]]],"type":"Polygon"},"properties":{"layer":"BldA","prefCode":"24","sourceId":0,"tile":"16/57675/26115","vt_code":3101,"vt_lvorder":0},"type":"Feature"},{"geometry":{"coordinates":[[[136.82111129164696,34.28946166815848],[136.82112738490105,34.28941623919783],[136.82098522782326,34.28938299847935],[136.82096913456917,34.28942842745798],[136.82111129164696,34.28946166815848]]],"type":"Polygon"},"properties":{"layer":"BldA","prefCode":"24","sourceId":0,"tile":"16/57675/26115","vt_code":3101,"vt_lvorder":0},"type":"Feature"},{"geometry":{"coordinates":[[[136.82114079594612,34.28955695809373],[136.82115823030472,34.28947607245795],[136.82110860943794,34.28946831629701],[136.82109251618385,34.28955030996222],[136.82114079594612,34.28955695809373]]],"type":"Polygon"},"properties":{"layer":"BldA","prefCode":"24","sourceId":0,"tile":"16/57675/26115","vt_code":3101,"vt_lvorder":0},"type":"Feature"},{"geometry":{"coordinates":[[[136.82240679860115,34.29119903046625],[136.82242155075073,34.29117133045618],[136.8223987519741,34.29116246645102],[136.82238399982452,34.29119016646402],[136.82240679860115,34.29119903046625]]],"type":"Polygon"},"properties":{"layer":"BldA","prefCode":"24","sourceId":0,"tile":"16/57675/26115","vt_code":3101,"vt_lvorder":0},"type":"Feature"},{"geometry":{"coordinates":[[[136.81815147399902,34.288937571582984],[136.8182198703289,34.28890876279695],[136.8181300163269,34.288759178556816],[136.8181300163269,34.28890211461415],[136.81815147399902,34.288937571582984]]],"type":"Polygon"},"properties":{"layer":"BldA","prefCode":"24","sourceId":0,"tile":"16/57675/26116","vt_code":3101,"vt_lvorder":0},"type":"Feature"},{"geometry":{"coordinates":[[[136.82037100195885,34.28880460787272],[136.82040855288506,34.2887813392018],[136.82035893201828,34.28872593757841],[136.82032003998756,34.28874920626468],[136.82037100195885,34.28880460787272]]],"type":"Polygon"},"properties":{"layer":"BldA","prefCode":"24","sourceId":0,"tile":"16/57675/26116","vt_code":3111,"vt_lvorder":0},"type":"Feature"},{"geometry":{"coordinates":[[[129.68267887830734,33.40732566281161],[129.6827244758606,33.40731334804858],[129.6827244758606,33.40720027605186],[129.68271240592003,33.40717340743694],[129.68262523412704,33.40720251510274],[129.68262523412704,33.40722490560824],[129.68267887830734,33.40732566281161]]],"type":"Polygon"},"properties":{"layer":"BldA","prefCode":"42","sourceId":0,"tile":"16/56375/26309","vt_code":3101,"vt_lvorder":0},"type":"Feature"},{"geometry":{"coordinates":[[[129.68478173017502,33.413192889060895],[129.68480989336967,33.41311452765061],[129.684776365757,33.413102213708285],[129.68466505408287,33.413060794071264],[129.68464896082878,33.413102213708285],[129.68462482094765,33.41316826119671],[129.684689193964,33.413189530716195],[129.68469455838203,33.41317273899072],[129.68478173017502,33.413192889060895]]],"type":"Polygon"},"properties":{"layer":"BldA","prefCode":"42","sourceId":0,"tile":"16/56376/26307","vt_code":3101,"vt_lvorder":0},"type":"Feature"},{"geometry":{"coordinates":[[[129.6850834786892,33.41333058108198],[129.68511030077934,33.413307072703596],[129.68505531549454,33.41325110034848],[129.6851009130478,33.41321415857435],[129.68502447009087,33.41316602229962],[129.68494668602943,33.41324774200603],[129.6850834786892,33.41333058108198]]],"type":"Polygon"},"properties":{"layer":"BldA","prefCode":"42","sourceId":0,"tile":"16/56376/26307","vt_code":3101,"vt_lvorder":0},"type":"Feature"},{"geometry":{"coordinates":[[[129.68603029847145,33.41465263726326],[129.6860933303833,33.414626890383296],[129.68600884079933,33.414503753025755],[129.68595653772354,33.41451942506277],[129.68603029847145,33.41465263726326]]],"type":"Polygon"},"properties":{"layer":"BldA","prefCode":"42","sourceId":0,"tile":"16/56376/26307","vt_code":3101,"vt_lvorder":0},"type":"Feature"},{"geometry":{"coordinates":[[[129.68634814023972,33.41516309556837],[129.68644067645073,33.41514742364751],[129.68642726540565,33.41509593017333],[129.68633741140366,33.415108243832975],[129.68634814023972,33.41516309556837]]],"type":"Polygon"},"properties":{"layer":"BldA","prefCode":"42","sourceId":0,"tile":"16/56376/26307","vt_code":3101,"vt_lvorder":0},"type":"Feature"},{"geometry":{"coordinates":[[[129.6863655745983,33.41501085393171],[129.68642592430115,33.415000779108105],[129.68638703227043,33.41487204514803],[129.68633875250816,33.41488100056012],[129.68632131814957,33.41484629833312],[129.68623146414757,33.41487764228069],[129.6862569451332,33.41492241932904],[129.68633070588112,33.41489667252907],[129.6863655745983,33.41501085393171]]],"type":"Polygon"},"properties":{"layer":"BldA","prefCode":"42","sourceId":0,"tile":"16/56376/26307","vt_code":3101,"vt_lvorder":0},"type":"Feature"},{"geometry":{"coordinates":[[[129.68620866537094,33.41485749260141],[129.68630522489548,33.4148171932288],[129.68627706170082,33.414774654981876],[129.6861845254898,33.414810476664876],[129.68620866537094,33.41485749260141]]],"type":"Polygon"},"properties":{"layer":"BldA","prefCode":"42","sourceId":0,"tile":"16/56376/26307","vt_code":3101,"vt_lvorder":0},"type":"Feature"},{"geometry":{"coordinates":[[[129.6862556040287,33.414424273365896],[129.68629449605942,33.41440636244659],[129.6862716972828,33.41437277946293],[129.68628376722336,33.4143683017308],[129.68624621629715,33.4143224049631],[129.68626096844673,33.414313449493406],[129.68620464205742,33.41421829757086],[129.68613624572754,33.41425747778689],[129.68621000647545,33.41437277946293],[129.6862556040287,33.414424273365896]]],"type":"Polygon"},"properties":{"layer":"BldA","prefCode":"42","sourceId":0,"tile":"16/56376/26307","vt_code":3101,"vt_lvorder":0},"type":"Feature"},{"geometry":{"coordinates":[[[129.68637228012085,33.414509350182165],[129.68642860651016,33.414482483828124],[129.68637764453888,33.41440636244659],[129.68632400035858,33.414433228824166],[129.68637228012085,33.414509350182165]]],"type":"Polygon"},"properties":{"layer":"BldA","prefCode":"42","sourceId":0,"tile":"16/56376/26307","vt_code":3101,"vt_lvorder":0},"type":"Feature"},{"geometry":{"coordinates":[[[129.68632265925407,33.414385093225114],[129.68640446662903,33.4143268826976],[129.68637630343437,33.41429441911723],[129.68635082244873,33.41429218024918],[129.68627840280533,33.41433695759939],[129.68632265925407,33.414385093225114]]],"type":"Polygon"},"properties":{"layer":"BldA","prefCode":"42","sourceId":0,"tile":"16/56376/26307","vt_code":3101,"vt_lvorder":0},"type":"Feature"},{"geometry":{"coordinates":[[[129.6864339709282,33.4143683017308],[129.68647554516792,33.414363823998436],[129.68646749854088,33.41429889685318],[129.68642324209213,33.414310091192036],[129.6864339709282,33.4143683017308]]],"type":"Polygon"},"properties":{"layer":"BldA","prefCode":"42","sourceId":0,"tile":"16/56376/26307","vt_code":3101,"vt_lvorder":0},"type":"Feature"},{"geometry":{"coordinates":[[[129.6866525709629,33.414522783356055],[129.68673035502434,33.41434143533314],[129.68656942248344,33.414297777419215],[129.68655064702034,33.41435598796624],[129.6866498887539,33.41438397379226],[129.6865989267826,33.41450711131964],[129.6866525709629,33.414522783356055]]],"type":"Polygon"},"properties":{"layer":"BldA","prefCode":"42","sourceId":0,"tile":"16/56376/26307","vt_code":3101,"vt_lvorder":0},"type":"Feature"},{"geometry":{"coordinates":[[[129.68669414520264,33.414620173804664],[129.68674510717392,33.41445561746579],[129.68669816851616,33.414439945417264],[129.68666598200798,33.41454964969761],[129.68664318323135,33.41455076912833],[129.6866337954998,33.41461569608528],[129.68669414520264,33.414620173804664]]],"type":"Polygon"},"properties":{"layer":"BldA","prefCode":"42","sourceId":0,"tile":"16/56376/26307","vt_code":3101,"vt_lvorder":0},"type":"Feature"},{"geometry":{"coordinates":[[[129.68668073415756,33.41430113572107],[129.68669012188911,33.414238447398446],[129.68659222126007,33.414214939265804],[129.68657478690147,33.41427426930263],[129.68668073415756,33.41430113572107]]],"type":"Polygon"},"properties":{"layer":"BldA","prefCode":"42","sourceId":0,"tile":"16/56376/26307","vt_code":3101,"vt_lvorder":0},"type":"Feature"},{"geometry":{"coordinates":[[[129.68675315380096,33.414313449493406],[129.68675181269646,33.414249641745094],[129.68669548630714,33.414249641745094],[129.68669950962067,33.414313449493406],[129.68675315380096,33.414313449493406]]],"type":"Polygon"},"properties":{"layer":"BldA","prefCode":"42","sourceId":0,"tile":"16/56376/26307","vt_code":3101,"vt_lvorder":0},"type":"Feature"},{"geometry":{"coordinates":[[[129.68562930822372,33.41381865835773],[129.68566685914993,33.41379626955189],[129.68560382723808,33.41371790868602],[129.68553006649017,33.4136350699795],[129.68549117445946,33.41365969771131],[129.68557566404343,33.4137414169532],[129.68562930822372,33.41381865835773]]],"type":"Polygon"},"properties":{"layer":"BldA","prefCode":"42","sourceId":0,"tile":"16/56376/26307","vt_code":3101,"vt_lvorder":0},"type":"Feature"},{"geometry":{"coordinates":[[[129.6859686076641,33.41429665798524],[129.6860383450985,33.41426979156541],[129.68597665429115,33.414147773137465],[129.68588143587112,33.414175759030584],[129.68590155243874,33.414219417005846],[129.68592703342438,33.414210461525535],[129.6859686076641,33.41429665798524]]],"type":"Polygon"},"properties":{"layer":"BldA","prefCode":"42","sourceId":0,"tile":"16/56376/26307","vt_code":3101,"vt_lvorder":0},"type":"Feature"},{"geometry":{"coordinates":[[[129.68549251556396,33.41347722844162],[129.685767441988,33.41325333924337],[129.68557834625244,33.413102213708285],[129.68557700514793,33.41310109425889],[129.68557566404343,33.413102213708285],[129.6853369474411,33.41333170052842],[129.68549251556396,33.41347722844162]]],"type":"Polygon"},"properties":{"layer":"BldA","prefCode":"42","sourceId":0,"tile":"16/56376/26307","vt_code":3101,"vt_lvorder":0},"type":"Feature"},{"geometry":{"coordinates":[[[129.6861107647419,33.41422053644082],[129.68619793653488,33.41417128128829],[129.68617379665375,33.41414217595776],[129.68614429235458,33.41414105652177],[129.68607991933823,33.414177997901646],[129.6861107647419,33.41422053644082]]],"type":"Polygon"},"properties":{"layer":"BldA","prefCode":"42","sourceId":0,"tile":"16/56376/26307","vt_code":3101,"vt_lvorder":0},"type":"Feature"},{"geometry":{"coordinates":[[[129.6864192187786,33.41430001628713],[129.68645945191383,33.41427874703962],[129.6863427758217,33.41417463959503],[129.68629851937294,33.4142026254795],[129.6864192187786,33.41430001628713]]],"type":"Polygon"},"properties":{"layer":"BldA","prefCode":"42","sourceId":0,"tile":"16/56376/26307","vt_code":3101,"vt_lvorder":0},"type":"Feature"},{"geometry":{"coordinates":[[[129.68644872307777,33.41421717813586],[129.68651980161667,33.41416232580301],[129.68640983104706,33.41407053202565],[129.6863454580307,33.41412538441647],[129.68638569116592,33.41417016185268],[129.68644872307777,33.41421717813586]]],"type":"Polygon"},"properties":{"layer":"BldA","prefCode":"42","sourceId":0,"tile":"16/56376/26307","vt_code":3101,"vt_lvorder":0},"type":"Feature"},{"geometry":{"coordinates":[[[129.6865063905716,33.41407389033629],[129.68655467033386,33.41400784353658],[129.68646347522736,33.41396754376971],[129.6864151954651,33.414041426661356],[129.6865063905716,33.41407389033629]]],"type":"Polygon"},"properties":{"layer":"BldA","prefCode":"42","sourceId":0,"tile":"16/56376/26307","vt_code":3101,"vt_lvorder":0},"type":"Feature"},{"geometry":{"coordinates":[[[129.68663647770882,33.414111951181106],[129.6866874396801,33.41403918778677],[129.68660160899162,33.41400000747227],[129.68655467033386,33.41407389033629],[129.68663647770882,33.414111951181106]]],"type":"Polygon"},"properties":{"layer":"BldA","prefCode":"42","sourceId":0,"tile":"16/56376/26307","vt_code":3101,"vt_lvorder":0},"type":"Feature"},{"geometry":{"coordinates":[[[129.6866150200367,33.41397314096067],[129.6866512298584,33.41388918305837],[129.68654796481133,33.413856719314396],[129.68649834394455,33.41393619949366],[129.6866150200367,33.41397314096067]]],"type":"Polygon"},"properties":{"layer":"BldA","prefCode":"42","sourceId":0,"tile":"16/56376/26307","vt_code":3101,"vt_lvorder":0},"type":"Feature"},{"geometry":{"coordinates":[[[129.68671962618828,33.4138903024976],[129.6867437660694,33.41383433051837],[129.6867035329342,33.41382313611819],[129.68668073415756,33.41387463034705],[129.68671962618828,33.4138903024976]]],"type":"Polygon"},"properties":{"layer":"BldA","prefCode":"42","sourceId":0,"tile":"16/56376/26307","vt_code":3101,"vt_lvorder":0},"type":"Feature"},{"geometry":{"coordinates":[[[129.686671346426,33.41384216659763],[129.68671426177025,33.413778358503066],[129.68662708997726,33.413739178070884],[129.68656808137894,33.413814180597015],[129.6866177022457,33.413832091638454],[129.686671346426,33.41384216659763]]],"type":"Polygon"},"properties":{"layer":"BldA","prefCode":"42","sourceId":0,"tile":"16/56376/26307","vt_code":3101,"vt_lvorder":0},"type":"Feature"},{"geometry":{"coordinates":[[[129.68647688627243,33.41373246142359],[129.68662306666374,33.41360932279787],[129.68599408864975,33.41313691663219],[129.68590021133423,33.41319065016444],[129.68579828739166,33.41311452765061],[129.685770124197,33.41313915553004],[129.68574330210686,33.413119005447385],[129.68569099903107,33.413161544505265],[129.68584388494492,33.4132858032129],[129.68588948249817,33.41325557813822],[129.68647688627243,33.41373246142359]]],"type":"Polygon"},"properties":{"layer":"BldA","prefCode":"42","sourceId":0,"tile":"16/56376/26307","vt_code":3102,"vt_lvorder":0},"type":"Feature"},{"geometry":{"coordinates":[[[129.6866525709629,33.41338543394014],[129.68670889735222,33.413342894991935],[129.6866351366043,33.41327796708343],[129.68659222126007,33.41332274495656],[129.6866525709629,33.41338543394014]]],"type":"Polygon"},"properties":{"layer":"BldA","prefCode":"42","sourceId":0,"tile":"16/56376/26307","vt_code":3101,"vt_lvorder":0},"type":"Feature"},{"geometry":{"coordinates":[[[129.68672767281532,33.41324214476831],[129.6868135035038,33.41318057512968],[129.68673437833786,33.41312124434569],[129.6866525709629,33.4131783362329],[129.68672767281532,33.41324214476831]]],"type":"Polygon"},"properties":{"layer":"BldA","prefCode":"42","sourceId":0,"tile":"16/56376/26307","vt_code":3101,"vt_lvorder":0},"type":"Feature"},{"geometry":{"coordinates":[[[129.68680948019028,33.41510936325649],[129.68684434890747,33.41509816902067],[129.68685775995255,33.4150477949416],[129.68676924705505,33.41502540645263],[129.6866887807846,33.41502540645263],[129.68667536973953,33.41507578054469],[129.6866887807846,33.4150869747834],[129.68680948019028,33.41510936325649]]],"type":"Polygon"},"properties":{"layer":"BldA","prefCode":"42","sourceId":0,"tile":"16/56376/26307","vt_code":3101,"vt_lvorder":0},"type":"Feature"},{"geometry":{"coordinates":[[[129.68679070472717,33.414810476664876],[129.68681886792183,33.414746669281755],[129.68676790595055,33.41473099728574],[129.6867397427559,33.414789207542384],[129.68679070472717,33.414810476664876]]],"type":"Polygon"},"properties":{"layer":"BldA","prefCode":"42","sourceId":0,"tile":"16/56376/26307","vt_code":3101,"vt_lvorder":0},"type":"Feature"},{"geometry":{"coordinates":[[[129.68682825565338,33.41473211671411],[129.68685105443,33.4146671898442],[129.68678668141365,33.41465375669265],[129.68676254153252,33.41471756414404],[129.68682825565338,33.41473211671411]]],"type":"Polygon"},"properties":{"layer":"BldA","prefCode":"42","sourceId":0,"tile":"16/56376/26307","vt_code":3101,"vt_lvorder":0},"type":"Feature"},{"geometry":{"coordinates":[[[129.68683496117592,33.414539574820495],[129.68685775995255,33.41447912553329],[129.68682825565338,33.41447464780664],[129.68680277466774,33.414530619373195],[129.68683496117592,33.414539574820495]]],"type":"Polygon"},"properties":{"layer":"BldA","prefCode":"42","sourceId":0,"tile":"16/56376/26307","vt_code":3101,"vt_lvorder":0},"type":"Feature"},{"geometry":{"coordinates":[[[129.6868148446083,33.41381082227634],[129.68683496117592,33.41376268633231],[129.68674778938293,33.413738058629704],[129.68672901391983,33.41378731402794],[129.6868148446083,33.41381082227634]]],"type":"Polygon"},"properties":{"layer":"BldA","prefCode":"42","sourceId":0,"tile":"16/56376/26307","vt_code":3101,"vt_lvorder":0},"type":"Feature"},{"geometry":{"coordinates":[[[129.68678265810013,33.41369551985421],[129.6868309378624,33.413646264403916],[129.6867437660694,33.41359588948267],[129.68670085072517,33.41365074217328],[129.68678265810013,33.41369551985421]]],"type":"Polygon"},"properties":{"layer":"BldA","prefCode":"42","sourceId":0,"tile":"16/56376/26307","vt_code":3101,"vt_lvorder":0},"type":"Feature"},{"geometry":{"coordinates":[[[129.68682289123535,33.41340110617897],[129.6868671476841,33.41332162551001],[129.68678534030914,33.41328692265991],[129.6867410838604,33.41335744779236],[129.68682289123535,33.41340110617897]]],"type":"Polygon"},"properties":{"layer":"BldA","prefCode":"42","sourceId":0,"tile":"16/56376/26307","vt_code":3101,"vt_lvorder":0},"type":"Feature"},{"geometry":{"coordinates":[[[129.6868832409382,33.41331826717028],[129.68703746795654,33.41311340820138],[129.68702539801598,33.413102213708285],[129.68700125813484,33.413078705268084],[129.6869556605816,33.41307086911993],[129.68692481517792,33.413102213708285],[129.68689396977425,33.413135797183244],[129.68682155013084,33.4132040835423],[129.68676790595055,33.4132634142697],[129.6868832409382,33.41331826717028]]],"type":"Polygon"},"properties":{"layer":"BldA","prefCode":"42","sourceId":0,"tile":"16/56376/26307","vt_code":3101,"vt_lvorder":0},"type":"Feature"},{"geometry":{"coordinates":[[[129.68696638941765,33.41346043677177],[129.68714475631714,33.41321191967844],[129.6870321035385,33.413155947262],[129.68686178326607,33.4134190173056],[129.68696638941765,33.41346043677177]]],"type":"Polygon"},"properties":{"layer":"BldA","prefCode":"42","sourceId":0,"tile":"16/56376/26307","vt_code":3101,"vt_lvorder":0},"type":"Feature"},{"geometry":{"coordinates":[[[129.68715280294418,33.41340558396097],[129.68719974160194,33.413394389505534],[129.6872265636921,33.4133037143633],[129.68721315264702,33.41329251989473],[129.6871393918991,33.41328132542472],[129.68712598085403,33.4132981171292],[129.68709245324135,33.41335968668451],[129.68709245324135,33.41339327005991],[129.68715280294418,33.41340558396097]]],"type":"Polygon"},"properties":{"layer":"BldA","prefCode":"42","sourceId":0,"tile":"16/56376/26307","vt_code":3101,"vt_lvorder":0},"type":"Feature"},{"geometry":{"coordinates":[[[129.6871541440487,33.413186172371354],[129.68720376491547,33.41312348324394],[129.68716084957123,33.413102213708285],[129.68712329864502,33.41308318306671],[129.68710452318192,33.413102213708285],[129.68706965446472,33.41314139442782],[129.6871541440487,33.413186172371354]]],"type":"Polygon"},"properties":{"layer":"BldA","prefCode":"42","sourceId":0,"tile":"16/56376/26307","vt_code":3101,"vt_lvorder":0},"type":"Feature"},{"geometry":{"coordinates":[[[129.68738615512848,33.41313915553004],[129.68748539686203,33.413056316271486],[129.6874237060547,33.41301265771154],[129.6873740851879,33.41301265771154],[129.68730300664902,33.41308318306671],[129.68733116984367,33.413102213708285],[129.68738615512848,33.41313915553004]]],"type":"Polygon"},"properties":{"layer":"BldA","prefCode":"42","sourceId":0,"tile":"16/56376/26307","vt_code":3101,"vt_lvorder":0},"type":"Feature"},{"geometry":{"coordinates":[[[129.68478173017502,33.41319176961267],[129.68480989336967,33.41311452765061],[129.684776365757,33.413102213708285],[129.68466505408287,33.413060794071264],[129.68464896082878,33.413102213708285],[129.68462482094765,33.41316826119671],[129.684689193964,33.413189530716195],[129.68469455838203,33.41317273899072],[129.68478173017502,33.41319176961267]]],"type":"Polygon"},"properties":{"layer":"BldA","prefCode":"42","sourceId":0,"tile":"16/56376/26308","vt_code":3101,"vt_lvorder":0},"type":"Feature"},{"geometry":{"coordinates":[[[129.6850647032261,33.41319176961267],[129.68502447009087,33.41316602229962],[129.68499898910522,33.41319176961267],[129.6850647032261,33.41319176961267]]],"type":"Polygon"},"properties":{"layer":"BldA","prefCode":"42","sourceId":0,"tile":"16/56376/26308","vt_code":3101,"vt_lvorder":0},"type":"Feature"},{"geometry":{"coordinates":[[[129.68568965792656,33.41319176961267],[129.68557834625244,33.413102213708285],[129.68557700514793,33.41310109425889],[129.68557566404343,33.413102213708285],[129.6854817867279,33.41319176961267],[129.68568965792656,33.41319176961267]]],"type":"Polygon"},"properties":{"layer":"BldA","prefCode":"42","sourceId":0,"tile":"16/56376/26308","vt_code":3101,"vt_lvorder":0},"type":"Feature"},{"geometry":{"coordinates":[[[129.68606650829315,33.41319176961267],[129.68599408864975,33.41313691663219],[129.68590021133423,33.41319065016444],[129.68579828739166,33.41311452765061],[129.685770124197,33.41313915553004],[129.68574330210686,33.413119005447385],[129.68569099903107,33.413161544505265],[129.68572720885277,33.41319176961267],[129.68606650829315,33.41319176961267]]],"type":"Polygon"},"properties":{"layer":"BldA","prefCode":"42","sourceId":0,"tile":"16/56376/26308","vt_code":3102,"vt_lvorder":0},"type":"Feature"},{"geometry":{"coordinates":[[[129.6867974102497,33.41319176961267],[129.6868135035038,33.41318057512968],[129.68673437833786,33.41312124434569],[129.6866525709629,33.4131783362329],[129.6866673231125,33.41319176961267],[129.6867974102497,33.41319176961267]]],"type":"Polygon"},"properties":{"layer":"BldA","prefCode":"42","sourceId":0,"tile":"16/56376/26308","vt_code":3101,"vt_lvorder":0},"type":"Feature"},{"geometry":{"coordinates":[[[129.6869757771492,33.41319176961267],[129.68703746795654,33.41311340820138],[129.68702539801598,33.413102213708285],[129.68700125813484,33.413078705268084],[129.6869556605816,33.41307086911993],[129.68692481517792,33.413102213708285],[129.68689396977425,33.413135797183244],[129.6868336200714,33.41319176961267],[129.6869757771492,33.41319176961267]]],"type":"Polygon"},"properties":{"layer":"BldA","prefCode":"42","sourceId":0,"tile":"16/56376/26308","vt_code":3101,"vt_lvorder":0},"type":"Feature"},{"geometry":{"coordinates":[[[129.6871031820774,33.41319176961267],[129.6870321035385,33.413155947262],[129.68700796365738,33.41319176961267],[129.6871031820774,33.41319176961267]]],"type":"Polygon"},"properties":{"layer":"BldA","prefCode":"42","sourceId":0,"tile":"16/56376/26308","vt_code":3101,"vt_lvorder":0},"type":"Feature"},{"geometry":{"coordinates":[[[129.6852470934391,33.41196372622488],[129.68536779284477,33.4118764079846],[129.68532219529152,33.411813717911805],[129.68520149588585,33.411901036215106],[129.6852470934391,33.41196372622488]]],"type":"Polygon"},"properties":{"layer":"BldA","prefCode":"42","sourceId":0,"tile":"16/56376/26308","vt_code":3101,"vt_lvorder":0},"type":"Feature"},{"geometry":{"coordinates":[[[129.68590825796127,33.411622289016606],[129.68596190214157,33.41159430230067],[129.68597665429115,33.41156631557572],[129.68590155243874,33.41149243057852],[129.68585461378098,33.41150922262886],[129.68583449721336,33.41154840406701],[129.6858948469162,33.41161669167414],[129.68590825796127,33.411622289016606]]],"type":"Polygon"},"properties":{"layer":"BldA","prefCode":"42","sourceId":0,"tile":"16/56376/26308","vt_code":3101,"vt_lvorder":0},"type":"Feature"},{"geometry":{"coordinates":[[[129.68630388379097,33.41192678390317],[129.68633741140366,33.411909991933555],[129.68635752797127,33.411841704557034],[129.6862904727459,33.41180252325119],[129.6862569451332,33.41180812058167],[129.68622341752052,33.41188200531033],[129.68630388379097,33.41192678390317]]],"type":"Polygon"},"properties":{"layer":"BldA","prefCode":"42","sourceId":0,"tile":"16/56376/26308","vt_code":3101,"vt_lvorder":0},"type":"Feature"},{"geometry":{"coordinates":[[[129.68640446662903,33.41148123587649],[129.68641251325607,33.411405111864426],[129.6863266825676,33.41139503662254],[129.68631863594055,33.41147228011382],[129.68640446662903,33.41148123587649]]],"type":"Polygon"},"properties":{"layer":"BldA","prefCode":"42","sourceId":0,"tile":"16/56376/26308","vt_code":3101,"vt_lvorder":0},"type":"Feature"},{"geometry":{"coordinates":[[[129.68661233782768,33.411988354430626],[129.6866525709629,33.41197156247292],[129.68667402863503,33.41193797854777],[129.68667402863503,33.41191558925712],[129.68663915991783,33.41189208049573],[129.68659222126007,33.41188088584521],[129.68653857707977,33.41188088584521],[129.68651175498962,33.41193797854777],[129.6865251660347,33.41196036783265],[129.68661233782768,33.411988354430626]]],"type":"Polygon"},"properties":{"layer":"BldA","prefCode":"42","sourceId":0,"tile":"16/56376/26308","vt_code":3101,"vt_lvorder":0},"type":"Feature"},{"geometry":{"coordinates":[[[129.6865613758564,33.41171296591429],[129.6865975856781,33.4115819881428],[129.68650236725807,33.411559598760384],[129.6864514052868,33.411699532305796],[129.6865613758564,33.41171296591429]]],"type":"Polygon"},"properties":{"layer":"BldA","prefCode":"42","sourceId":0,"tile":"16/56376/26308","vt_code":3101,"vt_lvorder":0},"type":"Feature"},{"geometry":{"coordinates":[[[129.6866136789322,33.411556240352525],[129.68665927648544,33.411428620757626],[129.68666061758995,33.41137936402171],[129.6866860985756,33.411261819425434],[129.6865989267826,33.41123159364639],[129.68655467033386,33.41139503662254],[129.6865238249302,33.41153832884175],[129.6866136789322,33.411556240352525]]],"type":"Polygon"},"properties":{"layer":"BldA","prefCode":"42","sourceId":0,"tile":"16/56376/26308","vt_code":3101,"vt_lvorder":0},"type":"Feature"},{"geometry":{"coordinates":[[[129.68671560287476,33.411264058371614],[129.68678399920464,33.41116106678772],[129.68671023845673,33.411112929375115],[129.68664318323135,33.41121592101609],[129.68671560287476,33.411264058371614]]],"type":"Polygon"},"properties":{"layer":"BldA","prefCode":"42","sourceId":0,"tile":"16/56376/26308","vt_code":3101,"vt_lvorder":0},"type":"Feature"},{"geometry":{"coordinates":[[[129.6868295967579,33.4128570539476],[129.68691006302834,33.41278876731569],[129.68695029616356,33.41274398916726],[129.6868832409382,33.41269921099574],[129.68685507774353,33.412716002812765],[129.68677461147308,33.41278317004839],[129.68678131699562,33.41281115638125],[129.6868295967579,33.412851456684706],[129.6868295967579,33.4128570539476]]],"type":"Polygon"},"properties":{"layer":"BldA","prefCode":"42","sourceId":0,"tile":"16/56376/26308","vt_code":3101,"vt_lvorder":0},"type":"Feature"},{"geometry":{"coordinates":[[[129.68703746795654,33.41260293784881],[129.6870642900467,33.41258614600992],[129.6870844066143,33.41254136775703],[129.68707770109177,33.41251897862192],[129.6869771182537,33.41248987273766],[129.68694359064102,33.41251338133724],[129.68693017959595,33.41256935416779],[129.68703746795654,33.41260293784881]]],"type":"Polygon"},"properties":{"layer":"BldA","prefCode":"42","sourceId":0,"tile":"16/56376/26308","vt_code":3101,"vt_lvorder":0},"type":"Feature"},{"geometry":{"coordinates":[[[129.68712732195854,33.41297795473799],[129.68719974160194,33.41291302655666],[129.68708842992783,33.41281115638125],[129.68704149127007,33.41284473996876],[129.68705087900162,33.41285369558991],[129.6870133280754,33.412890637517364],[129.68712732195854,33.41297795473799]]],"type":"Polygon"},"properties":{"layer":"BldA","prefCode":"42","sourceId":0,"tile":"16/56376/26308","vt_code":3101,"vt_lvorder":0},"type":"Feature"},{"geometry":{"coordinates":[[[129.68738615512848,33.41313915553004],[129.68748539686203,33.413056316271486],[129.68739554286003,33.41299250759955],[129.68730300664902,33.41308318306671],[129.68733116984367,33.413102213708285],[129.68738615512848,33.41313915553004]]],"type":"Polygon"},"properties":{"layer":"BldA","prefCode":"42","sourceId":0,"tile":"16/56376/26308","vt_code":3101,"vt_lvorder":0},"type":"Feature"},{"geometry":{"coordinates":[[[129.68731507658958,33.41299810485336],[129.68734055757523,33.41294661010479],[129.68747332692146,33.41299474650112],[129.68752026557922,33.4129029514897],[129.687480032444,33.412890637517364],[129.6874639391899,33.412917504363826],[129.68738213181496,33.412873845734104],[129.6874263882637,33.41278764786226],[129.68734055757523,33.412751825344905],[129.6872842311859,33.4128682484723],[129.68729361891747,33.412881681900025],[129.68725204467773,33.412972357482886],[129.68731507658958,33.41299810485336]]],"type":"Polygon"},"properties":{"layer":"BldA","prefCode":"42","sourceId":0,"tile":"16/56376/26308","vt_code":3101,"vt_lvorder":0},"type":"Feature"},{"geometry":{"coordinates":[[[129.68720376491547,33.41287720409101],[129.68725606799126,33.412808917474955],[129.68732446432114,33.412738391897086],[129.68727350234985,33.41269809154116],[129.68731507658958,33.41265443280114],[129.68727350234985,33.41263204369518],[129.68714475631714,33.41275518370654],[129.68714475631714,33.41276973660543],[129.68710854649544,33.412803320208965],[129.68720376491547,33.41287720409101]]],"type":"Polygon"},"properties":{"layer":"BldA","prefCode":"42","sourceId":0,"tile":"16/56376/26308","vt_code":3101,"vt_lvorder":0},"type":"Feature"},{"geometry":{"coordinates":[[[129.6873888373375,33.41264099933825],[129.68745455145836,33.41254584558336],[129.68738213181496,33.4125234564494],[129.6873190999031,33.41260853512772],[129.6873888373375,33.41264099933825]]],"type":"Polygon"},"properties":{"layer":"BldA","prefCode":"42","sourceId":0,"tile":"16/56376/26308","vt_code":3101,"vt_lvorder":0},"type":"Feature"},{"geometry":{"coordinates":[[[129.68677192926407,33.41203761082117],[129.68682557344437,33.412026416189406],[129.68682557344437,33.4119525315836],[129.68676522374153,33.41193573961897],[129.6867048740387,33.41194133694087],[129.68669146299362,33.4119805181841],[129.68669816851616,33.41201969940966],[129.68677192926407,33.41203761082117]]],"type":"Polygon"},"properties":{"layer":"BldA","prefCode":"42","sourceId":0,"tile":"16/56376/26308","vt_code":3101,"vt_lvorder":0},"type":"Feature"},{"geometry":{"coordinates":[[[129.68693554401398,33.41218090198027],[129.6870093047619,33.41216970736698],[129.68702271580696,33.41215291544433],[129.6869556605816,33.412028655115876],[129.68692883849144,33.412028655115876],[129.68687519431114,33.41204656652554],[129.68691542744637,33.41215851275225],[129.68693554401398,33.41218090198027]]],"type":"Polygon"},"properties":{"layer":"BldA","prefCode":"42","sourceId":0,"tile":"16/56376/26308","vt_code":3101,"vt_lvorder":0},"type":"Feature"},{"geometry":{"coordinates":[[[129.6870119869709,33.41207903094614],[129.68711256980896,33.41206671685699],[129.68712598085403,33.41205552222898],[129.68710586428642,33.411988354430626],[129.68699857592583,33.411988354430626],[129.68698382377625,33.411999549067296],[129.6869918704033,33.41206671685699],[129.6870119869709,33.41207903094614]]],"type":"Polygon"},"properties":{"layer":"BldA","prefCode":"42","sourceId":0,"tile":"16/56376/26308","vt_code":3101,"vt_lvorder":0},"type":"Feature"},{"geometry":{"coordinates":[[[129.68718498945236,33.41238352423146],[129.6872654557228,33.41236673235015],[129.68727886676788,33.412349940465596],[129.68723863363266,33.412259264232915],[129.6872118115425,33.412259264232915],[129.68716487288475,33.412276056135],[129.68715146183968,33.412292848033836],[129.68717828392982,33.412377926938035],[129.68718498945236,33.41238352423146]]],"type":"Polygon"},"properties":{"layer":"BldA","prefCode":"42","sourceId":0,"tile":"16/56376/26308","vt_code":3101,"vt_lvorder":0},"type":"Feature"},{"geometry":{"coordinates":[[[129.68733921647072,33.41232643182177],[129.6874062716961,33.412309639929425],[129.68743309378624,33.41228725073458],[129.6874263882637,33.412253666931505],[129.68738615512848,33.41218537982518],[129.6873526275158,33.41218537982518],[129.6872989833355,33.412208888507195],[129.68731239438057,33.41226486153398],[129.68733921647072,33.41232643182177]]],"type":"Polygon"},"properties":{"layer":"BldA","prefCode":"42","sourceId":0,"tile":"16/56376/26308","vt_code":3101,"vt_lvorder":0},"type":"Feature"},{"geometry":{"coordinates":[[[129.68723461031914,33.4121641100598],[129.68736469745636,33.41205664169185],[129.68734323978424,33.41198163764794],[129.6871729195118,33.412011863165965],[129.6871930360794,33.4120846282588],[129.68723461031914,33.4121641100598]]],"type":"Polygon"},"properties":{"layer":"BldA","prefCode":"42","sourceId":0,"tile":"16/56376/26308","vt_code":3101,"vt_lvorder":0},"type":"Feature"},{"geometry":{"coordinates":[[[129.68757659196854,33.412587265465945],[129.68763157725334,33.412520098078815],[129.68755513429642,33.41245405009748],[129.68748271465302,33.41252569536306],[129.68757659196854,33.412587265465945]]],"type":"Polygon"},"properties":{"layer":"BldA","prefCode":"42","sourceId":0,"tile":"16/56376/26308","vt_code":3101,"vt_lvorder":0},"type":"Feature"},{"geometry":{"coordinates":[[[129.6876959502697,33.4124227052752],[129.68777641654015,33.41240031610951],[129.68779653310776,33.41238352423146],[129.68783676624298,33.41236673235015],[129.68783676624298,33.412332029118495],[129.68779653310776,33.41229844533273],[129.68775629997253,33.412304042631256],[129.68766912817955,33.41234434317002],[129.68765571713448,33.412361135055654],[129.6876959502697,33.4124227052752]]],"type":"Polygon"},"properties":{"layer":"BldA","prefCode":"42","sourceId":0,"tile":"16/56376/26308","vt_code":3101,"vt_lvorder":0},"type":"Feature"},{"geometry":{"coordinates":[[[129.6875135600567,33.41226486153398],[129.68760073184967,33.412231277722235],[129.68760073184967,33.41220329120252],[129.68756049871445,33.41215179598271],[129.6875135600567,33.41216299059832],[129.6874599158764,33.41219769389751],[129.6875135600567,33.41226486153398]]],"type":"Polygon"},"properties":{"layer":"BldA","prefCode":"42","sourceId":0,"tile":"16/56376/26308","vt_code":3101,"vt_lvorder":0},"type":"Feature"},{"geometry":{"coordinates":[[[129.6875336766243,33.41209582288307],[129.6876221895218,33.41207903094614],[129.6876221895218,33.41202753565265],[129.68760073184967,33.411999549067296],[129.6875336766243,33.411999549067296],[129.68749344348907,33.412016341019594],[129.68750685453415,33.412067836319714],[129.6875336766243,33.41209582288307]]],"type":"Polygon"},"properties":{"layer":"BldA","prefCode":"42","sourceId":0,"tile":"16/56376/26308","vt_code":3101,"vt_lvorder":0},"type":"Feature"},{"geometry":{"coordinates":[[[129.6878032386303,33.41210142019465],[129.68783676624298,33.41209022557112],[129.68790382146835,33.4120846282588],[129.68791723251343,33.41206223900596],[129.68788370490074,33.411999549067296],[129.68783676624298,33.411999549067296],[129.68777641654015,33.412016341019594],[129.68777641654015,33.41206223900596],[129.6878032386303,33.41210142019465]]],"type":"Polygon"},"properties":{"layer":"BldA","prefCode":"42","sourceId":0,"tile":"16/56376/26308","vt_code":3101,"vt_lvorder":0},"type":"Feature"},{"geometry":{"coordinates":[[[129.6878930926323,33.41228613127469],[129.68798160552979,33.41226486153398],[129.68806475400925,33.412216724733106],[129.6881103515625,33.4121954549754],[129.68811571598053,33.41219209659212],[129.6881103515625,33.41217194628975],[129.6881103515625,33.41216075167531],[129.68813583254814,33.41215403490595],[129.6881103515625,33.412123809437404],[129.6880942583084,33.41210365911919],[129.6880030632019,33.4121305262091],[129.6878407895565,33.412232397182834],[129.6878930926323,33.41228613127469]]],"type":"Polygon"},"properties":{"layer":"BldA","prefCode":"42","sourceId":0,"tile":"16/56376/26308","vt_code":3101,"vt_lvorder":0},"type":"Feature"},{"geometry":{"coordinates":[[[129.68795210123062,33.4120857477213],[129.6881103515625,33.412049924914434],[129.68815460801125,33.412038730284266],[129.68813583254814,33.411951412119386],[129.6881103515625,33.41195700944028],[129.687929302454,33.41199283228546],[129.68795210123062,33.4120857477213]]],"type":"Polygon"},"properties":{"layer":"BldA","prefCode":"42","sourceId":0,"tile":"16/56376/26308","vt_code":3101,"vt_lvorder":0},"type":"Feature"},{"geometry":{"coordinates":[[[129.686761200428,33.411753266727324],[129.6867786347866,33.411709607512364],[129.6868295967579,33.41171968271777],[129.6868698298931,33.411557359821835],[129.6867223083973,33.41151593944808],[129.6866887807846,33.41165363412775],[129.68670889735222,33.41166035093581],[129.6866887807846,33.411739833125054],[129.686761200428,33.411753266727324]]],"type":"Polygon"},"properties":{"layer":"BldA","prefCode":"42","sourceId":0,"tile":"16/56376/26308","vt_code":3101,"vt_lvorder":0},"type":"Feature"},{"geometry":{"coordinates":[[[129.6868859231472,33.411541687250306],[129.68695431947708,33.411397275565285],[129.6868497133255,33.41135585511519],[129.68678399920464,33.4115036252791],[129.6868859231472,33.411541687250306]]],"type":"Polygon"},"properties":{"layer":"BldA","prefCode":"42","sourceId":0,"tile":"16/56376/26308","vt_code":3101,"vt_lvorder":0},"type":"Feature"},{"geometry":{"coordinates":[[[129.68713134527206,33.4119279033677],[129.68727618455887,33.41190439460963],[129.68727082014084,33.41185849653984],[129.68725472688675,33.4117868507239],[129.68711659312248,33.4118170763097],[129.6871192753315,33.41185401867808],[129.68710452318192,33.41185066028161],[129.68713134527206,33.4119279033677]]],"type":"Polygon"},"properties":{"layer":"BldA","prefCode":"42","sourceId":0,"tile":"16/56376/26308","vt_code":3101,"vt_lvorder":0},"type":"Feature"},{"geometry":{"coordinates":[[[129.68731373548508,33.4119525315836],[129.68750819563866,33.41191558925712],[129.68749210238457,33.41185961600525],[129.68748405575752,33.41181931524157],[129.68738615512848,33.41183610722871],[129.68736872076988,33.411772297660306],[129.68726947903633,33.411787970190225],[129.68731373548508,33.4119525315836]]],"type":"Polygon"},"properties":{"layer":"BldA","prefCode":"42","sourceId":0,"tile":"16/56376/26308","vt_code":3101,"vt_lvorder":0},"type":"Feature"},{"geometry":{"coordinates":[[[129.68696102499962,33.4113390630352],[129.68703746795654,33.41125622205974],[129.6869020164013,33.411159947313315],[129.68684166669846,33.411222637857996],[129.6869060397148,33.411261819425434],[129.68688994646072,33.41128420888461],[129.68696102499962,33.4113390630352]]],"type":"Polygon"},"properties":{"layer":"BldA","prefCode":"42","sourceId":0,"tile":"16/56376/26308","vt_code":3101,"vt_lvorder":0},"type":"Feature"},{"geometry":{"coordinates":[[[129.68685775995255,33.410971875407796],[129.6869583427906,33.41085880817336],[129.6868859231472,33.41079275892871],[129.68678399920464,33.41090582624913],[129.68685775995255,33.410971875407796]]],"type":"Polygon"},"properties":{"layer":"BldA","prefCode":"42","sourceId":0,"tile":"16/56376/26308","vt_code":3101,"vt_lvorder":0},"type":"Feature"},{"geometry":{"coordinates":[[[129.68695431947708,33.411046880323696],[129.6870481967926,33.41095844168468],[129.68696638941765,33.41089910938271],[129.6868684887886,33.41098083122206],[129.68695431947708,33.411046880323696]]],"type":"Polygon"},"properties":{"layer":"BldA","prefCode":"42","sourceId":0,"tile":"16/56376/26308","vt_code":3101,"vt_lvorder":0},"type":"Feature"},{"geometry":{"coordinates":[[[129.6870495378971,33.4111633057365],[129.6871004998684,33.41112524359948],[129.6870669722557,33.41109501777292],[129.68710452318192,33.41106815036269],[129.68701869249344,33.41100322075366],[129.68698784708977,33.411028968707875],[129.6869932115078,33.41103792451626],[129.68695431947708,33.41107934511796],[129.6870495378971,33.4111633057365]]],"type":"Polygon"},"properties":{"layer":"BldA","prefCode":"42","sourceId":0,"tile":"16/56376/26308","vt_code":3101,"vt_lvorder":0},"type":"Feature"},{"geometry":{"coordinates":[[[129.68710452318192,33.41098866755878],[129.68718498945236,33.410953963776514],[129.68723863363266,33.41092037945789],[129.68723192811012,33.41089798990493],[129.6871715784073,33.41085880817336],[129.68713134527206,33.410864405564666],[129.68705758452415,33.41092597684523],[129.6870844066143,33.410966278023416],[129.68710452318192,33.41098866755878]]],"type":"Polygon"},"properties":{"layer":"BldA","prefCode":"42","sourceId":0,"tile":"16/56376/26308","vt_code":3101,"vt_lvorder":0},"type":"Feature"},{"geometry":{"coordinates":[[[129.68727752566338,33.41092261841287],[129.68741163611412,33.41088903408213],[129.68740493059158,33.41084425495428],[129.68737810850143,33.41082074590292],[129.68725070357323,33.410855449738406],[129.68725606799126,33.410900228860484],[129.68727752566338,33.41092261841287]]],"type":"Polygon"},"properties":{"layer":"BldA","prefCode":"42","sourceId":0,"tile":"16/56376/26308","vt_code":3101,"vt_lvorder":0},"type":"Feature"},{"geometry":{"coordinates":[[[129.68751892447472,33.41191335032774],[129.6877321600914,33.41186857172798],[129.68771070241928,33.411787970190225],[129.68760207295418,33.41180476218342],[129.6875873208046,33.41173535525717],[129.6874786913395,33.41175550566083],[129.68751892447472,33.41191335032774]]],"type":"Polygon"},"properties":{"layer":"BldA","prefCode":"42","sourceId":0,"tile":"16/56376/26308","vt_code":3101,"vt_lvorder":0},"type":"Feature"},{"geometry":{"coordinates":[[[129.68775495886803,33.411727518987824],[129.68775361776352,33.4116480367873],[129.68764767050743,33.41164915625542],[129.68764632940292,33.41171744378333],[129.68775495886803,33.411727518987824]]],"type":"Polygon"},"properties":{"layer":"BldA","prefCode":"42","sourceId":0,"tile":"16/56376/26308","vt_code":3101,"vt_lvorder":0},"type":"Feature"},{"geometry":{"coordinates":[[[129.68785017728806,33.411909991933555],[129.68788370490074,33.411898797285346],[129.68789711594582,33.41183610722871],[129.68787029385567,33.411813717911805],[129.68778312206268,33.411791328589125],[129.68775629997253,33.411841704557034],[129.68776300549507,33.41187081065851],[129.68781664967537,33.411898797285346],[129.68785017728806,33.411909991933555]]],"type":"Polygon"},"properties":{"layer":"BldA","prefCode":"42","sourceId":0,"tile":"16/56376/26308","vt_code":3101,"vt_lvorder":0},"type":"Feature"},{"geometry":{"coordinates":[[[129.687931984663,33.411828270968456],[129.6879681944847,33.41176334192766],[129.68786761164665,33.41171632431609],[129.6878743171692,33.41169169603321],[129.687842130661,33.41168050135686],[129.68784615397453,33.41166482880755],[129.68781128525734,33.41165699253184],[129.68777373433113,33.411762222461014],[129.687931984663,33.411828270968456]]],"type":"Polygon"},"properties":{"layer":"BldA","prefCode":"42","sourceId":0,"tile":"16/56376/26308","vt_code":3101,"vt_lvorder":0},"type":"Feature"},{"geometry":{"coordinates":[[[129.68802586197853,33.4119525315836],[129.68805134296417,33.41186073547065],[129.6879467368126,33.41183834616008],[129.68792125582695,33.411918947651095],[129.68802586197853,33.4119525315836]]],"type":"Polygon"},"properties":{"layer":"BldA","prefCode":"42","sourceId":0,"tile":"16/56376/26308","vt_code":3101,"vt_lvorder":0},"type":"Feature"},{"geometry":{"coordinates":[[[129.68743577599525,33.410875600346195],[129.6876047551632,33.41087000295561],[129.68759804964066,33.410797236845184],[129.68742907047272,33.410797236845184],[129.68742907047272,33.41087000295561],[129.68743577599525,33.410875600346195]]],"type":"Polygon"},"properties":{"layer":"BldA","prefCode":"42","sourceId":0,"tile":"16/56376/26308","vt_code":3101,"vt_lvorder":0},"type":"Feature"},{"geometry":{"coordinates":[[[129.68608394265175,33.410686408344475],[129.6861308813095,33.41067521353856],[129.68614429235458,33.41061812000595],[129.68612417578697,33.410590132966455],[129.6860758960247,33.41057893814813],[129.68603566288948,33.41055654850716],[129.68596994876862,33.41055654850716],[129.6859484910965,33.41059573037507],[129.6859484910965,33.410636031706495],[129.6860571205616,33.41068081094169],[129.68608394265175,33.410686408344475]]],"type":"Polygon"},"properties":{"layer":"BldA","prefCode":"42","sourceId":0,"tile":"16/56376/26308","vt_code":3101,"vt_lvorder":0},"type":"Feature"},{"geometry":{"coordinates":[[[129.68601018190384,33.410465870402184],[129.68605041503906,33.41045467556785],[129.68611747026443,33.410387506531514],[129.68610405921936,33.410353921993874],[129.68604370951653,33.41031921795799],[129.68596994876862,33.410381909109475],[129.6859484910965,33.41042109105617],[129.68601018190384,33.410465870402184]]],"type":"Polygon"},"properties":{"layer":"BldA","prefCode":"42","sourceId":0,"tile":"16/56376/26308","vt_code":3101,"vt_lvorder":0},"type":"Feature"},{"geometry":{"coordinates":[[[129.6857875585556,33.40990836589888],[129.6858747303486,33.409897170992686],[129.6858747303486,33.409800894739874],[129.6858613193035,33.40977850489834],[129.68578085303307,33.40978410235927],[129.68577414751053,33.40990276844597],[129.6857875585556,33.40990836589888]]],"type":"Polygon"},"properties":{"layer":"BldA","prefCode":"42","sourceId":0,"tile":"16/56376/26308","vt_code":3101,"vt_lvorder":0},"type":"Feature"},{"geometry":{"coordinates":[[[129.68647956848145,33.41061812000595],[129.68654662370682,33.41057893814813],[129.68653321266174,33.410528561447826],[129.68649297952652,33.410471467818816],[129.68644604086876,33.41047818471829],[129.686399102211,33.41050617179386],[129.68645945191383,33.41060692519123],[129.68647956848145,33.41061812000595]]],"type":"Polygon"},"properties":{"layer":"BldA","prefCode":"42","sourceId":0,"tile":"16/56376/26308","vt_code":3101,"vt_lvorder":0},"type":"Feature"},{"geometry":{"coordinates":[[[129.68664720654488,33.41072559015382],[129.68669414520264,33.410708797951976],[129.68672767281532,33.410664018731204],[129.6866539120674,33.410590132966455],[129.6866337954998,33.41059573037507],[129.68662038445473,33.41061252259877],[129.6865801513195,33.41063043430047],[129.6865801513195,33.410658421326985],[129.68664720654488,33.41072559015382]]],"type":"Polygon"},"properties":{"layer":"BldA","prefCode":"42","sourceId":0,"tile":"16/56376/26308","vt_code":3101,"vt_lvorder":0},"type":"Feature"},{"geometry":{"coordinates":[[[129.68639239668846,33.410353921993874],[129.68643262982368,33.4103427271451],[129.68648627400398,33.41025204881691],[129.68645945191383,33.41022965909168],[129.686399102211,33.41021846422689],[129.6863789856434,33.41021846422689],[129.68631863594055,33.41030242567759],[129.68633204698563,33.41032593486925],[129.68639239668846,33.410353921993874]]],"type":"Polygon"},"properties":{"layer":"BldA","prefCode":"42","sourceId":0,"tile":"16/56376/26308","vt_code":3101,"vt_lvorder":0},"type":"Feature"},{"geometry":{"coordinates":[[[129.6865265071392,33.410437883313634],[129.6865600347519,33.41042109105617],[129.68660026788712,33.4103651168412],[129.68660026788712,33.41032593486925],[129.68654662370682,33.41030914259014],[129.6865063905716,33.410313620531554],[129.68646615743637,33.41037071426432],[129.68645945191383,33.410409896216066],[129.6865265071392,33.410437883313634]]],"type":"Polygon"},"properties":{"layer":"BldA","prefCode":"42","sourceId":0,"tile":"16/56376/26308","vt_code":3101,"vt_lvorder":0},"type":"Feature"},{"geometry":{"coordinates":[[[129.68664720654488,33.410522964034875],[129.6866874396801,33.41051176920789],[129.68675449490547,33.41043228589484],[129.68671426177025,33.41039870137452],[129.68668073415756,33.410387506531514],[129.68658685684204,33.410471467818816],[129.68658685684204,33.41049497696471],[129.68664720654488,33.410522964034875]]],"type":"Polygon"},"properties":{"layer":"BldA","prefCode":"42","sourceId":0,"tile":"16/56376/26308","vt_code":3101,"vt_lvorder":0},"type":"Feature"},{"geometry":{"coordinates":[[[129.68666061758995,33.41017928218879],[129.68669414520264,33.41016696783031],[129.68671426177025,33.4101221883302],[129.6867075562477,33.41009420113091],[129.68662708997726,33.41006061647985],[129.68660026788712,33.4100662139226],[129.68656674027443,33.4101221883302],[129.68657344579697,33.41013898064544],[129.68666061758995,33.41017928218879]]],"type":"Polygon"},"properties":{"layer":"BldA","prefCode":"42","sourceId":0,"tile":"16/56376/26308","vt_code":3101,"vt_lvorder":0},"type":"Feature"},{"geometry":{"coordinates":[[[129.6859149634838,33.40964304623401],[129.68595519661903,33.409631851293625],[129.68601688742638,33.409626253822886],[129.68598872423172,33.409507587358426],[129.68597665429115,33.40949079492112],[129.68590825796127,33.40949639240058],[129.6858747303486,33.409513184836804],[129.6858747303486,33.40954117222331],[129.68590155243874,33.409631851293625],[129.6859149634838,33.40964304623401]]],"type":"Polygon"},"properties":{"layer":"BldA","prefCode":"42","sourceId":0,"tile":"16/56376/26308","vt_code":3101,"vt_lvorder":0},"type":"Feature"},{"geometry":{"coordinates":[[[129.68575403094292,33.40942138614579],[129.68585059046745,33.40935869430106],[129.68580901622772,33.40932175087138],[129.68579828739166,33.40932734836173],[129.68577682971954,33.40930495839814],[129.68572586774826,33.40933854334136],[129.68572854995728,33.40937100877414],[129.6857124567032,33.40938444274277],[129.68575403094292,33.40942138614579]]],"type":"Polygon"},"properties":{"layer":"BldA","prefCode":"42","sourceId":0,"tile":"16/56376/26308","vt_code":3101,"vt_lvorder":0},"type":"Feature"},{"geometry":{"coordinates":[[[129.68545898795128,33.40915382599293],[129.68550190329552,33.40913479448622],[129.68550994992256,33.409145989490675],[129.6856614947319,33.40908217794599],[129.68572586774826,33.409062026922136],[129.6856963634491,33.40900829083568],[129.68562796711922,33.40903291987944],[129.68561455607414,33.40900157382254],[129.68567222356796,33.40896910825169],[129.68564808368683,33.40894447918984],[129.6855716407299,33.408989259297094],[129.6855863928795,33.40900829083568],[129.6854442358017,33.40906874393061],[129.68545228242874,33.409081058444784],[129.6854254603386,33.40909225345616],[129.68545898795128,33.40915382599293]]],"type":"Polygon"},"properties":{"layer":"BldA","prefCode":"42","sourceId":0,"tile":"16/56376/26308","vt_code":3101,"vt_lvorder":0},"type":"Feature"},{"geometry":{"coordinates":[[[129.68651980161667,33.409513184836804],[129.6866337954998,33.40949639240058],[129.6866337954998,33.40943482010664],[129.6866136789322,33.409412430170754],[129.68648627400398,33.40942922262321],[129.68649297952652,33.40948519744129],[129.68651980161667,33.409513184836804]]],"type":"Polygon"},"properties":{"layer":"BldA","prefCode":"42","sourceId":0,"tile":"16/56376/26308","vt_code":3101,"vt_lvorder":0},"type":"Feature"},{"geometry":{"coordinates":[[[129.68678802251816,33.41082186538169],[129.6868698298931,33.41077036934285],[129.68689665198326,33.410747979751214],[129.68688994646072,33.41071999275356],[129.68683630228043,33.41068081094169],[129.68678131699562,33.41070320055064],[129.68672767281532,33.410747979751214],[129.68673437833786,33.41078268361578],[129.68678802251816,33.41082186538169]]],"type":"Polygon"},"properties":{"layer":"BldA","prefCode":"42","sourceId":0,"tile":"16/56376/26308","vt_code":3101,"vt_lvorder":0},"type":"Feature"},{"geometry":{"coordinates":[[[129.68677461147308,33.410652823922405],[129.6868295967579,33.410636031706495],[129.68685507774353,33.41061252259877],[129.6868295967579,33.41051736662156],[129.6868148446083,33.41050617179386],[129.68673437833786,33.41051736662156],[129.68673437833786,33.410567743328365],[129.68677461147308,33.410652823922405]]],"type":"Polygon"},"properties":{"layer":"BldA","prefCode":"42","sourceId":0,"tile":"16/56376/26308","vt_code":3101,"vt_lvorder":0},"type":"Feature"},{"geometry":{"coordinates":[[[129.687030762434,33.410534158860415],[129.68709781765938,33.41051736662156],[129.6871581673622,33.4104893795496],[129.68714475631714,33.41044907815014],[129.687117934227,33.41042109105617],[129.6870642900467,33.41042668847569],[129.68703746795654,33.41044348073206],[129.6870106458664,33.41044907815014],[129.68698382377625,33.410471467818816],[129.68699723482132,33.41049497696471],[129.687030762434,33.410534158860415]]],"type":"Polygon"},"properties":{"layer":"BldA","prefCode":"42","sourceId":0,"tile":"16/56376/26308","vt_code":3101,"vt_lvorder":0},"type":"Feature"},{"geometry":{"coordinates":[[[129.68695029616356,33.410387506531514],[129.6869771182537,33.410376311687074],[129.68701735138893,33.41032593486925],[129.6870106458664,33.410313620531554],[129.68698382377625,33.410291230822196],[129.6869033575058,33.41025764624732],[129.68686178326607,33.410313620531554],[129.6868698298931,33.410337129720176],[129.68695029616356,33.410387506531514]]],"type":"Polygon"},"properties":{"layer":"BldA","prefCode":"42","sourceId":0,"tile":"16/56376/26308","vt_code":3101,"vt_lvorder":0},"type":"Feature"},{"geometry":{"coordinates":[[[129.68721851706505,33.410584535557476],[129.68725875020027,33.410567743328365],[129.68728557229042,33.410567743328365],[129.6872989833355,33.41055654850716],[129.68727886676788,33.410465870402184],[129.6871916949749,33.41047818471829],[129.6871916949749,33.410545353684505],[129.68721851706505,33.410584535557476]]],"type":"Polygon"},"properties":{"layer":"BldA","prefCode":"42","sourceId":0,"tile":"16/56376/26308","vt_code":3101,"vt_lvorder":0},"type":"Feature"},{"geometry":{"coordinates":[[[129.68682155013084,33.41024085395502],[129.686848372221,33.41022406165946],[129.68689665198326,33.410156892444796],[129.68688994646072,33.41013338320739],[129.68687653541565,33.4101221883302],[129.68680277466774,33.41011659089106],[129.68678131699562,33.41013898064544],[129.68674778938293,33.41019047705863],[129.68675449490547,33.41020167192701],[129.6867960691452,33.41022965909168],[129.68682155013084,33.41024085395502]]],"type":"Polygon"},"properties":{"layer":"BldA","prefCode":"42","sourceId":0,"tile":"16/56376/26308","vt_code":3101,"vt_lvorder":0},"type":"Feature"},{"geometry":{"coordinates":[[[129.68684300780296,33.409969937857156],[129.6868698298931,33.40995874295889],[129.6868832409382,33.40990276844597],[129.68672767281532,33.4098691837209],[129.6867075562477,33.40993635315805],[129.68684300780296,33.409969937857156]]],"type":"Polygon"},"properties":{"layer":"BldA","prefCode":"42","sourceId":0,"tile":"16/56376/26308","vt_code":3101,"vt_lvorder":0},"type":"Feature"},{"geometry":{"coordinates":[[[129.68790516257286,33.410779325177884],[129.68790918588638,33.41076924986341],[129.68804866075516,33.41076589142498],[129.68804329633713,33.41069984210967],[129.68790650367737,33.410704320030945],[129.68788102269173,33.4107155148331],[129.6878769993782,33.410778205698556],[129.68790516257286,33.410779325177884]]],"type":"Polygon"},"properties":{"layer":"BldA","prefCode":"42","sourceId":0,"tile":"16/56376/26308","vt_code":3101,"vt_lvorder":0},"type":"Feature"},{"geometry":{"coordinates":[[[129.68685507774353,33.40944601507241],[129.6869221329689,33.40943146161663],[129.6868859231472,33.409348618821795],[129.68682155013084,33.409366530784126],[129.68685507774353,33.40944601507241]]],"type":"Polygon"},"properties":{"layer":"BldA","prefCode":"42","sourceId":0,"tile":"16/56376/26308","vt_code":3101,"vt_lvorder":0},"type":"Feature"},{"geometry":{"coordinates":[[[129.68695431947708,33.409493033912945],[129.68705758452415,33.40946952449587],[129.68704283237457,33.4094146691646],[129.6870294213295,33.4094146691646],[129.68699991703033,33.40932398986756],[129.6869060397148,33.40934078233712],[129.68695431947708,33.409493033912945]]],"type":"Polygon"},"properties":{"layer":"BldA","prefCode":"42","sourceId":0,"tile":"16/56376/26308","vt_code":3101,"vt_lvorder":0},"type":"Feature"},{"geometry":{"coordinates":[[[129.6867410838604,33.40918853049442],[129.68684434890747,33.40914934799172],[129.6867772936821,33.40901948585643],[129.686668664217,33.409054190411595],[129.68670219182968,33.40913031648404],[129.6867410838604,33.40918853049442]]],"type":"Polygon"},"properties":{"layer":"BldA","prefCode":"42","sourceId":0,"tile":"16/56376/26308","vt_code":3101,"vt_lvorder":0},"type":"Feature"},{"geometry":{"coordinates":[[[129.68686312437057,33.40925570045792],[129.68696370720863,33.40923442997509],[129.68692883849144,33.409147108991036],[129.68682691454887,33.40918181349521],[129.68686312437057,33.40925570045792]]],"type":"Polygon"},"properties":{"layer":"BldA","prefCode":"42","sourceId":0,"tile":"16/56376/26308","vt_code":3101,"vt_lvorder":0},"type":"Feature"},{"geometry":{"coordinates":[[[129.68715146183968,33.409611700397285],[129.68721315264702,33.40956915960079],[129.68713402748108,33.40949975088809],[129.68706831336021,33.40954341121383],[129.68715146183968,33.409611700397285]]],"type":"Polygon"},"properties":{"layer":"BldA","prefCode":"42","sourceId":0,"tile":"16/56376/26308","vt_code":3101,"vt_lvorder":0},"type":"Feature"},{"geometry":{"coordinates":[[[129.68716889619827,33.40946168802209],[129.6872614324093,33.40944265658284],[129.68721449375153,33.40934078233712],[129.68710586428642,33.409373247769054],[129.6871192753315,33.409412430170754],[129.68716889619827,33.40946168802209]]],"type":"Polygon"},"properties":{"layer":"BldA","prefCode":"42","sourceId":0,"tile":"16/56376/26308","vt_code":3101,"vt_lvorder":0},"type":"Feature"},{"geometry":{"coordinates":[[[129.68727484345436,33.40972253026927],[129.68734726309776,33.40965536066676],[129.68724131584167,33.40956580111597],[129.68716084957123,33.40963520977589],[129.68727484345436,33.40972253026927]]],"type":"Polygon"},"properties":{"layer":"BldA","prefCode":"42","sourceId":0,"tile":"16/56376/26308","vt_code":3101,"vt_lvorder":0},"type":"Feature"},{"geometry":{"coordinates":[[[129.68735933303833,33.40960386393633],[129.68739956617355,33.4095926689909],[129.68743309378624,33.409570279095696],[129.6874263882637,33.40953669424207],[129.68738615512848,33.4094795999611],[129.68734592199326,33.4094795999611],[129.68729227781296,33.40950870685413],[129.68733921647072,33.4095982664638],[129.68735933303833,33.40960386393633]]],"type":"Polygon"},"properties":{"layer":"BldA","prefCode":"42","sourceId":0,"tile":"16/56376/26308","vt_code":3101,"vt_lvorder":0},"type":"Feature"},{"geometry":{"coordinates":[[[129.687120616436,33.40921539848605],[129.68719571828842,33.40918181349521],[129.68715146183968,33.40910232896517],[129.68710452318192,33.4090855364495],[129.68706026673317,33.409116882476106],[129.687120616436,33.40921539848605]]],"type":"Polygon"},"properties":{"layer":"BldA","prefCode":"42","sourceId":0,"tile":"16/56376/26308","vt_code":3101,"vt_lvorder":0},"type":"Feature"},{"geometry":{"coordinates":[[[129.68694359064102,33.409143750489896],[129.68705892562866,33.4090978509613],[129.6870119869709,33.40901948585643],[129.6869596838951,33.40894671819575],[129.68688189983368,33.40898142277999],[129.68691006302834,33.409035158883064],[129.68688189983368,33.40905530991315],[129.68694359064102,33.409143750489896]]],"type":"Polygon"},"properties":{"layer":"BldA","prefCode":"42","sourceId":0,"tile":"16/56376/26308","vt_code":3101,"vt_lvorder":0},"type":"Feature"},{"geometry":{"coordinates":[[[129.68749478459358,33.40920308399092],[129.68754440546036,33.40912247997966],[129.68739688396454,33.40905642941468],[129.6873553097248,33.40913815298771],[129.68749478459358,33.40920308399092]]],"type":"Polygon"},"properties":{"layer":"BldA","prefCode":"42","sourceId":0,"tile":"16/56376/26308","vt_code":3101,"vt_lvorder":0},"type":"Feature"},{"geometry":{"coordinates":[[[129.6875873208046,33.40905642941468],[129.68763425946236,33.408978064272446],[129.68749478459358,33.408926567140476],[129.68745052814484,33.40900157382254],[129.6875873208046,33.40905642941468]]],"type":"Polygon"},"properties":{"layer":"BldA","prefCode":"42","sourceId":0,"tile":"16/56376/26308","vt_code":3101,"vt_lvorder":0},"type":"Feature"},{"geometry":{"coordinates":[[[129.688111692667,33.41229844533273],[129.6882176399231,33.412282772894926],[129.6882176399231,33.412190977131004],[129.68813583254814,33.41220776904629],[129.68814119696617,33.412230158261615],[129.6881103515625,33.41223799448562],[129.6880915760994,33.41224135286712],[129.6881103515625,33.412295086953435],[129.688111692667,33.41229844533273]]],"type":"Polygon"},"properties":{"layer":"BldA","prefCode":"42","sourceId":0,"tile":"16/56376/26308","vt_code":3101,"vt_lvorder":0},"type":"Feature"},{"geometry":{"coordinates":[[[129.68817338347435,33.412165229521264],[129.6882176399231,33.4121641100598],[129.6882176399231,33.41209246449594],[129.6881814301014,33.412093583958324],[129.68817338347435,33.412165229521264]]],"type":"Polygon"},"properties":{"layer":"BldA","prefCode":"42","sourceId":0,"tile":"16/56376/26308","vt_code":3101,"vt_lvorder":0},"type":"Feature"},{"geometry":{"coordinates":[[[129.68821227550507,33.412016341019594],[129.6882176399231,33.4120152215562],[129.6882176399231,33.41192342550951],[129.68818545341492,33.41192678390317],[129.68815192580223,33.41195477051197],[129.68815192580223,33.41198275711175],[129.68821227550507,33.412016341019594]]],"type":"Polygon"},"properties":{"layer":"BldA","prefCode":"42","sourceId":0,"tile":"16/56376/26308","vt_code":3101,"vt_lvorder":0},"type":"Feature"},{"geometry":{"coordinates":[[[129.68816131353378,33.411939098012155],[129.68820556998253,33.41188424424052],[129.688111692667,33.4118372266944],[129.6881103515625,33.41183946562575],[129.6880741417408,33.411889841565745],[129.6881103515625,33.4119111113983],[129.68816131353378,33.411939098012155]]],"type":"Polygon"},"properties":{"layer":"BldA","prefCode":"42","sourceId":0,"tile":"16/56376/26308","vt_code":3101,"vt_lvorder":0},"type":"Feature"},{"geometry":{"coordinates":[[[129.68267887830734,33.40732566281161],[129.6827593445778,33.40730327233207],[129.68274593353271,33.40724729610798],[129.68271240592003,33.40717340743694],[129.68262523412704,33.40720251510274],[129.68262523412704,33.40722490560824],[129.68267887830734,33.40732566281161]]],"type":"Polygon"},"properties":{"layer":"BldA","prefCode":"42","sourceId":0,"tile":"16/56376/26309","vt_code":3101,"vt_lvorder":0},"type":"Feature"},{"geometry":{"coordinates":[[[129.6839341521263,33.40689240600797],[129.683967679739,33.406875613065104],[129.6840414404869,33.406796126424815],[129.68403473496437,33.40677933346334],[129.68397438526154,33.40674574753064],[129.68386709690094,33.40684090763956],[129.68387380242348,33.40685322246956],[129.6839341521263,33.40689240600797]]],"type":"Polygon"},"properties":{"layer":"BldA","prefCode":"42","sourceId":0,"tile":"16/56376/26309","vt_code":3101,"vt_lvorder":0},"type":"Feature"},{"geometry":{"coordinates":[[[129.68749344348907,33.40774324419752],[129.68752697110176,33.40772645141914],[129.68752697110176,33.407659280273116],[129.68741297721863,33.40763129228028],[129.68739286065102,33.407648085077064],[129.68737944960594,33.4077096586375],[129.68739956617355,33.40772645141914],[129.68749344348907,33.40774324419752]]],"type":"Polygon"},"properties":{"layer":"BldA","prefCode":"42","sourceId":0,"tile":"16/56376/26309","vt_code":3101,"vt_lvorder":0},"type":"Feature"},{"geometry":{"coordinates":[[[129.6880030632019,33.41225254747118],[129.68806475400925,33.412216724733106],[129.6881103515625,33.4121954549754],[129.68811571598053,33.41219209659212],[129.6881103515625,33.41217194628975],[129.6881103515625,33.41216075167531],[129.68813583254814,33.41215403490595],[129.6881103515625,33.412123809437404],[129.6880942583084,33.41210365911919],[129.6880030632019,33.4121305262091],[129.6880030632019,33.41225254747118]]],"type":"Polygon"},"properties":{"layer":"BldA","prefCode":"42","sourceId":0,"tile":"16/56377/26308","vt_code":3101,"vt_lvorder":0},"type":"Feature"},{"geometry":{"coordinates":[[[129.6880030632019,33.41207455309575],[129.6881103515625,33.412049924914434],[129.68815460801125,33.412038730284266],[129.68813583254814,33.411951412119386],[129.6881103515625,33.41195700944028],[129.6880030632019,33.411978279256395],[129.6880030632019,33.41207455309575]]],"type":"Polygon"},"properties":{"layer":"BldA","prefCode":"42","sourceId":0,"tile":"16/56377/26308","vt_code":3101,"vt_lvorder":0},"type":"Feature"},{"geometry":{"coordinates":[[[129.68802586197853,33.4119525315836],[129.68805134296417,33.41186073547065],[129.6880030632019,33.41185066028161],[129.6880030632019,33.41194581479814],[129.68802586197853,33.4119525315836]]],"type":"Polygon"},"properties":{"layer":"BldA","prefCode":"42","sourceId":0,"tile":"16/56377/26308","vt_code":3101,"vt_lvorder":0},"type":"Feature"},{"geometry":{"coordinates":[[[129.6880030632019,33.41076701090447],[129.68804866075516,33.41076589142498],[129.68804329633713,33.41069984210967],[129.6880030632019,33.41070208107034],[129.6880030632019,33.41076701090447]]],"type":"Polygon"},"properties":{"layer":"BldA","prefCode":"42","sourceId":0,"tile":"16/56377/26308","vt_code":3101,"vt_lvorder":0},"type":"Feature"},{"geometry":{"coordinates":[[[129.688111692667,33.41229844533273],[129.688291400671,33.412271578294764],[129.68826591968536,33.41218314090276],[129.68820556998253,33.41219209659212],[129.68813583254814,33.41220776904629],[129.68814119696617,33.412230158261615],[129.6881103515625,33.41223799448562],[129.6880915760994,33.41224135286712],[129.6881103515625,33.412295086953435],[129.688111692667,33.41229844533273]]],"type":"Polygon"},"properties":{"layer":"BldA","prefCode":"42","sourceId":0,"tile":"16/56377/26308","vt_code":3101,"vt_lvorder":0},"type":"Feature"},{"geometry":{"coordinates":[[[129.68817338347435,33.412165229521264],[129.688291400671,33.41216075167531],[129.6882900595665,33.41209022557112],[129.6881814301014,33.412093583958324],[129.68817338347435,33.412165229521264]]],"type":"Polygon"},"properties":{"layer":"BldA","prefCode":"42","sourceId":0,"tile":"16/56377/26308","vt_code":3101,"vt_lvorder":0},"type":"Feature"},{"geometry":{"coordinates":[[[129.68821227550507,33.412016341019594],[129.6882525086403,33.41200514638509],[129.6882726252079,33.41197156247292],[129.6882726252079,33.41193797854777],[129.68823909759521,33.41192118658033],[129.68818545341492,33.41192678390317],[129.68815192580223,33.41195477051197],[129.68815192580223,33.41198275711175],[129.68821227550507,33.412016341019594]]],"type":"Polygon"},"properties":{"layer":"BldA","prefCode":"42","sourceId":0,"tile":"16/56377/26308","vt_code":3101,"vt_lvorder":0},"type":"Feature"},{"geometry":{"coordinates":[[[129.68869775533676,33.41207903094614],[129.6887205541134,33.41199731014007],[129.68855157494545,33.411958128904416],[129.6885260939598,33.41203089404229],[129.68869775533676,33.41207903094614]]],"type":"Polygon"},"properties":{"layer":"BldA","prefCode":"42","sourceId":0,"tile":"16/56377/26308","vt_code":3101,"vt_lvorder":0},"type":"Feature"},{"geometry":{"coordinates":[[[129.68835040926933,33.41072670963383],[129.68842148780823,33.41070096159001],[129.68841075897217,33.41067073561579],[129.6884536743164,33.41065170444144],[129.68844026327133,33.41062035896872],[129.68831285834312,33.41067745249986],[129.68835040926933,33.41072670963383]]],"type":"Polygon"},"properties":{"layer":"BldA","prefCode":"42","sourceId":0,"tile":"16/56377/26308","vt_code":3101,"vt_lvorder":0},"type":"Feature"},{"geometry":{"coordinates":[[[129.6884188055992,33.409378845256086],[129.68846306204796,33.409348618821795],[129.68840941786766,33.409301599903095],[129.68837454915047,33.40933294585172],[129.6884188055992,33.409378845256086]]],"type":"Polygon"},"properties":{"layer":"BldA","prefCode":"42","sourceId":0,"tile":"16/56377/26308","vt_code":3101,"vt_lvorder":0},"type":"Feature"},{"geometry":{"coordinates":[[[135.2823375,34.6520839],[135.2825515,34.6520995],[135.2825572,34.6520462],[135.2823433,34.6520306],[135.282341,34.6520514],[135.2823397,34.6520634],[135.2823375,34.6520839]]],"type":"Polygon"},"properties":{"prefCode":"28","source":"OpenStreetMap","sourceId":921932304,"tile":"cached-kansai-osm"},"type":"Feature"},{"geometry":{"coordinates":[[[142.72676959633827,42.34549803272618],[142.72689566016197,42.345451446047946],[142.72683799266815,42.34536620224949],[142.72671326994896,42.34541378019776],[142.72676959633827,42.34549803272618]]],"type":"Polygon"},"properties":{"layer":"BldA","prefCode":"01","sourceId":0,"tile":"16/58750/24243","vt_code":3101,"vt_lvorder":0},"type":"Feature"},{"geometry":{"coordinates":[[[142.7269345521927,42.34577061366214],[142.72708743810654,42.345712132760916],[142.72695064544678,42.34551686562885],[142.72679775953293,42.34557534671171],[142.7269345521927,42.34577061366214]]],"type":"Polygon"},"properties":{"layer":"BldA","prefCode":"01","sourceId":0,"tile":"16/58750/24243","vt_code":3101,"vt_lvorder":0},"type":"Feature"},{"geometry":{"coordinates":[[[142.72677764296532,42.34511542621869],[142.72696405649185,42.34507181289383],[142.7268299460411,42.34475561538376],[142.72664353251457,42.344799228927975],[142.72677764296532,42.34511542621869]]],"type":"Polygon"},"properties":{"layer":"BldA","prefCode":"01","sourceId":0,"tile":"16/58750/24243","vt_code":3101,"vt_lvorder":0},"type":"Feature"},{"geometry":{"coordinates":[[[142.72696003317833,42.34539792088567],[142.72731140255928,42.345234371496346],[142.72724032402039,42.345149127403545],[142.7270069718361,42.34525716931554],[142.7269895374775,42.345236353915745],[142.72687017917633,42.34529186163321],[142.72696003317833,42.34539792088567]]],"type":"Polygon"},"properties":{"layer":"BldA","prefCode":"01","sourceId":0,"tile":"16/58750/24243","vt_code":3101,"vt_lvorder":0},"type":"Feature"},{"geometry":{"coordinates":[[[142.72736638784409,42.34441860061281],[142.72745221853256,42.344394811266596],[142.72740930318832,42.344310557259696],[142.72732347249985,42.344335337861686],[142.72736638784409,42.34441860061281]]],"type":"Polygon"},"properties":{"layer":"BldA","prefCode":"01","sourceId":0,"tile":"16/58750/24243","vt_code":3101,"vt_lvorder":0},"type":"Feature"},{"geometry":{"coordinates":[[[142.72746428847313,42.34440571471806],[142.72754207253456,42.34438390781324],[142.72749245166779,42.344287759097234],[142.72741600871086,42.34430956603541],[142.72746428847313,42.34440571471806]]],"type":"Polygon"},"properties":{"layer":"BldA","prefCode":"01","sourceId":0,"tile":"16/58750/24243","vt_code":3101,"vt_lvorder":0},"type":"Feature"},{"geometry":{"coordinates":[[[142.7266475558281,42.34438985515167],[142.72701635956764,42.344314522156665],[142.726898342371,42.34399435592088],[142.72691309452057,42.34399039100371],[142.72689029574394,42.34392794352537],[142.72680580615997,42.34394578566837],[142.7266690135002,42.34372870591793],[142.72660195827484,42.34375150428311],[142.72658720612526,42.343727714684476],[142.72654831409454,42.343741591951435],[142.72669851779938,42.34397948748021],[142.72651210427284,42.34402805770669],[142.7266475558281,42.34438985515167]]],"type":"Polygon"},"properties":{"layer":"BldA","prefCode":"01","sourceId":0,"tile":"16/58750/24243","vt_code":3101,"vt_lvorder":0},"type":"Feature"},{"geometry":{"coordinates":[[[142.7263243496418,42.343822873025005],[142.72640883922577,42.34381196947246],[142.72636994719505,42.34369896890745],[142.72629484534264,42.34371581988178],[142.72629484534264,42.34376141661322],[142.72631764411926,42.343817916865],[142.7263243496418,42.343822873025005]]],"type":"Polygon"},"properties":{"layer":"BldA","prefCode":"01","sourceId":0,"tile":"16/58750/24243","vt_code":3101,"vt_lvorder":0},"type":"Feature"},{"geometry":{"coordinates":[[[142.72655233740807,42.34355325735275],[142.72667437791824,42.343524511495964],[142.72671192884445,42.343519555312426],[142.7267038822174,42.34344620375044],[142.72658988833427,42.34345215117757],[142.72654429078102,42.34346900221806],[142.72649869322777,42.34347395840558],[142.72653758525848,42.34354730993519],[142.72655233740807,42.34355325735275]]],"type":"Polygon"},"properties":{"layer":"BldA","prefCode":"01","sourceId":0,"tile":"16/58750/24243","vt_code":3101,"vt_lvorder":0},"type":"Feature"},{"geometry":{"coordinates":[[[142.7275487780571,42.34435218866545],[142.72805705666542,42.34420251372091],[142.72791892290115,42.34394578566837],[142.72741198539734,42.344096452451765],[142.7275487780571,42.34435218866545]]],"type":"Polygon"},"properties":{"layer":"BldA","prefCode":"01","sourceId":0,"tile":"16/58750/24243","vt_code":3101,"vt_lvorder":0},"type":"Feature"},{"geometry":{"coordinates":[[[142.7261084318161,42.342289418476575],[142.72613659501076,42.34228446219568],[142.72613525390625,42.342278514658084],[142.7262157201767,42.34226364581164],[142.72620230913162,42.342225978051594],[142.72618487477303,42.342228951822946],[142.72618353366852,42.342225978051594],[142.72608563303947,42.342225978051594],[142.7261084318161,42.342289418476575]]],"type":"Polygon"},"properties":{"layer":"BldA","prefCode":"01","sourceId":0,"tile":"16/58750/24243","vt_code":3101,"vt_lvorder":0},"type":"Feature"},{"geometry":{"coordinates":[[[142.7261084318161,42.342289418476575],[142.72613659501076,42.34228446219568],[142.72613525390625,42.342278514658084],[142.7262157201767,42.34226364581164],[142.72620230913162,42.34222498679445],[142.72618487477303,42.342228951822946],[142.72616878151894,42.34218236272229],[142.72615939378738,42.34218434523792],[142.72615402936935,42.34217046762723],[142.72608160972595,42.342183353980104],[142.72608697414398,42.3422011966182],[142.72607892751694,42.34220317913323],[142.7261084318161,42.342289418476575]]],"type":"Polygon"},"properties":{"layer":"BldA","prefCode":"01","sourceId":0,"tile":"16/58750/24244","vt_code":3101,"vt_lvorder":0},"type":"Feature"},{"geometry":{"coordinates":[[[143.85904133319855,42.85380880944754],[143.85908961296082,42.85378816324689],[143.85906547307968,42.853755719203335],[143.8591070473194,42.853738022445135],[143.85907486081123,42.85369574683555],[143.8589407503605,42.85375375289713],[143.8589608669281,42.853779314873066],[143.85900378227234,42.85376161812162],[143.85904133319855,42.85380880944754]]],"type":"Polygon"},"properties":{"layer":"BldA","prefCode":"01","sourceId":0,"tile":"16/58956/24117","vt_code":3101,"vt_lvorder":0},"type":"Feature"},{"geometry":{"coordinates":[[[143.85948657989502,42.85367411744271],[143.8598956167698,42.85355417249039],[143.85984733700752,42.85346372204441],[143.85943695902824,42.8535836671724],[143.85948657989502,42.85367411744271]]],"type":"Polygon"},"properties":{"layer":"BldA","prefCode":"01","sourceId":0,"tile":"16/58956/24117","vt_code":3101,"vt_lvorder":0},"type":"Feature"},{"geometry":{"coordinates":[[[143.86012360453606,42.85349026729773],[143.860292583704,42.85344110941222],[143.86026710271835,42.85339195148758],[143.86009812355042,42.85344110941222],[143.86012360453606,42.85349026729773]]],"type":"Polygon"},"properties":{"layer":"BldA","prefCode":"01","sourceId":0,"tile":"16/58956/24117","vt_code":3111,"vt_lvorder":0},"type":"Feature"},{"geometry":{"coordinates":[[[143.8600592315197,42.85340866518635],[143.86015310883522,42.85333197876653],[143.86020943522453,42.85336933882911],[143.8602738082409,42.8533172313672],[143.85979905724525,42.853002619342305],[143.85964080691338,42.85313043067072],[143.8600592315197,42.85340866518635]]],"type":"Polygon"},"properties":{"layer":"BldA","prefCode":"01","sourceId":0,"tile":"16/58956/24117","vt_code":3101,"vt_lvorder":0},"type":"Feature"},{"geometry":{"coordinates":[[[143.86032342910767,42.85321989844322],[143.86041194200516,42.85314911076579],[143.859935849905,42.85282958204548],[143.85984867811203,42.85290037008915],[143.86032342910767,42.85321989844322]]],"type":"Polygon"},"properties":{"layer":"BldA","prefCode":"01","sourceId":0,"tile":"16/58956/24117","vt_code":3111,"vt_lvorder":0},"type":"Feature"},{"geometry":{"coordinates":[[[143.86028587818146,42.85293969674501],[143.8603676855564,42.85287972358479],[143.8602013885975,42.852756827582716],[143.86011958122253,42.852815817694236],[143.86028587818146,42.85293969674501]]],"type":"Polygon"},"properties":{"layer":"BldA","prefCode":"01","sourceId":0,"tile":"16/58956/24117","vt_code":3101,"vt_lvorder":0},"type":"Feature"},{"geometry":{"coordinates":[[[143.86048167943954,42.85308618831775],[143.86057823896408,42.85301441732217],[143.86042267084122,42.85290037008915],[143.86032611131668,42.85297214121725],[143.86048167943954,42.85308618831775]]],"type":"Polygon"},"properties":{"layer":"BldA","prefCode":"01","sourceId":0,"tile":"16/58956/24117","vt_code":3101,"vt_lvorder":0},"type":"Feature"},{"geometry":{"coordinates":[[[143.85971322655678,42.85293773041281],[143.85992780327797,42.852760760258576],[143.859750777483,42.85264474621561],[143.8595362007618,42.85282171670228],[143.85971322655678,42.85293773041281]]],"type":"Polygon"},"properties":{"layer":"BldA","prefCode":"01","sourceId":0,"tile":"16/58956/24117","vt_code":3101,"vt_lvorder":0},"type":"Feature"},{"geometry":{"coordinates":[[[143.8605809211731,42.8539267876046],[143.8605809211731,42.853811758904214],[143.86051386594772,42.85383928715971],[143.8605809211731,42.8539267876046]]],"type":"Polygon"},"properties":{"layer":"BldA","prefCode":"01","sourceId":0,"tile":"16/58956/24117","vt_code":3101,"vt_lvorder":0},"type":"Feature"},{"geometry":{"coordinates":[[[143.8605809211731,42.85331919768731],[143.8605809211731,42.85320515101711],[143.86050313711166,42.853259224895616],[143.8605809211731,42.85331919768731]]],"type":"Polygon"},"properties":{"layer":"BldA","prefCode":"01","sourceId":0,"tile":"16/58956/24117","vt_code":3101,"vt_lvorder":0},"type":"Feature"},{"geometry":{"coordinates":[[[143.85812804102898,42.85149344250246],[143.85814547538757,42.85141282094308],[143.85793089866638,42.85137545969696],[143.85792016983032,42.85146198044303],[143.85812804102898,42.85149344250246]]],"type":"Polygon"},"properties":{"layer":"BldA","prefCode":"01","sourceId":0,"tile":"16/58956/24118","vt_code":3101,"vt_lvorder":0},"type":"Feature"},{"geometry":{"coordinates":[[[143.85837614536285,42.850167106156356],[143.85853573679924,42.85008943250011],[143.8584378361702,42.849982262358346],[143.85827958583832,42.85005993614937],[143.85837614536285,42.850167106156356]]],"type":"Polygon"},"properties":{"layer":"BldA","prefCode":"01","sourceId":0,"tile":"16/58956/24118","vt_code":3101,"vt_lvorder":0},"type":"Feature"},{"geometry":{"coordinates":[[[143.85865911841393,42.849987178423966],[143.85884419083595,42.84989278989573],[143.858762383461,42.849805283735506],[143.85857731103897,42.84989967239746],[143.85865911841393,42.849987178423966]]],"type":"Polygon"},"properties":{"layer":"BldA","prefCode":"01","sourceId":0,"tile":"16/58956/24118","vt_code":3101,"vt_lvorder":0},"type":"Feature"},{"geometry":{"coordinates":[[[143.8582567870617,42.84990163882638],[143.85901182889938,42.84952015044318],[143.85888040065765,42.849379549748974],[143.85879591107368,42.84942281153513],[143.8588160276413,42.849444442416846],[143.85814547538757,42.84978365298016],[143.8582567870617,42.84990163882638]]],"type":"Polygon"},"properties":{"layer":"BldA","prefCode":"01","sourceId":0,"tile":"16/58956/24118","vt_code":3101,"vt_lvorder":0},"type":"Feature"},{"geometry":{"coordinates":[[[143.85896354913712,42.84863721210671],[143.85907754302025,42.848563469469674],[143.85877177119255,42.84828324664602],[143.85865777730942,42.848344207508845],[143.85896354913712,42.84863721210671]]],"type":"Polygon"},"properties":{"layer":"BldA","prefCode":"01","sourceId":0,"tile":"16/58956/24118","vt_code":3101,"vt_lvorder":0},"type":"Feature"},{"geometry":{"coordinates":[[[143.85932832956314,42.849288109964895],[143.85942488908768,42.84923304938445],[143.85931223630905,42.84912587775678],[143.85921567678452,42.84918093843275],[143.85932832956314,42.849288109964895]]],"type":"Polygon"},"properties":{"layer":"BldA","prefCode":"01","sourceId":0,"tile":"16/58956/24118","vt_code":3101,"vt_lvorder":0},"type":"Feature"},{"geometry":{"coordinates":[[[143.85974407196045,42.849108179671944],[143.85985270142555,42.84902165562859],[143.85980173945427,42.84898724262312],[143.8597708940506,42.84901182334327],[143.85968908667564,42.848955779287046],[143.85963141918182,42.8490010078276],[143.8596837222576,42.84903738728185],[143.85966360569,42.84905311893111],[143.85974407196045,42.849108179671944]]],"type":"Polygon"},"properties":{"layer":"BldA","prefCode":"01","sourceId":0,"tile":"16/58956/24118","vt_code":3101,"vt_lvorder":0},"type":"Feature"},{"geometry":{"coordinates":[[[143.8592666387558,42.84883975809678],[143.85935112833977,42.84878371388443],[143.85919019579887,42.84863229593365],[143.85909900069237,42.84868244088053],[143.8592666387558,42.84883975809678]]],"type":"Polygon"},"properties":{"layer":"BldA","prefCode":"01","sourceId":0,"tile":"16/58956/24118","vt_code":3101,"vt_lvorder":0},"type":"Feature"},{"geometry":{"coordinates":[[[143.85959655046463,42.848335358355065],[143.85976418852806,42.84822228572305],[143.85954827070236,42.84804923503325],[143.85938063263893,42.84816230798205],[143.85959655046463,42.848335358355065]]],"type":"Polygon"},"properties":{"layer":"BldA","prefCode":"01","sourceId":0,"tile":"16/58956/24118","vt_code":3111,"vt_lvorder":0},"type":"Feature"},{"geometry":{"coordinates":[[[143.85990634560585,42.84886630533751],[143.86028319597244,42.84856248623392],[143.8601651787758,42.848482844085765],[143.8597883284092,42.84878666358109],[143.85990634560585,42.84886630533751]]],"type":"Polygon"},"properties":{"layer":"BldA","prefCode":"01","sourceId":0,"tile":"16/58956/24118","vt_code":3101,"vt_lvorder":0},"type":"Feature"},{"geometry":{"coordinates":[[[143.8603663444519,42.85318647093899],[143.86041194200516,42.85314911076579],[143.8603663444519,42.85311863271302],[143.8603663444519,42.85318647093899]]],"type":"Polygon"},"properties":{"layer":"BldA","prefCode":"01","sourceId":0,"tile":"16/58957/24117","vt_code":3111,"vt_lvorder":0},"type":"Feature"},{"geometry":{"coordinates":[[[143.86048167943954,42.85308618831775],[143.86057823896408,42.85301441732217],[143.86042267084122,42.85290037008915],[143.8603663444519,42.85294264624319],[143.8603663444519,42.85300163617722],[143.86048167943954,42.85308618831775]]],"type":"Polygon"},"properties":{"layer":"BldA","prefCode":"01","sourceId":0,"tile":"16/58957/24117","vt_code":3101,"vt_lvorder":0},"type":"Feature"},{"geometry":{"coordinates":[[[143.86060237884521,42.853954315808814],[143.86072173714638,42.853904175141956],[143.8606332242489,42.853790129552],[143.86051386594772,42.85383928715971],[143.86060237884521,42.853954315808814]]],"type":"Polygon"},"properties":{"layer":"BldA","prefCode":"01","sourceId":0,"tile":"16/58957/24117","vt_code":3101,"vt_lvorder":0},"type":"Feature"},{"geometry":{"coordinates":[[[143.86097386479378,42.853546307239476],[143.86105567216873,42.85351681253963],[143.86101141572,42.853450940992445],[143.86092960834503,42.853479452566276],[143.86097386479378,42.853546307239476]]],"type":"Polygon"},"properties":{"layer":"BldA","prefCode":"01","sourceId":0,"tile":"16/58957/24117","vt_code":3101,"vt_lvorder":0},"type":"Feature"},{"geometry":{"coordinates":[[[143.86061444878578,42.85334475984312],[143.8608518242836,42.85317663931665],[143.86074051260948,42.85309208729997],[143.86050313711166,42.853259224895616],[143.86061444878578,42.85334475984312]]],"type":"Polygon"},"properties":{"layer":"BldA","prefCode":"01","sourceId":0,"tile":"16/58957/24117","vt_code":3101,"vt_lvorder":0},"type":"Feature"},{"geometry":{"coordinates":[[[143.86079147458076,42.85312256536584],[143.8608880341053,42.853060626054905],[143.860834389925,42.85301540048705],[143.8608142733574,42.853028181629156],[143.86073917150497,42.85296427589221],[143.86066272854805,42.85301245099236],[143.86079147458076,42.85312256536584]]],"type":"Polygon"},"properties":{"layer":"BldA","prefCode":"01","sourceId":0,"tile":"16/58957/24117","vt_code":3101,"vt_lvorder":0},"type":"Feature"},{"geometry":{"coordinates":[[[143.8609416782856,42.852944612575236],[143.86098995804787,42.85291020175546],[143.8608853518963,42.85283056521331],[143.86083707213402,42.852864976077456],[143.8609416782856,42.852944612575236]]],"type":"Polygon"},"properties":{"layer":"BldA","prefCode":"01","sourceId":0,"tile":"16/58957/24117","vt_code":3101,"vt_lvorder":0},"type":"Feature"},{"geometry":{"coordinates":[[[143.861103951931,42.85307537351553],[143.86116430163383,42.85303408061692],[143.86105969548225,42.85294952840506],[143.86099934577942,42.85298983819493],[143.861103951931,42.85307537351553]]],"type":"Polygon"},"properties":{"layer":"BldA","prefCode":"01","sourceId":0,"tile":"16/58957/24117","vt_code":3101,"vt_lvorder":0},"type":"Feature"},{"geometry":{"coordinates":[[[143.86132389307022,42.85366526905254],[143.86139497160912,42.853633808099474],[143.8613373041153,42.8535620377403],[143.8612662255764,42.853593498729936],[143.86132389307022,42.85366526905254]]],"type":"Polygon"},"properties":{"layer":"BldA","prefCode":"01","sourceId":0,"tile":"16/58957/24117","vt_code":3101,"vt_lvorder":0},"type":"Feature"},{"geometry":{"coordinates":[[[143.8611924648285,42.85353844198757],[143.86130779981613,42.853501082027286],[143.8613185286522,42.85351976201025],[143.86138021945953,42.85349911571297],[143.8613386452198,42.85342832835558],[143.86131182312965,42.85343619362152],[143.86129304766655,42.85340374939307],[143.8611401617527,42.853451924150384],[143.8611924648285,42.85353844198757]]],"type":"Polygon"},"properties":{"layer":"BldA","prefCode":"01","sourceId":0,"tile":"16/58957/24117","vt_code":3101,"vt_lvorder":0},"type":"Feature"},{"geometry":{"coordinates":[[[143.86118575930595,42.85316779085522],[143.8612125813961,42.85315402657935],[143.86122331023216,42.85316582453028],[143.86129438877106,42.85313043067072],[143.86120051145554,42.85303014795847],[143.8611026108265,42.8530793061711],[143.86118575930595,42.85316779085522]]],"type":"Polygon"},"properties":{"layer":"BldA","prefCode":"01","sourceId":0,"tile":"16/58957/24117","vt_code":3101,"vt_lvorder":0},"type":"Feature"},{"geometry":{"coordinates":[[[143.861463367939,42.85302326580558],[143.86154115200043,42.85298590553365],[143.8614995777607,42.85293969674501],[143.86142313480377,42.85297705704489],[143.861463367939,42.85302326580558]]],"type":"Polygon"},"properties":{"layer":"BldA","prefCode":"01","sourceId":0,"tile":"16/58957/24117","vt_code":3101,"vt_lvorder":0},"type":"Feature"},{"geometry":{"coordinates":[[[143.8616256415844,42.85340178307565],[143.86173829436302,42.85335950723589],[143.86165380477905,42.85323071322012],[143.86155053973198,42.853260208056604],[143.8616256415844,42.85340178307565]]],"type":"Polygon"},"properties":{"layer":"BldA","prefCode":"01","sourceId":0,"tile":"16/58957/24117","vt_code":3101,"vt_lvorder":0},"type":"Feature"},{"geometry":{"coordinates":[[[143.8617718219757,42.85298983819493],[143.8618415594101,42.852973124382814],[143.86179327964783,42.852862026575565],[143.86172354221344,42.85287874041775],[143.8617718219757,42.85298983819493]]],"type":"Polygon"},"properties":{"layer":"BldA","prefCode":"01","sourceId":0,"tile":"16/58957/24117","vt_code":3101,"vt_lvorder":0},"type":"Feature"},{"geometry":{"coordinates":[[[143.8621111214161,42.85322383108958],[143.86219158768654,42.85319630255976],[143.86214464902878,42.85312158220266],[143.86206418275833,42.85314911076579],[143.8621111214161,42.85322383108958]]],"type":"Polygon"},"properties":{"layer":"BldA","prefCode":"01","sourceId":0,"tile":"16/58957/24117","vt_code":3101,"vt_lvorder":0},"type":"Feature"},{"geometry":{"coordinates":[[[143.86184960603714,42.85298197287214],[143.86189118027687,42.85297214121725],[143.86188581585884,42.85296034322931],[143.8619327545166,42.85294952840506],[143.86192739009857,42.852936747246694],[143.86195421218872,42.85293084824963],[143.86192739009857,42.852867925579204],[143.86189252138138,42.8528748077494],[143.8618791103363,42.85284138005839],[143.86183217167854,42.8528512117341],[143.86183753609657,42.852862026575565],[143.86180266737938,42.85286989191362],[143.86184960603714,42.85298197287214]]],"type":"Polygon"},"properties":{"layer":"BldA","prefCode":"01","sourceId":0,"tile":"16/58957/24117","vt_code":3101,"vt_lvorder":0},"type":"Feature"},{"geometry":{"coordinates":[[[143.86237666010857,42.85316779085522],[143.86248394846916,42.85313731281167],[143.86244907975197,42.853070457695715],[143.86239409446716,42.85308520515399],[143.86236861348152,42.8530370301106],[143.86231631040573,42.853052760741136],[143.86237666010857,42.85316779085522]]],"type":"Polygon"},"properties":{"layer":"BldA","prefCode":"01","sourceId":0,"tile":"16/58957/24117","vt_code":3101,"vt_lvorder":0},"type":"Feature"},{"geometry":{"coordinates":[[[143.86265024542809,42.853097003118066],[143.86286213994026,42.85302523213506],[143.8627977669239,42.85294952840506],[143.8625992834568,42.853017366816786],[143.86265024542809,42.853097003118066]]],"type":"Polygon"},"properties":{"layer":"BldA","prefCode":"01","sourceId":0,"tile":"16/58957/24117","vt_code":3101,"vt_lvorder":0},"type":"Feature"},{"geometry":{"coordinates":[[[143.8622184097767,42.85287087508081],[143.8623082637787,42.85284531272886],[143.86224254965782,42.85271946714961],[143.86215269565582,42.85274502955365],[143.8622184097767,42.85287087508081]]],"type":"Polygon"},"properties":{"layer":"BldA","prefCode":"01","sourceId":0,"tile":"16/58957/24117","vt_code":3101,"vt_lvorder":0},"type":"Feature"},{"geometry":{"coordinates":[[[143.86305660009384,42.85238617175942],[143.8630686700344,42.85237535683463],[143.863086104393,42.85238518858452],[143.8631370663643,42.85233701299508],[143.86301904916763,42.8522701570128],[143.86295601725578,42.85232914758916],[143.86305660009384,42.85238617175942]]],"type":"Polygon"},"properties":{"layer":"BldA","prefCode":"01","sourceId":0,"tile":"16/58957/24117","vt_code":3101,"vt_lvorder":0},"type":"Feature"},{"geometry":{"coordinates":[[[143.86320546269417,42.852525782436764],[143.8632993400097,42.85244712857285],[143.8631907105446,42.85237830635975],[143.86312499642372,42.85243336413637],[143.86314913630486,42.852449094920665],[143.8631223142147,42.852472691089616],[143.86320546269417,42.852525782436764]]],"type":"Polygon"},"properties":{"layer":"BldA","prefCode":"01","sourceId":0,"tile":"16/58957/24117","vt_code":3101,"vt_lvorder":0},"type":"Feature"},{"geometry":{"coordinates":[[[143.8627977669239,42.85197127055995],[143.86283665895462,42.85195947238082],[143.86285945773125,42.851936859197856],[143.86287420988083,42.851908346911884],[143.86271461844444,42.85181887723941],[143.86269181966782,42.85182477634268],[143.86264488101006,42.851880817795696],[143.8627977669239,42.85197127055995]]],"type":"Polygon"},"properties":{"layer":"BldA","prefCode":"01","sourceId":0,"tile":"16/58957/24117","vt_code":3101,"vt_lvorder":0},"type":"Feature"},{"geometry":{"coordinates":[[[143.86334761977196,42.85239502033284],[143.86341869831085,42.85233406346798],[143.86336103081703,42.852296702779135],[143.86328995227814,42.85235864285621],[143.86334761977196,42.85239502033284]]],"type":"Polygon"},"properties":{"layer":"BldA","prefCode":"01","sourceId":0,"tile":"16/58957/24117","vt_code":3101,"vt_lvorder":0},"type":"Feature"},{"geometry":{"coordinates":[[[143.86350318789482,42.85235077745304],[143.8635528087616,42.852303585013],[143.86345759034157,42.852248527120686],[143.8634079694748,42.85229571960281],[143.86350318789482,42.85235077745304]]],"type":"Polygon"},"properties":{"layer":"BldA","prefCode":"01","sourceId":0,"tile":"16/58957/24117","vt_code":3101,"vt_lvorder":0},"type":"Feature"},{"geometry":{"coordinates":[[[143.8628312945366,42.851884750527326],[143.86271461844444,42.85181887723941],[143.86269181966782,42.85182477634268],[143.86264488101006,42.851880817795696],[143.86265024542809,42.851884750527326],[143.8628312945366,42.851884750527326]]],"type":"Polygon"},"properties":{"layer":"BldA","prefCode":"01","sourceId":0,"tile":"16/58957/24118","vt_code":3101,"vt_lvorder":0},"type":"Feature"},{"geometry":{"coordinates":[[[143.8608182966709,42.8506213476078],[143.860834389925,42.850609549170805],[143.86086389422417,42.85054269131856],[143.86066541075706,42.8504974639069],[143.86062785983086,42.850576120253734],[143.8608182966709,42.8506213476078]]],"type":"Polygon"},"properties":{"layer":"BldA","prefCode":"01","sourceId":0,"tile":"16/58957/24118","vt_code":3101,"vt_lvorder":0},"type":"Feature"},{"geometry":{"coordinates":[[[143.8610315322876,42.85020741776223],[143.86118173599243,42.850073701114795],[143.86109456419945,42.850018641234655],[143.8609416782856,42.850142525895954],[143.8610315322876,42.85020741776223]]],"type":"Polygon"},"properties":{"layer":"BldA","prefCode":"01","sourceId":0,"tile":"16/58957/24118","vt_code":3101,"vt_lvorder":0},"type":"Feature"},{"geometry":{"coordinates":[[[143.86106103658676,42.85003142299692],[143.86109858751297,42.85000094340562],[143.86116966605186,42.84994195060552],[143.8610851764679,42.849885907393244],[143.8609765470028,42.849975379865825],[143.86106103658676,42.85003142299692]]],"type":"Polygon"},"properties":{"layer":"BldA","prefCode":"01","sourceId":0,"tile":"16/58957/24118","vt_code":3101,"vt_lvorder":0},"type":"Feature"},{"geometry":{"coordinates":[[[143.86131182312965,42.85038537843958],[143.86143252253532,42.85027919201977],[143.86135339736938,42.85022708195068],[143.8613225519657,42.85023888046073],[143.86121660470963,42.85032343638355],[143.86131182312965,42.85038537843958]]],"type":"Polygon"},"properties":{"layer":"BldA","prefCode":"01","sourceId":0,"tile":"16/58957/24118","vt_code":3101,"vt_lvorder":0},"type":"Feature"},{"geometry":{"coordinates":[[[143.86151432991028,42.85047485018864],[143.86165916919708,42.85036276468029],[143.8616819679737,42.85034015091272],[143.86161357164383,42.850283124853384],[143.86158272624016,42.85029492335274],[143.86143788695335,42.850423723490756],[143.86151432991028,42.85047485018864]]],"type":"Polygon"},"properties":{"layer":"BldA","prefCode":"01","sourceId":0,"tile":"16/58957/24118","vt_code":3101,"vt_lvorder":0},"type":"Feature"},{"geometry":{"coordinates":[[[143.86263012886047,42.851126711876866],[143.86267840862274,42.851035274679326],[143.86164844036102,42.850743264658156],[143.86160016059875,42.85083470228801],[143.86263012886047,42.851126711876866]]],"type":"Polygon"},"properties":{"layer":"BldA","prefCode":"01","sourceId":0,"tile":"16/58957/24118","vt_code":3101,"vt_lvorder":0},"type":"Feature"},{"geometry":{"coordinates":[[[143.86210575699806,42.85025854463916],[143.86226400732994,42.850117945625776],[143.86217147111893,42.85005895293743],[143.86201053857803,42.85018775356753],[143.86210575699806,42.85025854463916]]],"type":"Polygon"},"properties":{"layer":"BldA","prefCode":"01","sourceId":0,"tile":"16/58957/24118","vt_code":3101,"vt_lvorder":0},"type":"Feature"},{"geometry":{"coordinates":[[[143.86141508817673,42.84988394096382],[143.8614459335804,42.84986722631119],[143.86159881949425,42.84973842501268],[143.86152237653732,42.849687297705216],[143.8614982366562,42.84969319701209],[143.8613386452198,42.84983379699234],[143.86141508817673,42.84988394096382]]],"type":"Polygon"},"properties":{"layer":"BldA","prefCode":"01","sourceId":0,"tile":"16/58957/24118","vt_code":3101,"vt_lvorder":0},"type":"Feature"},{"geometry":{"coordinates":[[[143.86191934347153,42.84986722631119],[143.86210441589355,42.84973154249299],[143.86202663183212,42.84967058299937],[143.86185497045517,42.849804300519516],[143.86191934347153,42.84986722631119]]],"type":"Polygon"},"properties":{"layer":"BldA","prefCode":"01","sourceId":0,"tile":"16/58957/24118","vt_code":3101,"vt_lvorder":0},"type":"Feature"},{"geometry":{"coordinates":[[[143.85803818702698,42.85466316284127],[143.85814145207405,42.85462875297904],[143.85808244347572,42.854500944751486],[143.8580596446991,42.85446260223165],[143.85796040296555,42.854496029045144],[143.85803818702698,42.85466316284127]]],"type":"Polygon"},"properties":{"layer":"BldA","prefCode":"01","sourceId":0,"tile":"16/58956/24117","vt_code":3101,"vt_lvorder":0},"type":"Feature"},{"geometry":{"coordinates":[[[143.86203333735466,42.85428760273623],[143.86216342449188,42.85421484999109],[143.8621325790882,42.85417552414721],[143.86210978031158,42.85415291177565],[143.8620561361313,42.85417552414721],[143.86196494102478,42.854237462339974],[143.86203333735466,42.85428760273623]]],"type":"Polygon"},"properties":{"layer":"BldA","prefCode":"01","sourceId":0,"tile":"16/58957/24117","vt_code":3101,"vt_lvorder":0},"type":"Feature"},{"geometry":{"coordinates":[[[143.82719680666924,42.86503440453591],[143.82723569869995,42.86501769398378],[143.8274422287941,42.864848622260695],[143.82736578583717,42.86479849043984],[143.8273349404335,42.864809303188956],[143.8271203637123,42.86498427286593],[143.82719680666924,42.86503440453591]]],"type":"Polygon"},"properties":{"layer":"BldA","prefCode":"01","sourceId":0,"tile":"16/58950/24114","vt_code":3101,"vt_lvorder":0},"type":"Feature"},{"geometry":{"coordinates":[[[143.82691517472267,42.86263885158482],[143.82692992687225,42.862632953514535],[143.82695272564888,42.8625543125237],[143.82664024829865,42.86249828075662],[143.8266161084175,42.86258183688189],[143.82691517472267,42.86263885158482]]],"type":"Polygon"},"properties":{"layer":"BldA","prefCode":"01","sourceId":0,"tile":"16/58950/24115","vt_code":3101,"vt_lvorder":0},"type":"Feature"},{"geometry":{"coordinates":[[[143.8274073600769,42.86487811154806],[143.8274422287941,42.864848622260695],[143.8274073600769,42.864826013797504],[143.8274073600769,42.86487811154806]]],"type":"Polygon"},"properties":{"layer":"BldA","prefCode":"01","sourceId":0,"tile":"16/58951/24114","vt_code":3101,"vt_lvorder":0},"type":"Feature"},{"geometry":{"coordinates":[[[143.82867470383644,42.86647346099894],[143.82870689034462,42.866408586224736],[143.8285794854164,42.866375165859914],[143.82854729890823,42.86644004066923],[143.82867470383644,42.86647346099894]]],"type":"Polygon"},"properties":{"layer":"BldA","prefCode":"01","sourceId":0,"tile":"16/58951/24114","vt_code":3101,"vt_lvorder":0},"type":"Feature"},{"geometry":{"coordinates":[[[143.82882222533226,42.866535386856164],[143.8288477063179,42.86647640985069],[143.8287203013897,42.86644692132683],[143.82869482040405,42.866504915410374],[143.82882222533226,42.866535386856164]]],"type":"Polygon"},"properties":{"layer":"BldA","prefCode":"01","sourceId":0,"tile":"16/58951/24114","vt_code":3101,"vt_lvorder":0},"type":"Feature"},{"geometry":{"coordinates":[[[143.82847219705582,42.86641841574037],[143.8284869492054,42.866382046524734],[143.82847487926483,42.86637909766847],[143.8284896314144,42.86634371138236],[143.8283045589924,42.86630046144957],[143.82827371358871,42.86637319995553],[143.82847219705582,42.86641841574037]]],"type":"Polygon"},"properties":{"layer":"BldA","prefCode":"01","sourceId":0,"tile":"16/58951/24114","vt_code":3101,"vt_lvorder":0},"type":"Feature"},{"geometry":{"coordinates":[[[143.8284896314144,42.86606160332037],[143.82855400443077,42.865903347013806],[143.82842391729355,42.865874841176336],[143.8283595442772,42.86603309755598],[143.8284896314144,42.86606160332037]]],"type":"Polygon"},"properties":{"layer":"BldA","prefCode":"01","sourceId":0,"tile":"16/58951/24114","vt_code":3101,"vt_lvorder":0},"type":"Feature"},{"geometry":{"coordinates":[[[143.82881820201874,42.86642431344899],[143.8288450241089,42.86636140452796],[143.8289026916027,42.866375165859914],[143.82902339100838,42.8660910920283],[143.8290072977543,42.866087160201396],[143.82902339100838,42.86604882487589],[143.82898718118668,42.866040961216434],[143.82899925112724,42.86601245544251],[143.8289214670658,42.8659947621969],[143.82892683148384,42.86598394965543],[143.82886111736298,42.86596822231898],[143.8287229835987,42.866290631915156],[143.828684091568,42.86628178533285],[143.8286505639553,42.866362387480336],[143.82869616150856,42.86637221700332],[143.828686773777,42.866393841948366],[143.82881820201874,42.86642431344899]]],"type":"Polygon"},"properties":{"layer":"BldA","prefCode":"01","sourceId":0,"tile":"16/58951/24114","vt_code":3101,"vt_lvorder":0},"type":"Feature"},{"geometry":{"coordinates":[[[143.8291521370411,42.86645576788547],[143.82919639348984,42.86635157500325],[143.82910385727882,42.866329950043394],[143.82905825972557,42.866433160010864],[143.8291521370411,42.86645576788547]]],"type":"Polygon"},"properties":{"layer":"BldA","prefCode":"01","sourceId":0,"tile":"16/58951/24114","vt_code":3101,"vt_lvorder":0},"type":"Feature"},{"geometry":{"coordinates":[[[143.82963493466377,42.866962968460726],[143.82976099848747,42.86666710196494],[143.82977977395058,42.86662385225872],[143.82959201931953,42.86657961957329],[143.82944718003273,42.866919718961796],[143.82963493466377,42.866962968460726]]],"type":"Polygon"},"properties":{"layer":"BldA","prefCode":"01","sourceId":0,"tile":"16/58951/24114","vt_code":3101,"vt_lvorder":0},"type":"Feature"},{"geometry":{"coordinates":[[[143.83002519607544,42.86412907928383],[143.83019417524338,42.8640956576849],[143.8301633298397,42.86401701855725],[143.82999435067177,42.864050440198746],[143.83002519607544,42.86412907928383]]],"type":"Polygon"},"properties":{"layer":"BldA","prefCode":"01","sourceId":0,"tile":"16/58951/24114","vt_code":3101,"vt_lvorder":0},"type":"Feature"},{"geometry":{"coordinates":[[[143.8401773571968,42.863002564829685],[143.84024307131767,42.86293670340097],[143.84007543325424,42.86280792935976],[143.83999094367027,42.862863960845814],[143.8401773571968,42.863002564829685]]],"type":"Polygon"},"properties":{"layer":"BldA","prefCode":"01","sourceId":0,"tile":"16/58953/24115","vt_code":3101,"vt_lvorder":0},"type":"Feature"},{"geometry":{"coordinates":[[[143.84090155363083,42.86306056214903],[143.84104773402214,42.86297209164006],[143.84071245789528,42.86267325698351],[143.84056627750397,42.86276074491101],[143.84090155363083,42.86306056214903]]],"type":"Polygon"},"properties":{"layer":"BldA","prefCode":"01","sourceId":0,"tile":"16/58953/24115","vt_code":3111,"vt_lvorder":0},"type":"Feature"},{"geometry":{"coordinates":[[[143.84116038680077,42.86291704325938],[143.84200125932693,42.86240096230345],[143.84175717830658,42.862185681543856],[143.84166061878204,42.86224466264854],[143.84141519665718,42.862028398322565],[143.84128108620644,42.862110972063704],[143.8415265083313,42.8623262530838],[143.8409163057804,42.86270078128868],[143.84116038680077,42.86291704325938]]],"type":"Polygon"},"properties":{"layer":"BldA","prefCode":"01","sourceId":0,"tile":"16/58953/24115","vt_code":3101,"vt_lvorder":0},"type":"Feature"},{"geometry":{"coordinates":[[[143.84162977337837,42.863009445870425],[143.8421554863453,42.86268800214852],[143.8420334458351,42.86258085386931],[143.8415090739727,42.8629013151416],[143.84162977337837,42.863009445870425]]],"type":"Polygon"},"properties":{"layer":"BldA","prefCode":"01","sourceId":0,"tile":"16/58953/24115","vt_code":3101,"vt_lvorder":0},"type":"Feature"},{"geometry":{"coordinates":[[[143.6456434428692,43.281729722759586],[143.6456809937954,43.281701409688644],[143.64575073122978,43.28162232828275],[143.64555090665817,43.281521767828046],[143.6454503238201,43.28162818616819],[143.6456434428692,43.281729722759586]]],"type":"Polygon"},"properties":{"layer":"BldA","prefCode":"01","sourceId":0,"tile":"16/58917/24010","vt_code":3101,"vt_lvorder":0},"type":"Feature"},{"geometry":{"coordinates":[[[143.6463475227356,43.2816369729953],[143.6463475227356,43.28155300992886],[143.646240234375,43.281542270458516],[143.64621207118034,43.281538365196106],[143.64619731903076,43.28162330459704],[143.6463475227356,43.2816369729953]]],"type":"Polygon"},"properties":{"layer":"BldA","prefCode":"01","sourceId":0,"tile":"16/58917/24010","vt_code":3101,"vt_lvorder":0},"type":"Feature"},{"geometry":{"coordinates":[[[143.6463475227356,43.281495407293],[143.6463475227356,43.281399728218005],[143.64633545279503,43.281397775582256],[143.64632070064545,43.28138117817584],[143.64633545279503,43.28131967010085],[143.646240234375,43.28131088322792],[143.6462201178074,43.28130795426999],[143.6462040245533,43.28137532026662],[143.64618122577667,43.281397775582256],[143.6461664736271,43.2814202308896],[143.6461664736271,43.281470999380005],[143.646240234375,43.28148076254638],[143.6463475227356,43.281495407293]]],"type":"Polygon"},"properties":{"layer":"BldA","prefCode":"01","sourceId":0,"tile":"16/58917/24010","vt_code":3101,"vt_lvorder":0},"type":"Feature"},{"geometry":{"coordinates":[[[143.64356204867363,43.27968724259226],[143.64360362291336,43.27955836487094],[143.64358082413673,43.2795476250485],[143.64338099956512,43.2795134528736],[143.6432495713234,43.279480257028176],[143.64318788051605,43.27946854084311],[143.64315703511238,43.27953005078952],[143.6431422829628,43.27958667893917],[143.64356204867363,43.27968724259226]]],"type":"Polygon"},"properties":{"layer":"BldA","prefCode":"01","sourceId":0,"tile":"16/58917/24011","vt_code":3101,"vt_lvorder":0},"type":"Feature"},{"geometry":{"coordinates":[[[143.6429424583912,43.27926057818285],[143.64298805594444,43.27924398019342],[143.64308059215546,43.279109243405784],[143.64297330379486,43.27906921285342],[143.64286601543427,43.279221524082864],[143.64285796880722,43.279226405846735],[143.64293441176414,43.27925472006945],[143.6429424583912,43.27926057818285]]],"type":"Polygon"},"properties":{"layer":"BldA","prefCode":"01","sourceId":0,"tile":"16/58917/24011","vt_code":3101,"vt_lvorder":0},"type":"Feature"},{"geometry":{"coordinates":[[[143.64517405629158,43.27958667893917],[143.6452504992485,43.27958082085717],[143.6452504992485,43.279502713043236],[143.64506542682648,43.2794909968625],[143.64506542682648,43.279575939121735],[143.64517405629158,43.27958667893917]]],"type":"Polygon"},"properties":{"layer":"BldA","prefCode":"01","sourceId":0,"tile":"16/58917/24011","vt_code":3101,"vt_lvorder":0},"type":"Feature"},{"geometry":{"coordinates":[[[143.64485085010529,43.279114125178666],[143.64489644765854,43.279103385277814],[143.64489644765854,43.27891201945399],[143.6447811126709,43.27891690124269],[143.6447811126709,43.279109243405784],[143.64485085010529,43.279114125178666]]],"type":"Polygon"},"properties":{"layer":"BldA","prefCode":"01","sourceId":0,"tile":"16/58917/24011","vt_code":3101,"vt_lvorder":0},"type":"Feature"},{"geometry":{"coordinates":[[[143.64516600966454,43.27926057818285],[143.6451968550682,43.27924398019342],[143.64523574709892,43.27918735172482],[143.64504262804985,43.279114125178666],[143.64500373601913,43.27917075371541],[143.64500373601913,43.279193209844706],[143.64516600966454,43.27926057818285]]],"type":"Polygon"},"properties":{"layer":"BldA","prefCode":"01","sourceId":0,"tile":"16/58917/24011","vt_code":3101,"vt_lvorder":0},"type":"Feature"},{"geometry":{"coordinates":[[[143.64657416939735,43.28166235715537],[143.64659696817398,43.28165649927322],[143.64660501480103,43.28157839412396],[143.64648967981339,43.28156082045156],[143.64630460739136,43.28155008098258],[143.646240234375,43.281542270458516],[143.64621207118034,43.281538365196106],[143.64619731903076,43.28162330459704],[143.646240234375,43.281627209853994],[143.64638909697533,43.281639901937396],[143.64640519022942,43.281639901937396],[143.64657416939735,43.28166235715537]]],"type":"Polygon"},"properties":{"layer":"BldA","prefCode":"01","sourceId":0,"tile":"16/58918/24010","vt_code":3101,"vt_lvorder":0},"type":"Feature"},{"geometry":{"coordinates":[[[143.64642798900604,43.28150517045546],[143.6464588344097,43.28149345466032],[143.6464735865593,43.281415349301746],[143.64633545279503,43.281397775582256],[143.64632070064545,43.28138117817584],[143.64633545279503,43.28131967010085],[143.646240234375,43.28131088322792],[143.6462201178074,43.28130795426999],[143.6462040245533,43.28137532026662],[143.64618122577667,43.281397775582256],[143.6461664736271,43.2814202308896],[143.6461664736271,43.281470999380005],[143.646240234375,43.28148076254638],[143.64642798900604,43.28150517045546]]],"type":"Polygon"},"properties":{"layer":"BldA","prefCode":"01","sourceId":0,"tile":"16/58918/24010","vt_code":3101,"vt_lvorder":0},"type":"Feature"},{"geometry":{"coordinates":[[[143.64689737558365,43.281758035817354],[143.64692822098732,43.28174143850922],[143.6469429731369,43.281701409688644],[143.646959066391,43.281684812365064],[143.6469054222107,43.28166821503696],[143.64676594734192,43.281639901937396],[143.64675119519234,43.2816506413905],[143.6467283964157,43.28169652812335],[143.6467283964157,43.281724841196564],[143.64689737558365,43.281758035817354]]],"type":"Polygon"},"properties":{"layer":"BldA","prefCode":"01","sourceId":0,"tile":"16/58918/24010","vt_code":3101,"vt_lvorder":0},"type":"Feature"},{"geometry":{"coordinates":[[[143.65312278270721,43.27973898887326],[143.65315362811089,43.2797106748759],[143.65321531891823,43.27962670915109],[143.65310668945312,43.27958765528612],[143.6530302464962,43.27969993508036],[143.65312278270721,43.27973898887326]]],"type":"Polygon"},"properties":{"layer":"BldA","prefCode":"01","sourceId":0,"tile":"16/58919/24011","vt_code":3101,"vt_lvorder":0},"type":"Feature"},{"geometry":{"coordinates":[[[143.65363776683807,43.278169983017],[143.6537155508995,43.278141668289514],[143.65380808711052,43.278090897021016],[143.65373834967613,43.2780176691553],[143.65358412265778,43.27810261347135],[143.65363776683807,43.27816412479861],[143.65363776683807,43.278169983017]]],"type":"Polygon"},"properties":{"layer":"BldA","prefCode":"01","sourceId":0,"tile":"16/58919/24011","vt_code":3101,"vt_lvorder":0},"type":"Feature"},{"geometry":{"coordinates":[[[143.6540226638317,43.27815338473007],[143.65406155586243,43.27812506999485],[143.65408435463905,43.27808015693956],[143.6539462208748,43.27800692906091],[143.65389928221703,43.27808015693956],[143.65390732884407,43.278090897021016],[143.6540226638317,43.27815338473007]]],"type":"Polygon"},"properties":{"layer":"BldA","prefCode":"01","sourceId":0,"tile":"16/58919/24011","vt_code":3101,"vt_lvorder":0},"type":"Feature"},{"geometry":{"coordinates":[[[143.6550284922123,43.28115857722878],[143.65509420633316,43.28096917051847],[143.65498289465904,43.28093988076835],[143.6549212038517,43.281124405958664],[143.6550284922123,43.28115857722878]]],"type":"Polygon"},"properties":{"layer":"BldA","prefCode":"01","sourceId":0,"tile":"16/58919/24011","vt_code":3101,"vt_lvorder":0},"type":"Feature"},{"geometry":{"coordinates":[[[143.638047426939,43.28829897530056],[143.63807827234268,43.28828237977695],[143.63810911774635,43.288225759721094],[143.63805547356606,43.28820330692573],[143.6379012465477,43.28815840131014],[143.63786235451698,43.288209164177495],[143.6378476023674,43.28821990247093],[143.63786235451698,43.28823747421973],[143.638047426939,43.28829897530056]]],"type":"Polygon"},"properties":{"layer":"BldA","prefCode":"01","sourceId":0,"tile":"16/58916/24009","vt_code":3101,"vt_lvorder":0},"type":"Feature"},{"geometry":{"coordinates":[[[143.6377014219761,43.28818671137601],[143.63772422075272,43.28817011582175],[143.6377550661564,43.288101781138884],[143.63756999373436,43.28804027985866],[143.6374707520008,43.28801196972464],[143.6374318599701,43.28809104282459],[143.63751634955406,43.288119352921804],[143.63758608698845,43.28815254405349],[143.63763973116875,43.288164258566226],[143.6377014219761,43.28818671137601]]],"type":"Polygon"},"properties":{"layer":"BldA","prefCode":"01","sourceId":0,"tile":"16/58916/24009","vt_code":3101,"vt_lvorder":0},"type":"Feature"},{"geometry":{"coordinates":[[[143.63753244280815,43.287910443618436],[143.63755524158478,43.28789384798881],[143.6375780403614,43.28783722757128],[143.63757133483887,43.28782648921029],[143.63733932375908,43.287775726023575],[143.6373084783554,43.28783234649834],[143.6373084783554,43.28786065671596],[143.63753244280815,43.287910443618436]]],"type":"Polygon"},"properties":{"layer":"BldA","prefCode":"01","sourceId":0,"tile":"16/58916/24009","vt_code":3101,"vt_lvorder":0},"type":"Feature"},{"geometry":{"coordinates":[[[143.63782480359077,43.2880627327142],[143.6378476023674,43.28804027985866],[143.63787844777107,43.287983659577456],[143.63767862319946,43.28792215817779],[143.63763973116875,43.287983659577456],[143.6376477777958,43.2880012313945],[143.63782480359077,43.2880627327142]]],"type":"Polygon"},"properties":{"layer":"BldA","prefCode":"01","sourceId":0,"tile":"16/58916/24009","vt_code":3101,"vt_lvorder":0},"type":"Feature"},{"geometry":{"coordinates":[[[143.63760218024254,43.287736677389574],[143.63761693239212,43.287730820092314],[143.6376330256462,43.28765174652409],[143.63756328821182,43.28764100813034],[143.63750964403152,43.28762441242721],[143.6374318599701,43.2876126978105],[143.63740906119347,43.28769762873052],[143.63757133483887,43.2877249627945],[143.63760218024254,43.287736677389574]]],"type":"Polygon"},"properties":{"layer":"BldA","prefCode":"01","sourceId":0,"tile":"16/58916/24009","vt_code":3101,"vt_lvorder":0},"type":"Feature"},{"geometry":{"coordinates":[[[143.6361926794052,43.28666771129806],[143.63623157143593,43.28658863634783],[143.6360089480877,43.28652127612395],[143.6359928548336,43.286555444362776],[143.63597005605698,43.28658863634783],[143.63597005605698,43.286606208567875],[143.63616183400154,43.28665697273061],[143.6361926794052,43.28666771129806]]],"type":"Polygon"},"properties":{"layer":"BldA","prefCode":"01","sourceId":0,"tile":"16/58916/24009","vt_code":3101,"vt_lvorder":0},"type":"Feature"},{"geometry":{"coordinates":[[[143.63641262054443,43.28584083605694],[143.63645151257515,43.2858300973435],[143.63652795553207,43.28570611387843],[143.63650515675545,43.28568366015301],[143.63642066717148,43.2856612064193],[143.63637372851372,43.28575687879232],[143.6363361775875,43.28581350114629],[143.63641262054443,43.28584083605694]]],"type":"Polygon"},"properties":{"layer":"BldA","prefCode":"01","sourceId":0,"tile":"16/58916/24009","vt_code":3101,"vt_lvorder":0},"type":"Feature"},{"geometry":{"coordinates":[[[143.63603174686432,43.28566706391586],[143.636062592268,43.28557627265594],[143.63586276769638,43.285526483842986],[143.63582387566566,43.28561044142557],[143.63603174686432,43.28566706391586]]],"type":"Polygon"},"properties":{"layer":"BldA","prefCode":"01","sourceId":0,"tile":"16/58916/24009","vt_code":3101,"vt_lvorder":0},"type":"Feature"},{"geometry":{"coordinates":[[[143.6363683640957,43.28559677392002],[143.63639116287231,43.28557432015425],[143.63641396164894,43.28551867382941],[143.63621413707733,43.28546205120101],[143.63618329167366,43.285523555088005],[143.6361913383007,43.28554600887253],[143.6363683640957,43.28559677392002]]],"type":"Polygon"},"properties":{"layer":"BldA","prefCode":"01","sourceId":0,"tile":"16/58916/24009","vt_code":3101,"vt_lvorder":0},"type":"Feature"},{"geometry":{"coordinates":[[[143.63692492246628,43.286881506019206],[143.63695576786995,43.28686979125943],[143.63698661327362,43.28680828873356],[143.63677874207497,43.286752643537525],[143.63673985004425,43.28681414611965],[143.6367478966713,43.28683074204387],[143.63692492246628,43.286881506019206]]],"type":"Polygon"},"properties":{"layer":"BldA","prefCode":"01","sourceId":0,"tile":"16/58916/24009","vt_code":3101,"vt_lvorder":0},"type":"Feature"},{"geometry":{"coordinates":[[[143.63702416419983,43.28677509686837],[143.6370550096035,43.286752643537525],[143.63707780838013,43.28668430726223],[143.63687798380852,43.28662866195277],[143.63686323165894,43.28666771129806],[143.63684713840485,43.286696022057725],[143.6368551850319,43.28671847540947],[143.63702416419983,43.28677509686837]]],"type":"Polygon"},"properties":{"layer":"BldA","prefCode":"01","sourceId":0,"tile":"16/58916/24009","vt_code":3101,"vt_lvorder":0},"type":"Feature"},{"geometry":{"coordinates":[[[143.63702550530434,43.28642658119035],[143.63706976175308,43.28633579106403],[143.63687798380852,43.28628014543576],[143.63681629300117,43.28626843056017],[143.63679349422455,43.28630259894102],[143.6367666721344,43.28635433959548],[143.6369477212429,43.28640900891841],[143.63702550530434,43.28642658119035]]],"type":"Polygon"},"properties":{"layer":"BldA","prefCode":"01","sourceId":0,"tile":"16/58916/24009","vt_code":3101,"vt_lvorder":0},"type":"Feature"},{"geometry":{"coordinates":[[[143.63797903060913,43.287247591125535],[143.63800182938576,43.28722513796911],[143.63802462816238,43.28716851692912],[143.63782480359077,43.2871177531933],[143.63778591156006,43.28719682745571],[143.63797903060913,43.287247591125535]]],"type":"Polygon"},"properties":{"layer":"BldA","prefCode":"01","sourceId":0,"tile":"16/58916/24009","vt_code":3101,"vt_lvorder":0},"type":"Feature"},{"geometry":{"coordinates":[[[143.63754719495773,43.28635238711875],[143.63754719495773,43.28627428799825],[143.63718643784523,43.28623426216013],[143.63716766238213,43.28631821876587],[143.63754719495773,43.28635238711875]]],"type":"Polygon"},"properties":{"layer":"BldA","prefCode":"01","sourceId":0,"tile":"16/58916/24009","vt_code":3101,"vt_lvorder":0},"type":"Feature"},{"geometry":{"coordinates":[[[143.63777115941048,43.28647051184798],[143.63781675696373,43.28646563066537],[143.63783285021782,43.286392412879145],[143.63765582442284,43.28636410197818],[143.63765582442284,43.286358244548744],[143.63762497901917,43.28643146237609],[143.6376477777958,43.28645391582549],[143.63777115941048,43.28647051184798]]],"type":"Polygon"},"properties":{"layer":"BldA","prefCode":"01","sourceId":0,"tile":"16/58916/24009","vt_code":3101,"vt_lvorder":0},"type":"Feature"},{"geometry":{"coordinates":[[[143.63692492246628,43.28622938095856],[143.63693162798882,43.286150305438525],[143.6365856230259,43.286105398307306],[143.6365708708763,43.28618935509089],[143.63692492246628,43.28622938095856]]],"type":"Polygon"},"properties":{"layer":"BldA","prefCode":"01","sourceId":0,"tile":"16/58916/24009","vt_code":3101,"vt_lvorder":0},"type":"Feature"},{"geometry":{"coordinates":[[[143.6369477212429,43.28581838238124],[143.63697856664658,43.285795928697254],[143.63704696297646,43.28568366015301],[143.63700941205025,43.2856612064193],[143.63693967461586,43.2856387526773],[143.63684713840485,43.285790071213114],[143.6369477212429,43.28581838238124]]],"type":"Polygon"},"properties":{"layer":"BldA","prefCode":"01","sourceId":0,"tile":"16/58916/24009","vt_code":3101,"vt_lvorder":0},"type":"Feature"},{"geometry":{"coordinates":[[[143.6368216574192,43.28572368635342],[143.63684847950935,43.285628990178196],[143.636607080698,43.28555674763611],[143.6365869641304,43.2856143464266],[143.6365681886673,43.2856514439238],[143.63676398992538,43.28571001887332],[143.6368216574192,43.28572368635342]]],"type":"Polygon"},"properties":{"layer":"BldA","prefCode":"01","sourceId":0,"tile":"16/58916/24009","vt_code":3101,"vt_lvorder":0},"type":"Feature"},{"geometry":{"coordinates":[[[143.6373983323574,43.2854581461902],[143.63744795322418,43.285368330872664],[143.63727763295174,43.28532342316417],[143.637233376503,43.28540933353408],[143.63733261823654,43.28544154989152],[143.6373983323574,43.2854581461902]]],"type":"Polygon"},"properties":{"layer":"BldA","prefCode":"01","sourceId":0,"tile":"16/58916/24009","vt_code":3101,"vt_lvorder":0},"type":"Feature"},{"geometry":{"coordinates":[[[143.63801658153534,43.28563191892809],[143.63807156682014,43.2855430801185],[143.6379012465477,43.28549817253901],[143.63785430788994,43.2855899401661],[143.63794818520546,43.285622156427884],[143.63801658153534,43.28563191892809]]],"type":"Polygon"},"properties":{"layer":"BldA","prefCode":"01","sourceId":0,"tile":"16/58916/24009","vt_code":3101,"vt_lvorder":0},"type":"Feature"},{"geometry":{"coordinates":[[[143.63807290792465,43.28544057363852],[143.63808631896973,43.28534587702256],[143.63792404532433,43.28530682682873],[143.6379012465477,43.28529511176569],[143.63784089684486,43.285285349211435],[143.63782480359077,43.28537418839742],[143.63800182938576,43.285419096068445],[143.63807290792465,43.28544057363852]]],"type":"Polygon"},"properties":{"layer":"BldA","prefCode":"01","sourceId":0,"tile":"16/58916/24009","vt_code":3101,"vt_lvorder":0},"type":"Feature"},{"geometry":{"coordinates":[[[143.6382780969143,43.28823747421973],[143.63832503557205,43.288164258566226],[143.63824054598808,43.28812423397172],[143.63814800977707,43.28809104282459],[143.6381010711193,43.288164258566226],[143.6381010711193,43.28817011582175],[143.6382780969143,43.28823747421973]]],"type":"Polygon"},"properties":{"layer":"BldA","prefCode":"01","sourceId":0,"tile":"16/58916/24009","vt_code":3101,"vt_lvorder":0},"type":"Feature"},{"geometry":{"coordinates":[[[143.64075645804405,43.28786065671596],[143.64077121019363,43.28784894214475],[143.64077121019363,43.28776498765173],[143.6407470703125,43.28776401143601],[143.6405874788761,43.28775327306209],[143.6405646800995,43.287820631921676],[143.64057138562202,43.28783722757128],[143.6407470703125,43.287859680501775],[143.64075645804405,43.28786065671596]]],"type":"Polygon"},"properties":{"layer":"BldA","prefCode":"01","sourceId":0,"tile":"16/58916/24009","vt_code":3101,"vt_lvorder":0},"type":"Feature"},{"geometry":{"coordinates":[[[143.638224452734,43.28714020638937],[143.6382633447647,43.287129467905324],[143.63828614354134,43.287056250918134],[143.63813191652298,43.28701036822791],[143.63809436559677,43.28701036822791],[143.6380635201931,43.2870669894151],[143.6380635201931,43.28709529998894],[143.638224452734,43.28714020638937]]],"type":"Polygon"},"properties":{"layer":"BldA","prefCode":"01","sourceId":0,"tile":"16/58916/24009","vt_code":3101,"vt_lvorder":0},"type":"Feature"},{"geometry":{"coordinates":[[[143.63877967000008,43.286614018441824],[143.63877832889557,43.28652127612395],[143.63847121596336,43.28649296528297],[143.63845512270927,43.28653299095086],[143.63846316933632,43.28657789776641],[143.6387099325657,43.286606208567875],[143.63877967000008,43.286614018441824]]],"type":"Polygon"},"properties":{"layer":"BldA","prefCode":"01","sourceId":0,"tile":"16/58916/24009","vt_code":3101,"vt_lvorder":0},"type":"Feature"},{"geometry":{"coordinates":[[[143.6384792625904,43.28644805840471],[143.63850206136703,43.28643731979847],[143.63851681351662,43.28636995940705],[143.63849401474,43.28635238711875],[143.63830223679543,43.286329933631876],[143.63828614354134,43.28641486634295],[143.6384792625904,43.28644805840471]]],"type":"Polygon"},"properties":{"layer":"BldA","prefCode":"01","sourceId":0,"tile":"16/58916/24009","vt_code":3101,"vt_lvorder":0},"type":"Feature"},{"geometry":{"coordinates":[[[143.6388400197029,43.28641486634295],[143.6389097571373,43.2864031514933],[143.63891646265984,43.28632505243799],[143.63872468471527,43.28630845637581],[143.63870188593864,43.286398270305284],[143.6388400197029,43.28641486634295]]],"type":"Polygon"},"properties":{"layer":"BldA","prefCode":"01","sourceId":0,"tile":"16/58916/24009","vt_code":3101,"vt_lvorder":0},"type":"Feature"},{"geometry":{"coordinates":[[[143.63906398415565,43.28665111532938],[143.63909482955933,43.286639400525225],[143.63911762833595,43.28657204035757],[143.6390022933483,43.28654958695177],[143.63897144794464,43.28661694714429],[143.63897144794464,43.28663451935616],[143.63906398415565,43.28665111532938]]],"type":"Polygon"},"properties":{"layer":"BldA","prefCode":"01","sourceId":0,"tile":"16/58916/24009","vt_code":3101,"vt_lvorder":0},"type":"Feature"},{"geometry":{"coordinates":[[[143.63824054598808,43.28625671568232],[143.63827139139175,43.286251834482556],[143.63829419016838,43.2861727589917],[143.63823249936104,43.286166901543844],[143.63808631896973,43.286139566779724],[143.6380635201931,43.286223523516156],[143.63824054598808,43.28625671568232]]],"type":"Polygon"},"properties":{"layer":"BldA","prefCode":"01","sourceId":0,"tile":"16/58916/24009","vt_code":3101,"vt_lvorder":0},"type":"Feature"},{"geometry":{"coordinates":[[[143.63851010799408,43.28620106998172],[143.63854095339775,43.28618447388572],[143.63855570554733,43.286121994424875],[143.6383330821991,43.28608294472926],[143.63832503557205,43.286166901543844],[143.63851010799408,43.28620106998172]]],"type":"Polygon"},"properties":{"layer":"BldA","prefCode":"01","sourceId":0,"tile":"16/58916/24009","vt_code":3101,"vt_lvorder":0},"type":"Feature"},{"geometry":{"coordinates":[[[143.6385878920555,43.28579495244993],[143.63862544298172,43.28569537514122],[143.63844841718674,43.2856612064193],[143.63842025399208,43.28574516381595],[143.63851010799408,43.28577933249072],[143.6385878920555,43.28579495244993]]],"type":"Polygon"},"properties":{"layer":"BldA","prefCode":"01","sourceId":0,"tile":"16/58916/24009","vt_code":3101,"vt_lvorder":0},"type":"Feature"},{"geometry":{"coordinates":[[[143.63883197307587,43.286217666073185],[143.63890171051025,43.28621278487028],[143.63890171051025,43.28613370932867],[143.63867104053497,43.286117113214296],[143.63867104053497,43.2861727589917],[143.6386562883854,43.28619521253659],[143.63883197307587,43.286217666073185]]],"type":"Polygon"},"properties":{"layer":"BldA","prefCode":"01","sourceId":0,"tile":"16/58916/24009","vt_code":3101,"vt_lvorder":0},"type":"Feature"},{"geometry":{"coordinates":[[[143.63883331418037,43.28585255101488],[143.63892450928688,43.285846693536186],[143.63894060254097,43.285762736279665],[143.638763576746,43.28574028257514],[143.63875553011894,43.28583595482379],[143.63883331418037,43.28585255101488]]],"type":"Polygon"},"properties":{"layer":"BldA","prefCode":"01","sourceId":0,"tile":"16/58916/24009","vt_code":3101,"vt_lvorder":0},"type":"Feature"},{"geometry":{"coordinates":[[[143.6389097571373,43.28564949142451],[143.63892450928688,43.285644610176014],[143.63894864916801,43.28557139140157],[143.6387863755226,43.2855323413525],[143.638763576746,43.28555967638948],[143.638763576746,43.28561044142557],[143.6389097571373,43.28564949142451]]],"type":"Polygon"},"properties":{"layer":"BldA","prefCode":"01","sourceId":0,"tile":"16/58916/24009","vt_code":3101,"vt_lvorder":0},"type":"Feature"},{"geometry":{"coordinates":[[[143.63933220505714,43.28574516381595],[143.63935634493828,43.28572271010494],[143.6393791437149,43.285655348922184],[143.6391793191433,43.285593845168435],[143.6391632258892,43.285599702671476],[143.63913238048553,43.2856612064193],[143.63914042711258,43.285689517647405],[143.63933220505714,43.28574516381595]]],"type":"Polygon"},"properties":{"layer":"BldA","prefCode":"01","sourceId":0,"tile":"16/58916/24009","vt_code":3101,"vt_lvorder":0},"type":"Feature"},{"geometry":{"coordinates":[[[143.63940998911858,43.28560458392357],[143.6394488811493,43.2855206263329],[143.6392718553543,43.28546986122185],[143.6392329633236,43.28553722261001],[143.63924100995064,43.285554795133784],[143.63940998911858,43.28560458392357]]],"type":"Polygon"},"properties":{"layer":"BldA","prefCode":"01","sourceId":0,"tile":"16/58916/24009","vt_code":3101,"vt_lvorder":0},"type":"Feature"},{"geometry":{"coordinates":[[[143.63947167992592,43.28643731979847],[143.63972514867783,43.28642560495315],[143.63971039652824,43.28628502663326],[143.63941803574562,43.28628502663326],[143.63941803574562,43.28643146237609],[143.63947167992592,43.28643731979847]]],"type":"Polygon"},"properties":{"layer":"BldA","prefCode":"01","sourceId":0,"tile":"16/58916/24009","vt_code":3101,"vt_lvorder":0},"type":"Feature"},{"geometry":{"coordinates":[[[143.63931745290756,43.285875004677955],[143.6395025253296,43.28586914720143],[143.63951057195663,43.28576761751868],[143.63931745290756,43.28577347500498],[143.63931745290756,43.285875004677955]]],"type":"Polygon"},"properties":{"layer":"BldA","prefCode":"01","sourceId":0,"tile":"16/58916/24009","vt_code":3101,"vt_lvorder":0},"type":"Feature"},{"geometry":{"coordinates":[[[143.6397948861122,43.28571197137067],[143.63985657691956,43.28570025638565],[143.6398632824421,43.285622156427884],[143.6397948861122,43.28561044142557],[143.6396487057209,43.28561629892701],[143.63964065909386,43.28570025638565],[143.63978683948517,43.28570611387843],[143.6397948861122,43.28571197137067]]],"type":"Polygon"},"properties":{"layer":"BldA","prefCode":"01","sourceId":0,"tile":"16/58916/24009","vt_code":3101,"vt_lvorder":0},"type":"Feature"},{"geometry":{"coordinates":[[[143.6408543586731,43.28812521018166],[143.6408543586731,43.28803539880201],[143.6407470703125,43.288027589110555],[143.6406947672367,43.28802368426446],[143.64067867398262,43.288101781138884],[143.6407470703125,43.2881144718715],[143.6408181488514,43.288119352921804],[143.6408543586731,43.28812521018166]]],"type":"Polygon"},"properties":{"layer":"BldA","prefCode":"01","sourceId":0,"tile":"16/58916/24009","vt_code":3101,"vt_lvorder":0},"type":"Feature"},{"geometry":{"coordinates":[[[143.64075645804405,43.285846693536186],[143.6408543586731,43.28584474104317],[143.6408543586731,43.28573540133392],[143.640748411417,43.28574028257514],[143.64075645804405,43.285846693536186]]],"type":"Polygon"},"properties":{"layer":"BldA","prefCode":"01","sourceId":0,"tile":"16/58916/24009","vt_code":3101,"vt_lvorder":0},"type":"Feature"},{"geometry":{"coordinates":[[[143.63654807209969,43.28522189257058],[143.63655880093575,43.28520334369384],[143.63660171627998,43.285132076904226],[143.63657489418983,43.2851252430981],[143.63641127943993,43.2851252430981],[143.63638445734978,43.28518088978283],[143.6364769935608,43.28520334369384],[143.63648638129234,43.28520529620744],[143.63654807209969,43.28522189257058]]],"type":"Polygon"},"properties":{"layer":"BldA","prefCode":"01","sourceId":0,"tile":"16/58916/24009","vt_code":3101,"vt_lvorder":0},"type":"Feature"},{"geometry":{"coordinates":[[[143.6380098760128,43.285211153747895],[143.63801926374435,43.28520334369384],[143.63807022571564,43.2851252430981],[143.63794013857841,43.2851252430981],[143.63790929317474,43.28517210346757],[143.6380098760128,43.285211153747895]]],"type":"Polygon"},"properties":{"layer":"BldA","prefCode":"01","sourceId":0,"tile":"16/58916/24009","vt_code":3101,"vt_lvorder":0},"type":"Feature"},{"geometry":{"coordinates":[[[143.636242300272,43.28511352800008],[143.63630130887032,43.284991495595015],[143.63619402050972,43.28495830273849],[143.63612562417984,43.28507935895134],[143.636242300272,43.28511352800008]]],"type":"Polygon"},"properties":{"layer":"BldA","prefCode":"01","sourceId":0,"tile":"16/58916/24010","vt_code":3101,"vt_lvorder":0},"type":"Feature"},{"geometry":{"coordinates":[[[143.63654807209969,43.28522189257058],[143.63655880093575,43.28520334369384],[143.63660171627998,43.285132076904226],[143.63643273711205,43.285087169021324],[143.63638445734978,43.28518088978283],[143.6364769935608,43.28520334369384],[143.63648638129234,43.28520529620744],[143.63654807209969,43.28522189257058]]],"type":"Polygon"},"properties":{"layer":"BldA","prefCode":"01","sourceId":0,"tile":"16/58916/24010","vt_code":3101,"vt_lvorder":0},"type":"Feature"},{"geometry":{"coordinates":[[[143.63639384508133,43.28476695533007],[143.63643273711205,43.284755240163065],[143.63649308681488,43.284637112103006],[143.63638579845428,43.28460977665147],[143.6363160610199,43.284738643672604],[143.63639384508133,43.28476695533007]]],"type":"Polygon"},"properties":{"layer":"BldA","prefCode":"01","sourceId":0,"tile":"16/58916/24010","vt_code":3101,"vt_lvorder":0},"type":"Feature"},{"geometry":{"coordinates":[[[143.6380098760128,43.285211153747895],[143.63801926374435,43.28520334369384],[143.63809436559677,43.285087169021324],[143.63808631896973,43.28507643017484],[143.6379937827587,43.28504811866141],[143.63790929317474,43.28517210346757],[143.6380098760128,43.285211153747895]]],"type":"Polygon"},"properties":{"layer":"BldA","prefCode":"01","sourceId":0,"tile":"16/58916/24010","vt_code":3101,"vt_lvorder":0},"type":"Feature"},{"geometry":{"coordinates":[[[143.64075645804405,43.28786065671596],[143.64077121019363,43.28784894214475],[143.64077121019363,43.28776498765173],[143.6407470703125,43.28776401143601],[143.6406397819519,43.287757177925556],[143.6406397819519,43.28784601350159],[143.6407470703125,43.287859680501775],[143.64075645804405,43.28786065671596]]],"type":"Polygon"},"properties":{"layer":"BldA","prefCode":"01","sourceId":0,"tile":"16/58917/24009","vt_code":3101,"vt_lvorder":0},"type":"Feature"},{"geometry":{"coordinates":[[[143.64088654518127,43.2881300912311],[143.64091739058495,43.288119352921804],[143.640925437212,43.28804027985866],[143.6407470703125,43.288027589110555],[143.6406947672367,43.28802368426446],[143.64067867398262,43.288101781138884],[143.6407470703125,43.2881144718715],[143.6408181488514,43.288119352921804],[143.64088654518127,43.2881300912311]]],"type":"Polygon"},"properties":{"layer":"BldA","prefCode":"01","sourceId":0,"tile":"16/58917/24009","vt_code":3101,"vt_lvorder":0},"type":"Feature"},{"geometry":{"coordinates":[[[143.64097103476524,43.287983659577456],[143.6411789059639,43.28794461107694],[143.64113330841064,43.28783722757128],[143.64111050963402,43.2878430848583],[143.640925437212,43.28787139507092],[143.640925437212,43.28788799070668],[143.6409106850624,43.28789970527036],[143.64094823598862,43.2879328965219],[143.64097103476524,43.287983659577456]]],"type":"Polygon"},"properties":{"layer":"BldA","prefCode":"01","sourceId":0,"tile":"16/58917/24009","vt_code":3101,"vt_lvorder":0},"type":"Feature"},{"geometry":{"coordinates":[[[143.64124059677124,43.287747415766425],[143.64125669002533,43.287736677389574],[143.64125669002533,43.287657603828954],[143.641194999218,43.287657603828954],[143.64099517464638,43.28763515082388],[143.64098712801933,43.28771422441368],[143.64124059677124,43.287747415766425]]],"type":"Polygon"},"properties":{"layer":"BldA","prefCode":"01","sourceId":0,"tile":"16/58917/24009","vt_code":3101,"vt_lvorder":0},"type":"Feature"},{"geometry":{"coordinates":[[[143.64075645804405,43.285846693536186],[143.64100322127342,43.28584083605694],[143.64099517464638,43.28572856759558],[143.640748411417,43.28574028257514],[143.64075645804405,43.285846693536186]]],"type":"Polygon"},"properties":{"layer":"BldA","prefCode":"01","sourceId":0,"tile":"16/58917/24009","vt_code":3101,"vt_lvorder":0},"type":"Feature"},{"geometry":{"coordinates":[[[143.7553283572197,43.25091828714902],[143.75548258423805,43.25079520935988],[143.75540614128113,43.25073855442097],[143.75525996088982,43.250856748285536],[143.7553136050701,43.2509134031145],[143.7553283572197,43.25091828714902]]],"type":"Polygon"},"properties":{"layer":"BldA","prefCode":"01","sourceId":0,"tile":"16/58937/24018","vt_code":3101,"vt_lvorder":0},"type":"Feature"},{"geometry":{"coordinates":[[[143.7551835179329,43.25067115451122],[143.75526800751686,43.25060961539803],[143.75509768724442,43.25050314281726],[143.75501319766045,43.25057054291294],[143.7551835179329,43.25067115451122]]],"type":"Polygon"},"properties":{"layer":"BldA","prefCode":"01","sourceId":0,"tile":"16/58937/24018","vt_code":3101,"vt_lvorder":0},"type":"Feature"},{"geometry":{"coordinates":[[[143.75555232167244,43.250682876240006],[143.75560596585274,43.25060375452686],[143.7553672492504,43.25055296028648],[143.75534445047379,43.25063794293404],[143.75555232167244,43.250682876240006]]],"type":"Polygon"},"properties":{"layer":"BldA","prefCode":"01","sourceId":0,"tile":"16/58937/24018","vt_code":3101,"vt_lvorder":0},"type":"Feature"},{"geometry":{"coordinates":[[[143.755474537611,43.250434765832374],[143.75558987259865,43.250424020870625],[143.7555818259716,43.25029996526591],[143.75546649098396,43.250311687066144],[143.755474537611,43.250434765832374]]],"type":"Polygon"},"properties":{"layer":"BldA","prefCode":"01","sourceId":0,"tile":"16/58937/24018","vt_code":3101,"vt_lvorder":0},"type":"Feature"},{"geometry":{"coordinates":[[[143.75578299164772,43.250744415279165],[143.75587418675423,43.2506994820186],[143.75575214624405,43.25057542697495],[143.75565961003304,43.250620360327034],[143.75578299164772,43.250744415279165]]],"type":"Polygon"},"properties":{"layer":"BldA","prefCode":"01","sourceId":0,"tile":"16/58937/24018","vt_code":3101,"vt_lvorder":0},"type":"Feature"},{"geometry":{"coordinates":[[[143.75600561499596,43.25034489882122],[143.75609681010246,43.250294104364954],[143.75593587756157,43.25013683664519],[143.75584334135056,43.25018763123261],[143.75600561499596,43.25034489882122]]],"type":"Polygon"},"properties":{"layer":"BldA","prefCode":"01","sourceId":0,"tile":"16/58937/24018","vt_code":3101,"vt_lvorder":0},"type":"Feature"},{"geometry":{"coordinates":[[[143.75600561499596,43.25034489882122],[143.75609681010246,43.250294104364954],[143.7559962272644,43.25019642259922],[143.7559962272644,43.250336107476045],[143.75600561499596,43.25034489882122]]],"type":"Polygon"},"properties":{"layer":"BldA","prefCode":"01","sourceId":0,"tile":"16/58938/24018","vt_code":3101,"vt_lvorder":0},"type":"Feature"},{"geometry":{"coordinates":[[[144.63172137737274,42.95247374107764],[144.63179111480713,42.952427606796334],[144.63175892829895,42.9524020856897],[144.63173747062683,42.95238441722505],[144.63171064853668,42.9524020856897],[144.63166907429695,42.952431533119494],[144.63172137737274,42.95247374107764]]],"type":"Polygon"},"properties":{"layer":"BldA","prefCode":"01","sourceId":0,"tile":"16/59097/24092","vt_code":3101,"vt_lvorder":0},"type":"Feature"},{"geometry":{"coordinates":[[[144.63182598352432,42.95257091742937],[144.63190510869026,42.952516930586235],[144.63179647922516,42.95242956995795],[144.63171735405922,42.95248355687771],[144.63182598352432,42.95257091742937]]],"type":"Polygon"},"properties":{"layer":"BldA","prefCode":"01","sourceId":0,"tile":"16/59097/24092","vt_code":3101,"vt_lvorder":0},"type":"Feature"},{"geometry":{"coordinates":[[[144.6319842338562,42.952726988218615],[144.63203519582748,42.9526887067409],[144.63205933570862,42.95266613047365],[144.6320204436779,42.95262686738045],[144.63191717863083,42.95254834111891],[144.63183403015137,42.95260330951251],[144.631859511137,42.95263766473358],[144.6319842338562,42.952726988218615]]],"type":"Polygon"},"properties":{"layer":"BldA","prefCode":"01","sourceId":0,"tile":"16/59097/24092","vt_code":3101,"vt_lvorder":0},"type":"Feature"},{"geometry":{"coordinates":[[[144.6323262155056,42.95302636818454],[144.63239595294,42.95299790261109],[144.63247910141945,42.95295275029516],[144.63246434926987,42.95293017412477],[144.63239595294,42.952880113891325],[144.6322725713253,42.95294686086021],[144.63228061795235,42.95297532645726],[144.6323262155056,42.95302636818454]]],"type":"Polygon"},"properties":{"layer":"BldA","prefCode":"01","sourceId":0,"tile":"16/59097/24092","vt_code":3101,"vt_lvorder":0},"type":"Feature"},{"geometry":{"coordinates":[[[144.63251799345016,42.952649443662104],[144.6325944364071,42.95263177526848],[144.63266283273697,42.95259840162222],[144.63270843029022,42.95258171479231],[144.63270843029022,42.95255913848582],[144.63266417384148,42.952508096371034],[144.63261723518372,42.952519875324356],[144.6324871480465,42.952569935850825],[144.6324871480465,42.95261018055826],[144.63251799345016,42.952649443662104]]],"type":"Polygon"},"properties":{"layer":"BldA","prefCode":"01","sourceId":0,"tile":"16/59097/24092","vt_code":3101,"vt_lvorder":0},"type":"Feature"},{"geometry":{"coordinates":[[[144.6301455795765,42.952396196202045],[144.63032126426697,42.95238441722505],[144.63032126426697,42.95232355914135],[144.6301455795765,42.95232355914135],[144.6301455795765,42.952396196202045]]],"type":"Polygon"},"properties":{"layer":"BldA","prefCode":"01","sourceId":0,"tile":"16/59097/24092","vt_code":3101,"vt_lvorder":0},"type":"Feature"},{"geometry":{"coordinates":[[[144.6314638853073,42.95234122762346],[144.63149741292,42.95232355914135],[144.63144645094872,42.95232355914135],[144.6314638853073,42.95234122762346]]],"type":"Polygon"},"properties":{"layer":"BldA","prefCode":"01","sourceId":0,"tile":"16/59097/24092","vt_code":3101,"vt_lvorder":0},"type":"Feature"},{"geometry":{"coordinates":[[[144.63212102651596,42.9524541094728],[144.63221222162247,42.9524020856897],[144.6322175860405,42.95239914094594],[144.63213846087456,42.95232355914135],[144.63204994797707,42.95232355914135],[144.63200971484184,42.952347117116375],[144.63206604123116,42.9524020856897],[144.63212102651596,42.9524541094728]]],"type":"Polygon"},"properties":{"layer":"BldA","prefCode":"01","sourceId":0,"tile":"16/59097/24092","vt_code":3101,"vt_lvorder":0},"type":"Feature"},{"geometry":{"coordinates":[[[144.631859511137,42.952480612137855],[144.63179647922516,42.95242956995795],[144.63172137737274,42.952480612137855],[144.631859511137,42.952480612137855]]],"type":"Polygon"},"properties":{"layer":"BldA","prefCode":"01","sourceId":0,"tile":"16/59097/24093","vt_code":3101,"vt_lvorder":0},"type":"Feature"},{"geometry":{"coordinates":[[[144.6301455795765,42.952396196202045],[144.63032126426697,42.95238441722505],[144.63032126426697,42.952295093242824],[144.6301455795765,42.952300001157305],[144.6301455795765,42.952396196202045]]],"type":"Polygon"},"properties":{"layer":"BldA","prefCode":"01","sourceId":0,"tile":"16/59097/24093","vt_code":3101,"vt_lvorder":0},"type":"Feature"},{"geometry":{"coordinates":[[[144.6308121085167,42.952245032492804],[144.63085234165192,42.95218417427127],[144.63084161281586,42.95218024793233],[144.6308469772339,42.9521723952537],[144.63080540299416,42.95215767147856],[144.63079869747162,42.95216846891401],[144.63078662753105,42.95216454257406],[144.63074773550034,42.952222456062806],[144.6308121085167,42.952245032492804]]],"type":"Polygon"},"properties":{"layer":"BldA","prefCode":"01","sourceId":0,"tile":"16/59097/24093","vt_code":3101,"vt_lvorder":0},"type":"Feature"},{"geometry":{"coordinates":[[[144.63057205080986,42.951948593491515],[144.6307235956192,42.95187202954395],[144.63065519928932,42.9517974286829],[144.63050365447998,42.951873011133614],[144.63057205080986,42.951948593491515]]],"type":"Polygon"},"properties":{"layer":"BldA","prefCode":"01","sourceId":0,"tile":"16/59097/24093","vt_code":3101,"vt_lvorder":0},"type":"Feature"},{"geometry":{"coordinates":[[[144.63105618953705,42.9521449108706],[144.63116481900215,42.95210270268694],[144.63107764720917,42.951982949078065],[144.63097035884857,42.952025157343854],[144.63105618953705,42.9521449108706]]],"type":"Polygon"},"properties":{"layer":"BldA","prefCode":"01","sourceId":0,"tile":"16/59097/24093","vt_code":3101,"vt_lvorder":0},"type":"Feature"},{"geometry":{"coordinates":[[[144.6314638853073,42.95234122762346],[144.63152155280113,42.95231178015045],[144.631410241127,42.95219497170206],[144.63136062026024,42.95223325348688],[144.6314638853073,42.95234122762346]]],"type":"Polygon"},"properties":{"layer":"BldA","prefCode":"01","sourceId":0,"tile":"16/59097/24093","vt_code":3101,"vt_lvorder":0},"type":"Feature"},{"geometry":{"coordinates":[[[144.63135659694672,42.95223227190296],[144.63143438100815,42.95217043208388],[144.63140487670898,42.9521508003823],[144.63141426444054,42.952142947699905],[144.6313726902008,42.952115463303656],[144.63136464357376,42.95212233440387],[144.6312814950943,42.952066383994115],[144.63124260306358,42.95209681317064],[144.63125333189964,42.952103684272934],[144.63121309876442,42.952135095016516],[144.63135659694672,42.95223227190296]]],"type":"Polygon"},"properties":{"layer":"BldA","prefCode":"01","sourceId":0,"tile":"16/59097/24093","vt_code":3101,"vt_lvorder":0},"type":"Feature"},{"geometry":{"coordinates":[[[144.63154569268227,42.95221362180533],[144.63163286447525,42.952146874041226],[144.63152155280113,42.95206932875379],[144.63145047426224,42.952125279160875],[144.6314813196659,42.952147855626514],[144.63146656751633,42.95215963464879],[144.63154569268227,42.95221362180533]]],"type":"Polygon"},"properties":{"layer":"BldA","prefCode":"01","sourceId":0,"tile":"16/59097/24093","vt_code":3101,"vt_lvorder":0},"type":"Feature"},{"geometry":{"coordinates":[[[144.6314263343811,42.95210761061676],[144.6315497159958,42.952028102105494],[144.63143303990364,42.95191620106378],[144.63133916258812,42.95191816424171],[144.63127747178078,42.95196233572843],[144.63130831718445,42.952001599245584],[144.6314263343811,42.95210761061676]]],"type":"Polygon"},"properties":{"layer":"BldA","prefCode":"01","sourceId":0,"tile":"16/59097/24093","vt_code":3101,"vt_lvorder":0},"type":"Feature"},{"geometry":{"coordinates":[[[144.63094890117645,42.95190245881657],[144.63105618953705,42.95186025046663],[144.63097035884857,42.95174147797777],[144.63086307048798,42.95178368640916],[144.63094890117645,42.95190245881657]]],"type":"Polygon"},"properties":{"layer":"BldA","prefCode":"01","sourceId":0,"tile":"16/59097/24093","vt_code":3101,"vt_lvorder":0},"type":"Feature"},{"geometry":{"coordinates":[[[144.63157385587692,42.95231276173311],[144.63167175650597,42.95226662733114],[144.63161140680313,42.95219693487109],[144.63151216506958,42.952243069325306],[144.63157385587692,42.95231276173311]]],"type":"Polygon"},"properties":{"layer":"BldA","prefCode":"01","sourceId":0,"tile":"16/59097/24093","vt_code":3101,"vt_lvorder":0},"type":"Feature"},{"geometry":{"coordinates":[[[144.63212102651596,42.9524541094728],[144.63221222162247,42.9524020856897],[144.6322175860405,42.95239914094594],[144.63210627436638,42.95229214849395],[144.63200971484184,42.952347117116375],[144.63206604123116,42.9524020856897],[144.63212102651596,42.9524541094728]]],"type":"Polygon"},"properties":{"layer":"BldA","prefCode":"01","sourceId":0,"tile":"16/59097/24093","vt_code":3101,"vt_lvorder":0},"type":"Feature"},{"geometry":{"coordinates":[[[144.6319279074669,42.952052641780426],[144.6320204436779,42.95203595480254],[144.63201239705086,42.951990801780866],[144.63195875287056,42.951900495638135],[144.6319131553173,42.951900495638135],[144.63186755776405,42.95192307218625],[144.63185146450996,42.95195153825683],[144.63188230991364,42.95199669130731],[144.63188230991364,42.952013378295845],[144.6319279074669,42.952052641780426]]],"type":"Polygon"},"properties":{"layer":"BldA","prefCode":"01","sourceId":0,"tile":"16/59097/24093","vt_code":3101,"vt_lvorder":0},"type":"Feature"},{"geometry":{"coordinates":[[[144.63166773319244,42.95189558769181],[144.63172137737274,42.951883808619],[144.63176026940346,42.951861232056494],[144.6316757798195,42.95174834911974],[144.63164493441582,42.951766017766985],[144.63157653808594,42.95179350231928],[144.63166773319244,42.95189558769181]]],"type":"Polygon"},"properties":{"layer":"BldA","prefCode":"01","sourceId":0,"tile":"16/59097/24093","vt_code":3101,"vt_lvorder":0},"type":"Feature"},{"geometry":{"coordinates":[[[144.2279577255249,43.16226823049339],[144.22805026173592,43.162256491762555],[144.2280650138855,43.16215573423014],[144.22805026173592,43.162121496195866],[144.22796577215195,43.162121496195866],[144.22794297337532,43.16213812610062],[144.22794297337532,43.162262361128256],[144.2279577255249,43.16226823049339]]],"type":"Polygon"},"properties":{"layer":"BldA","prefCode":"01","sourceId":0,"tile":"16/59023/24040","vt_code":3101,"vt_lvorder":0},"type":"Feature"},{"geometry":{"coordinates":[[[144.2283184826374,43.162233992522154],[144.22851026058197,43.16222812315373],[144.22851026058197,43.16214399547769],[144.22831043601036,43.1621498648542],[144.22831043601036,43.16222812315373],[144.2283184826374,43.162233992522154]]],"type":"Polygon"},"properties":{"layer":"BldA","prefCode":"01","sourceId":0,"tile":"16/59023/24040","vt_code":3101,"vt_lvorder":0},"type":"Feature"},{"geometry":{"coordinates":[[[144.22807037830353,43.161542381394845],[144.2280676960945,43.16135260271518],[144.22771364450455,43.161347711504305],[144.22771632671356,43.161542381394845],[144.22807037830353,43.161542381394845]]],"type":"Polygon"},"properties":{"layer":"BldA","prefCode":"01","sourceId":0,"tile":"16/59023/24040","vt_code":3111,"vt_lvorder":0},"type":"Feature"},{"geometry":{"coordinates":[[[144.22791212797165,43.16124499598545],[144.2280811071396,43.16123325705802],[144.22807306051254,43.16115499748414],[144.2279040813446,43.16115499748414],[144.22788932919502,43.16123325705802],[144.22791212797165,43.16124499598545]]],"type":"Polygon"},"properties":{"layer":"BldA","prefCode":"01","sourceId":0,"tile":"16/59023/24040","vt_code":3101,"vt_lvorder":0},"type":"Feature"},{"geometry":{"coordinates":[[[144.22839626669884,43.1613887976635],[144.22838285565376,43.1611158676596],[144.22838285565376,43.161105106953464],[144.228156208992,43.16110315046124],[144.228156208992,43.1611158676596],[144.22816962003708,43.1613887976635],[144.22839626669884,43.1613887976635]]],"type":"Polygon"},"properties":{"layer":"BldA","prefCode":"01","sourceId":0,"tile":"16/59023/24040","vt_code":3111,"vt_lvorder":0},"type":"Feature"},{"geometry":{"coordinates":[[[144.22788128256798,43.16105912936952],[144.22805696725845,43.161047390406374],[144.22805562615395,43.16103760793536],[144.22787323594093,43.16103760793536],[144.22787323594093,43.16105325988823],[144.22788128256798,43.16105912936952]]],"type":"Polygon"},"properties":{"layer":"BldA","prefCode":"01","sourceId":0,"tile":"16/59023/24040","vt_code":3101,"vt_lvorder":0},"type":"Feature"},{"geometry":{"coordinates":[[[144.22807708382607,43.16119412728361],[144.22807306051254,43.16115499748414],[144.2279040813446,43.16115499748414],[144.22789603471756,43.16119412728361],[144.22807708382607,43.16119412728361]]],"type":"Polygon"},"properties":{"layer":"BldA","prefCode":"01","sourceId":0,"tile":"16/59023/24041","vt_code":3101,"vt_lvorder":0},"type":"Feature"},{"geometry":{"coordinates":[[[144.22838687896729,43.16119412728361],[144.22838285565376,43.1611158676596],[144.22838285565376,43.161105106953464],[144.228156208992,43.16110315046124],[144.228156208992,43.1611158676596],[144.22816023230553,43.16119412728361],[144.22838687896729,43.16119412728361]]],"type":"Polygon"},"properties":{"layer":"BldA","prefCode":"01","sourceId":0,"tile":"16/59023/24041","vt_code":3111,"vt_lvorder":0},"type":"Feature"},{"geometry":{"coordinates":[[[144.22788128256798,43.16105912936952],[144.22805696725845,43.161047390406374],[144.22805026173592,43.16097500008378],[144.22787323594093,43.16097500008378],[144.22787323594093,43.16105325988823],[144.22788128256798,43.16105912936952]]],"type":"Polygon"},"properties":{"layer":"BldA","prefCode":"01","sourceId":0,"tile":"16/59023/24041","vt_code":3101,"vt_lvorder":0},"type":"Feature"},{"geometry":{"coordinates":[[[144.22832652926445,43.160795002153144],[144.228425770998,43.16077250237453],[144.2284955084324,43.160766632865695],[144.22848746180534,43.160676633659726],[144.22838017344475,43.160682503177206],[144.22828763723373,43.160715763765566],[144.2283184826374,43.16078913264647],[144.22832652926445,43.160795002153144]]],"type":"Polygon"},"properties":{"layer":"BldA","prefCode":"01","sourceId":0,"tile":"16/59023/24041","vt_code":3101,"vt_lvorder":0},"type":"Feature"},{"geometry":{"coordinates":[[[144.2271490395069,43.159243476266155],[144.22751381993294,43.15914956170703],[144.2273984849453,43.15889423076972],[144.2270390689373,43.15898814572129],[144.2271490395069,43.159243476266155]]],"type":"Polygon"},"properties":{"layer":"BldA","prefCode":"01","sourceId":0,"tile":"16/59023/24041","vt_code":3111,"vt_lvorder":0},"type":"Feature"},{"geometry":{"coordinates":[[[144.22756746411324,43.15884922980426],[144.2277431488037,43.15883749041652],[144.22773510217667,43.158764119192035],[144.2275594174862,43.15876998889324],[144.22756746411324,43.15884922980426]]],"type":"Polygon"},"properties":{"layer":"BldA","prefCode":"01","sourceId":0,"tile":"16/59023/24041","vt_code":3101,"vt_lvorder":0},"type":"Feature"},{"geometry":{"coordinates":[[[144.22796577215195,43.15871911813076],[144.22805026173592,43.15866922561104],[144.22805026173592,43.15865748618871],[144.22793492674828,43.158567483875956],[144.2278504371643,43.15862911590878],[144.22796577215195,43.15871911813076]]],"type":"Polygon"},"properties":{"layer":"BldA","prefCode":"01","sourceId":0,"tile":"16/59023/24041","vt_code":3101,"vt_lvorder":0},"type":"Feature"},{"geometry":{"coordinates":[[[144.2281025648117,43.15895684075347],[144.22832652926445,43.158947057947735],[144.22832652926445,43.158821837896035],[144.2281025648117,43.158816946482546],[144.2281025648117,43.15895684075347]]],"type":"Polygon"},"properties":{"layer":"BldA","prefCode":"01","sourceId":0,"tile":"16/59023/24041","vt_code":3111,"vt_lvorder":0},"type":"Feature"},{"geometry":{"coordinates":[[[144.228335916996,43.15851465636976],[144.22834128141403,43.15830138930632],[144.2281749844551,43.15829062810449],[144.2281749844551,43.158509764931694],[144.228335916996,43.15851465636976]]],"type":"Polygon"},"properties":{"layer":"BldA","prefCode":"01","sourceId":0,"tile":"16/59023/24041","vt_code":3111,"vt_lvorder":0},"type":"Feature"},{"geometry":{"coordinates":[[[144.2284083366394,43.16223203606607],[144.22851026058197,43.16222812315373],[144.22851026058197,43.16214399547769],[144.2284083366394,43.162147908395426],[144.2284083366394,43.16223203606607]]],"type":"Polygon"},"properties":{"layer":"BldA","prefCode":"01","sourceId":0,"tile":"16/59024/24040","vt_code":3101,"vt_lvorder":0},"type":"Feature"},{"geometry":{"coordinates":[[[144.2284083366394,43.16077739363145],[144.228425770998,43.16077250237453],[144.2284955084324,43.160766632865695],[144.22848746180534,43.160676633659726],[144.2284083366394,43.16068152492433],[144.2284083366394,43.16077739363145]]],"type":"Polygon"},"properties":{"layer":"BldA","prefCode":"01","sourceId":0,"tile":"16/59024/24041","vt_code":3101,"vt_lvorder":0},"type":"Feature"},{"geometry":{"coordinates":[[[144.08630222082138,43.18447680369599],[144.0863960981369,43.18440639688551],[144.08630222082138,43.18432621125243],[144.0862713754177,43.184336967867864],[144.08620163798332,43.18438781729697],[144.08630222082138,43.18447680369599]]],"type":"Polygon"},"properties":{"layer":"BldA","prefCode":"01","sourceId":0,"tile":"16/58998/24035","vt_code":3101,"vt_lvorder":0},"type":"Feature"},{"geometry":{"coordinates":[[[144.08676087856293,43.18413259185057],[144.0868292748928,43.1840788085744],[144.08672466874123,43.18400253402878],[144.08665895462036,43.18405631737214],[144.08676087856293,43.18413259185057]]],"type":"Polygon"},"properties":{"layer":"BldA","prefCode":"01","sourceId":0,"tile":"16/58998/24035","vt_code":3101,"vt_lvorder":0},"type":"Feature"},{"geometry":{"coordinates":[[[144.08696740865707,43.18398493219701],[144.08705726265907,43.18391843634236],[144.08697947859764,43.18385291829708],[144.08688694238663,43.18392234786523],[144.08696740865707,43.18398493219701]]],"type":"Polygon"},"properties":{"layer":"BldA","prefCode":"01","sourceId":0,"tile":"16/58998/24035","vt_code":3101,"vt_lvorder":0},"type":"Feature"},{"geometry":{"coordinates":[[[144.0867555141449,43.18342069301247],[144.08683195710182,43.18336397544031],[144.08678770065308,43.18333366085426],[144.08661738038063,43.18321826971163],[144.08654764294624,43.18326912007255],[144.0867555141449,43.18342069301247]]],"type":"Polygon"},"properties":{"layer":"BldA","prefCode":"01","sourceId":0,"tile":"16/58998/24035","vt_code":3101,"vt_lvorder":0},"type":"Feature"},{"geometry":{"coordinates":[[[144.08693253993988,43.183284766328924],[144.08700093626976,43.183230004414064],[144.0868091583252,43.18308918783599],[144.08677831292152,43.18309407730595],[144.08672466874123,43.183144927770314],[144.08693253993988,43.183284766328924]]],"type":"Polygon"},"properties":{"layer":"BldA","prefCode":"01","sourceId":0,"tile":"16/58998/24035","vt_code":3101,"vt_lvorder":0},"type":"Feature"},{"geometry":{"coordinates":[[[144.0871873497963,43.18374730697159],[144.0872946381569,43.18366809835757],[144.08726915717125,43.183650496429394],[144.08731073141098,43.1836192041001],[144.08725440502167,43.18357911077973],[144.08710688352585,43.18368961181846],[144.0871873497963,43.18374730697159]]],"type":"Polygon"},"properties":{"layer":"BldA","prefCode":"01","sourceId":0,"tile":"16/58998/24035","vt_code":3101,"vt_lvorder":0},"type":"Feature"},{"geometry":{"coordinates":[[[144.08734694123268,43.183521415467645],[144.08739253878593,43.183498924060025],[144.08743143081665,43.183459808548776],[144.08730804920197,43.18336397544031],[144.0872772037983,43.1833698427778],[144.08721685409546,43.183431449787456],[144.08734694123268,43.183521415467645]]],"type":"Polygon"},"properties":{"layer":"BldA","prefCode":"01","sourceId":0,"tile":"16/58998/24035","vt_code":3101,"vt_lvorder":0},"type":"Feature"},{"geometry":{"coordinates":[[[144.0875306725502,43.18339233423298],[144.08756956458092,43.18337571011473],[144.0876004099846,43.18334148397469],[144.08759504556656,43.18333366085426],[144.087585657835,43.18331899250078],[144.08742606639862,43.1832114244675],[144.08736035227776,43.18327009796369],[144.0875306725502,43.18339233423298]]],"type":"Polygon"},"properties":{"layer":"BldA","prefCode":"01","sourceId":0,"tile":"16/58998/24035","vt_code":3101,"vt_lvorder":0},"type":"Feature"},{"geometry":{"coordinates":[[[144.0871873497963,43.18314394987718],[144.08724769949913,43.18308918783599],[144.08703044056892,43.18292490141772],[144.08696070313454,43.18298064150205],[144.0871873497963,43.18314394987718]]],"type":"Polygon"},"properties":{"layer":"BldA","prefCode":"01","sourceId":0,"tile":"16/58998/24035","vt_code":3101,"vt_lvorder":0},"type":"Feature"},{"geometry":{"coordinates":[[[144.0873844921589,43.18299922151885],[144.08744618296623,43.18294250355511],[144.0872624516487,43.18280755370543],[144.08720880746841,43.182785062034824],[144.08714711666107,43.182840802246815],[144.08724769949913,43.182914144553486],[144.0872772037983,43.182925879314375],[144.0873844921589,43.18299922151885]]],"type":"Polygon"},"properties":{"layer":"BldA","prefCode":"01","sourceId":0,"tile":"16/58998/24035","vt_code":3101,"vt_lvorder":0},"type":"Feature"},{"geometry":{"coordinates":[[[144.08851504325867,43.1832740095281],[144.08858343958855,43.18322413706313],[144.088576734066,43.18320164554599],[144.08845469355583,43.183101900457075],[144.08837154507637,43.18316546352277],[144.08851504325867,43.1832740095281]]],"type":"Polygon"},"properties":{"layer":"BldA","prefCode":"01","sourceId":0,"tile":"16/58998/24035","vt_code":3101,"vt_lvorder":0},"type":"Feature"},{"geometry":{"coordinates":[[[144.08900320529938,43.18357030980345],[144.0890635550022,43.18350087983493],[144.08884897828102,43.18339233423298],[144.08877789974213,43.18346274221299],[144.08900320529938,43.18357030980345]]],"type":"Polygon"},"properties":{"layer":"BldA","prefCode":"01","sourceId":0,"tile":"16/58998/24035","vt_code":3101,"vt_lvorder":0},"type":"Feature"},{"geometry":{"coordinates":[[[144.08906757831573,43.18340895834669],[144.0890984237194,43.18339233423298],[144.08913731575012,43.18335321865343],[144.08913061022758,43.18333366085426],[144.0889374911785,43.18323489387274],[144.08890664577484,43.18324662857198],[144.0888610482216,43.183302368362554],[144.08906757831573,43.18340895834669]]],"type":"Polygon"},"properties":{"layer":"BldA","prefCode":"01","sourceId":0,"tile":"16/58998/24035","vt_code":3101,"vt_lvorder":0},"type":"Feature"},{"geometry":{"coordinates":[[[144.0892218053341,43.1832740095281],[144.0892606973648,43.183263252725375],[144.08929824829102,43.18321826971163],[144.08928349614143,43.18319577819233],[144.08905282616615,43.183083320471525],[144.08901393413544,43.183111679394564],[144.0889911353588,43.18315666248685],[144.0892218053341,43.1832740095281]]],"type":"Polygon"},"properties":{"layer":"BldA","prefCode":"01","sourceId":0,"tile":"16/58998/24035","vt_code":3101,"vt_lvorder":0},"type":"Feature"},{"geometry":{"coordinates":[[[144.09002915024757,43.18334735131434],[144.09004658460617,43.18333366085426],[144.09015119075775,43.183252495920755],[144.09006670117378,43.18319577819233],[144.0899433195591,43.18329161156483],[144.09002915024757,43.18334735131434]]],"type":"Polygon"},"properties":{"layer":"BldA","prefCode":"01","sourceId":0,"tile":"16/58998/24035","vt_code":3101,"vt_lvorder":0},"type":"Feature"},{"geometry":{"coordinates":[[[144.08866792917252,43.1831390604112],[144.088753759861,43.18307745310649],[144.08872961997986,43.18305007206222],[144.08861562609673,43.18298064150205],[144.08853515982628,43.183041271009664],[144.08866792917252,43.1831390604112]]],"type":"Polygon"},"properties":{"layer":"BldA","prefCode":"01","sourceId":0,"tile":"16/58998/24035","vt_code":3101,"vt_lvorder":0},"type":"Feature"},{"geometry":{"coordinates":[[[144.08882215619087,43.18302171311056],[144.08886775374413,43.18300508889139],[144.0889146924019,43.18296499516772],[144.0887738764286,43.182862315999245],[144.08869609236717,43.18292881300425],[144.08882215619087,43.18302171311056]]],"type":"Polygon"},"properties":{"layer":"BldA","prefCode":"01","sourceId":0,"tile":"16/58998/24035","vt_code":3101,"vt_lvorder":0},"type":"Feature"},{"geometry":{"coordinates":[[[144.08899918198586,43.18282515587666],[144.0890447795391,43.18280755370543],[144.08912926912308,43.18274007866873],[144.0890434384346,43.18265500134225],[144.08891066908836,43.18276648195284],[144.08899918198586,43.18282515587666]]],"type":"Polygon"},"properties":{"layer":"BldA","prefCode":"01","sourceId":0,"tile":"16/58998/24035","vt_code":3101,"vt_lvorder":0},"type":"Feature"},{"geometry":{"coordinates":[[[144.08959865570068,43.18306669626914],[144.08968314528465,43.18300508889139],[144.08955171704292,43.18291512245032],[144.089475274086,43.18298259729356],[144.08959865570068,43.18306669626914]]],"type":"Polygon"},"properties":{"layer":"BldA","prefCode":"01","sourceId":0,"tile":"16/58998/24035","vt_code":3101,"vt_lvorder":0},"type":"Feature"},{"geometry":{"coordinates":[[[144.08972069621086,43.18296499516772],[144.08991381525993,43.18280755370543],[144.08941358327866,43.18248191262239],[144.0892218053341,43.18263935492447],[144.08972069621086,43.18296499516772]]],"type":"Polygon"},"properties":{"layer":"BldA","prefCode":"01","sourceId":0,"tile":"16/58998/24035","vt_code":3101,"vt_lvorder":0},"type":"Feature"},{"geometry":{"coordinates":[[[144.08928349614143,43.18216800470896],[144.0896362066269,43.18190299085266],[144.0894041955471,43.18173772332669],[144.08905148506165,43.182002737900376],[144.08928349614143,43.18216800470896]]],"type":"Polygon"},"properties":{"layer":"BldA","prefCode":"01","sourceId":0,"tile":"16/58998/24035","vt_code":3101,"vt_lvorder":0},"type":"Feature"},{"geometry":{"coordinates":[[[144.08959060907364,43.181637975846],[144.08966034650803,43.18158125661764],[144.0896362066269,43.18155387490233],[144.0892754495144,43.181323085671025],[144.08924460411072,43.18132895320467],[144.08919095993042,43.181373937610495],[144.08955305814743,43.18160961623841],[144.08959060907364,43.181637975846]]],"type":"Polygon"},"properties":{"layer":"BldA","prefCode":"01","sourceId":0,"tile":"16/58998/24035","vt_code":3101,"vt_lvorder":0},"type":"Feature"},{"geometry":{"coordinates":[[[144.08985882997513,43.18325738537764],[144.09022092819214,43.18297086254356],[144.09006670117378,43.18286427179454],[144.08969789743423,43.18315079512886],[144.08985882997513,43.18325738537764]]],"type":"Polygon"},"properties":{"layer":"BldA","prefCode":"01","sourceId":0,"tile":"16/58998/24035","vt_code":3101,"vt_lvorder":0},"type":"Feature"},{"geometry":{"coordinates":[[[144.08988296985626,43.18274007866873],[144.08992052078247,43.18271171957307],[144.08995136618614,43.18267847096139],[144.08982127904892,43.18259926096061],[144.08975958824158,43.18265597924322],[144.08988296985626,43.18274007866873]]],"type":"Polygon"},"properties":{"layer":"BldA","prefCode":"01","sourceId":0,"tile":"16/58998/24035","vt_code":3101,"vt_lvorder":0},"type":"Feature"},{"geometry":{"coordinates":[[[144.0911328792572,43.182355762907235],[144.0912938117981,43.18224134782389],[144.0912938117981,43.18198806922711],[144.0912240743637,43.18203794270183],[144.0911865234375,43.18200958328003],[144.09115836024284,43.18198806922711],[144.0910778939724,43.182045765988285],[144.09114360809326,43.18209466150593],[144.09095987677574,43.1822257013001],[144.0911328792572,43.182355762907235]]],"type":"Polygon"},"properties":{"layer":"BldA","prefCode":"01","sourceId":0,"tile":"16/58998/24035","vt_code":3101,"vt_lvorder":0},"type":"Feature"},{"geometry":{"coordinates":[[[144.08750787377357,43.17984347127246],[144.08759236335754,43.17978772832393],[144.08746227622032,43.17969775714173],[144.0873858332634,43.17975936785689],[144.08750787377357,43.17984347127246]]],"type":"Polygon"},"properties":{"layer":"BldA","prefCode":"01","sourceId":0,"tile":"16/58998/24036","vt_code":3101,"vt_lvorder":0},"type":"Feature"},{"geometry":{"coordinates":[[[144.08929154276848,43.180777402577945],[144.08935993909836,43.18073241773259],[144.0893518924713,43.18070405770437],[144.08924460411072,43.18062582307543],[144.08921375870705,43.18063169067608],[144.08916011452675,43.180681565258816],[144.08929154276848,43.180777402577945]]],"type":"Polygon"},"properties":{"layer":"BldA","prefCode":"01","sourceId":0,"tile":"16/58998/24036","vt_code":3101,"vt_lvorder":0},"type":"Feature"},{"geometry":{"coordinates":[[[144.09074127674103,43.180284523334116],[144.09082040190697,43.18022975872809],[144.0907345712185,43.18016130290147],[144.09066081047058,43.180231714607714],[144.09074127674103,43.180284523334116]]],"type":"Polygon"},"properties":{"layer":"BldA","prefCode":"01","sourceId":0,"tile":"16/58998/24036","vt_code":3101,"vt_lvorder":0},"type":"Feature"},{"geometry":{"coordinates":[[[144.0905199944973,43.18000092037855],[144.09058168530464,43.17995104523981],[144.09056559205055,43.179928552516856],[144.09047439694405,43.17986107429827],[144.09044355154037,43.17987183170043],[144.09039795398712,43.17991681717985],[144.0905199944973,43.18000092037855]]],"type":"Polygon"},"properties":{"layer":"BldA","prefCode":"01","sourceId":0,"tile":"16/58998/24036","vt_code":3101,"vt_lvorder":0},"type":"Feature"},{"geometry":{"coordinates":[[[144.0903402864933,43.179791640111446],[144.09040197730064,43.17973394122008],[144.09031212329865,43.17967135253049],[144.0902477502823,43.179725139689474],[144.0903402864933,43.179791640111446]]],"type":"Polygon"},"properties":{"layer":"BldA","prefCode":"01","sourceId":0,"tile":"16/58998/24036","vt_code":3101,"vt_lvorder":0},"type":"Feature"},{"geometry":{"coordinates":[[[144.09093037247658,43.18016423672418],[144.09099742770195,43.180103604359424],[144.0909169614315,43.18003906016303],[144.09083783626556,43.180098714649965],[144.09093037247658,43.18016423672418]]],"type":"Polygon"},"properties":{"layer":"BldA","prefCode":"01","sourceId":0,"tile":"16/58998/24036","vt_code":3101,"vt_lvorder":0},"type":"Feature"},{"geometry":{"coordinates":[[[144.0910765528679,43.180041016048776],[144.0911529958248,43.179976471786226],[144.0910604596138,43.17991779512469],[144.0909907221794,43.17997451589841],[144.0910765528679,43.180041016048776]]],"type":"Polygon"},"properties":{"layer":"BldA","prefCode":"01","sourceId":0,"tile":"16/58998/24036","vt_code":3101,"vt_lvorder":0},"type":"Feature"},{"geometry":{"coordinates":[[[144.09069702029228,43.1796693966329],[144.09076541662216,43.17961365352544],[144.0906272828579,43.17951781437961],[144.09060448408127,43.17951781437961],[144.09055083990097,43.1795745355249],[144.09069702029228,43.1796693966329]]],"type":"Polygon"},"properties":{"layer":"BldA","prefCode":"01","sourceId":0,"tile":"16/58998/24036","vt_code":3101,"vt_lvorder":0},"type":"Feature"},{"geometry":{"coordinates":[[[144.09083515405655,43.17936623174998],[144.09096121788025,43.17927332608131],[144.09087404608727,43.17921464874404],[144.09075066447258,43.17930951041118],[144.09083515405655,43.17936623174998]]],"type":"Polygon"},"properties":{"layer":"BldA","prefCode":"01","sourceId":0,"tile":"16/58998/24036","vt_code":3101,"vt_lvorder":0},"type":"Feature"},{"geometry":{"coordinates":[[[144.09124687314034,43.17993148635076],[144.0912938117981,43.1798913906086],[144.0912938117981,43.17985031689421],[144.09122675657272,43.17979359600512],[144.09119591116905,43.17980435341917],[144.0911865234375,43.17981413288484],[144.0911503136158,43.1798493389483],[144.09116506576538,43.17988356704609],[144.0911865234375,43.17989628033467],[144.09124687314034,43.17993148635076]]],"type":"Polygon"},"properties":{"layer":"BldA","prefCode":"01","sourceId":0,"tile":"16/58998/24036","vt_code":3101,"vt_lvorder":0},"type":"Feature"},{"geometry":{"coordinates":[[[144.0912938117981,43.17936036402772],[144.0912938117981,43.17923029603949],[144.09124955534935,43.17919900144458],[144.0911865234375,43.179243987419724],[144.09115701913834,43.17926452448432],[144.0911865234375,43.17928506154199],[144.0912938117981,43.17936036402772]]],"type":"Polygon"},"properties":{"layer":"BldA","prefCode":"01","sourceId":0,"tile":"16/58998/24036","vt_code":3101,"vt_lvorder":0},"type":"Feature"},{"geometry":{"coordinates":[[[144.0911328792572,43.182355762907235],[144.0911865234375,43.18231762456995],[144.09132331609726,43.18221983385264],[144.0913863480091,43.182266773416494],[144.09145206212997,43.182220811760594],[144.0913836658001,43.1821699605265],[144.09152314066887,43.182070213752006],[144.09135416150093,43.181944063186165],[144.0912240743637,43.18203794270183],[144.0911865234375,43.18200958328003],[144.09115836024284,43.18198806922711],[144.0910792350769,43.18204478807753],[144.09114360809326,43.18209466150593],[144.0910792350769,43.18214062325681],[144.0910792350769,43.182315668757134],[144.0911328792572,43.182355762907235]]],"type":"Polygon"},"properties":{"layer":"BldA","prefCode":"01","sourceId":0,"tile":"16/58999/24035","vt_code":3101,"vt_lvorder":0},"type":"Feature"},{"geometry":{"coordinates":[[[144.09179404377937,43.18301095626338],[144.0923210978508,43.1826403328257],[144.09213200211525,43.18248191262239],[144.09186512231827,43.18266966985527],[144.0915982425213,43.18286916128251],[144.09179404377937,43.18301095626338]]],"type":"Polygon"},"properties":{"layer":"BldA","prefCode":"01","sourceId":0,"tile":"16/58999/24035","vt_code":3111,"vt_lvorder":0},"type":"Feature"},{"geometry":{"coordinates":[[[144.09202605485916,43.18110403067839],[144.09206628799438,43.18106882533841],[144.09197106957436,43.18106882533841],[144.09202605485916,43.18110403067839]]],"type":"Polygon"},"properties":{"layer":"BldA","prefCode":"01","sourceId":0,"tile":"16/58999/24035","vt_code":3101,"vt_lvorder":0},"type":"Feature"},{"geometry":{"coordinates":[[[144.0910792350769,43.18003906016303],[144.0911529958248,43.179976471786226],[144.0910792350769,43.17993050840614],[144.0910792350769,43.18003906016303]]],"type":"Polygon"},"properties":{"layer":"BldA","prefCode":"01","sourceId":0,"tile":"16/58999/24036","vt_code":3101,"vt_lvorder":0},"type":"Feature"},{"geometry":{"coordinates":[[[144.09179538488388,43.18024833958207],[144.09187987446785,43.18018672936031],[144.09174978733063,43.18009675876607],[144.0916733443737,43.18015836907861],[144.09179538488388,43.18024833958207]]],"type":"Polygon"},"properties":{"layer":"BldA","prefCode":"01","sourceId":0,"tile":"16/58999/24036","vt_code":3101,"vt_lvorder":0},"type":"Feature"},{"geometry":{"coordinates":[[[144.09202605485916,43.18110403067839],[144.0921038389206,43.18103655375893],[144.09197241067886,43.180951474058524],[144.09189596772194,43.181018951072026],[144.09202605485916,43.18110403067839]]],"type":"Polygon"},"properties":{"layer":"BldA","prefCode":"01","sourceId":0,"tile":"16/58999/24036","vt_code":3101,"vt_lvorder":0},"type":"Feature"},{"geometry":{"coordinates":[[[144.09124687314034,43.17993148635076],[144.09131795167923,43.179869875809274],[144.09122675657272,43.17979359600512],[144.09119591116905,43.17980435341917],[144.0911865234375,43.17981413288484],[144.0911503136158,43.1798493389483],[144.09116506576538,43.17988356704609],[144.0911865234375,43.17989628033467],[144.09124687314034,43.17993148635076]]],"type":"Polygon"},"properties":{"layer":"BldA","prefCode":"01","sourceId":0,"tile":"16/58999/24036","vt_code":3101,"vt_lvorder":0},"type":"Feature"},{"geometry":{"coordinates":[[[144.09144937992096,43.17971731610566],[144.09154057502747,43.179646903806194],[144.09140914678574,43.17955888831767],[144.0913125872612,43.17963027866808],[144.09144937992096,43.17971731610566]]],"type":"Polygon"},"properties":{"layer":"BldA","prefCode":"01","sourceId":0,"tile":"16/58999/24036","vt_code":3101,"vt_lvorder":0},"type":"Feature"},{"geometry":{"coordinates":[[[144.0913286805153,43.17938383491339],[144.09140780568123,43.1793085324566],[144.09124955534935,43.17919900144458],[144.0911865234375,43.179243987419724],[144.09115701913834,43.17926452448432],[144.0911865234375,43.17928506154199],[144.0913286805153,43.17938383491339]]],"type":"Polygon"},"properties":{"layer":"BldA","prefCode":"01","sourceId":0,"tile":"16/58999/24036","vt_code":3101,"vt_lvorder":0},"type":"Feature"},{"geometry":{"coordinates":[[[144.0921051800251,43.179742742749404],[144.09216284751892,43.17970069098672],[144.09209176898003,43.17964788175536],[144.0920341014862,43.179690911502874],[144.0921051800251,43.179742742749404]]],"type":"Polygon"},"properties":{"layer":"BldA","prefCode":"01","sourceId":0,"tile":"16/58999/24036","vt_code":3101,"vt_lvorder":0},"type":"Feature"},{"geometry":{"coordinates":[[[144.09195765852928,43.179394592399625],[144.0920341014862,43.17934373881159],[144.0920488536358,43.17933787108717],[144.09191071987152,43.17924789924208],[144.0918342769146,43.17930462063812],[144.09195765852928,43.179394592399625]]],"type":"Polygon"},"properties":{"layer":"BldA","prefCode":"01","sourceId":0,"tile":"16/58999/24036","vt_code":3101,"vt_lvorder":0},"type":"Feature"},{"geometry":{"coordinates":[[[144.18947473168373,43.22569191193282],[144.18954446911812,43.22551796806387],[144.1893982887268,43.225489628847185],[144.18933659791946,43.225663572797004],[144.18947473168373,43.22569191193282]]],"type":"Polygon"},"properties":{"layer":"BldA","prefCode":"01","sourceId":0,"tile":"16/59016/24024","vt_code":3101,"vt_lvorder":0},"type":"Feature"},{"geometry":{"coordinates":[[[144.1898663341999,43.225269755166686],[144.1900433599949,43.225264869075886],[144.1900433599949,43.22517985103333],[144.1898663341999,43.225185714350424],[144.1898663341999,43.225269755166686]]],"type":"Polygon"},"properties":{"layer":"BldA","prefCode":"01","sourceId":0,"tile":"16/59016/24024","vt_code":3101,"vt_lvorder":0},"type":"Feature"},{"geometry":{"coordinates":[[[144.18972820043564,43.22489938837407],[144.18987438082695,43.22488766168425],[144.1898663341999,43.22479775698739],[144.1897214949131,43.2248094836945],[144.18972820043564,43.22489938837407]]],"type":"Polygon"},"properties":{"layer":"BldA","prefCode":"01","sourceId":0,"tile":"16/59016/24025","vt_code":3101,"vt_lvorder":0},"type":"Feature"},{"geometry":{"coordinates":[[[144.18985158205032,43.22455638176497],[144.18987438082695,43.224533905481046],[144.18991327285767,43.22438145742352],[144.18976709246635,43.22435898107509],[144.1897214949131,43.224533905481046],[144.18985158205032,43.22455638176497]]],"type":"Polygon"},"properties":{"layer":"BldA","prefCode":"01","sourceId":0,"tile":"16/59016/24025","vt_code":3101,"vt_lvorder":0},"type":"Feature"},{"geometry":{"coordinates":[[[144.18995887041092,43.224657036326114],[144.1900634765625,43.22465215018621],[144.19007420539856,43.22465117295818],[144.19007420539856,43.22452217872092],[144.1900634765625,43.22452315595102],[144.18995887041092,43.22452804210126],[144.18995887041092,43.224657036326114]]],"type":"Polygon"},"properties":{"layer":"BldA","prefCode":"01","sourceId":0,"tile":"16/59016/24025","vt_code":3101,"vt_lvorder":0},"type":"Feature"},{"geometry":{"coordinates":[[[144.1901707649231,43.22501470070376],[144.1901707649231,43.22486127662391],[144.19015064835548,43.22491600118077],[144.1901198029518,43.22491600118077],[144.1900634765625,43.22490622894208],[144.18999776244164,43.22489352502944],[144.18996691703796,43.22497170291141],[144.1900634765625,43.22499222458882],[144.19010370969772,43.22500004236886],[144.1901707649231,43.22501470070376]]],"type":"Polygon"},"properties":{"layer":"BldA","prefCode":"01","sourceId":0,"tile":"16/59016/24025","vt_code":3101,"vt_lvorder":0},"type":"Feature"},{"geometry":{"coordinates":[[[144.19014394283295,43.22453879163042],[144.1901707649231,43.22453781440058],[144.1901707649231,43.22440881992345],[144.19014394283295,43.22440979715537],[144.19014394283295,43.22453879163042]]],"type":"Polygon"},"properties":{"layer":"BldA","prefCode":"01","sourceId":0,"tile":"16/59016/24025","vt_code":3101,"vt_lvorder":0},"type":"Feature"},{"geometry":{"coordinates":[[[144.1899561882019,43.225267800730414],[144.1900433599949,43.225264869075886],[144.1900433599949,43.22517985103333],[144.1899561882019,43.225182782691945],[144.1899561882019,43.225267800730414]]],"type":"Polygon"},"properties":{"layer":"BldA","prefCode":"01","sourceId":0,"tile":"16/59017/24024","vt_code":3101,"vt_lvorder":0},"type":"Feature"},{"geometry":{"coordinates":[[[144.19021233916283,43.22502251848093],[144.19023513793945,43.22501176903707],[144.19023916125298,43.22500004236886],[144.19038131833076,43.224617947195895],[144.19026598334312,43.22460133430796],[144.19015064835548,43.22491600118077],[144.1901198029518,43.22491600118077],[144.1900634765625,43.22490622894208],[144.18999776244164,43.22489352502944],[144.18996691703796,43.22497170291141],[144.1900634765625,43.22499222458882],[144.19021233916283,43.22502251848093]]],"type":"Polygon"},"properties":{"layer":"BldA","prefCode":"01","sourceId":0,"tile":"16/59017/24025","vt_code":3101,"vt_lvorder":0},"type":"Feature"},{"geometry":{"coordinates":[[[144.19014394283295,43.22453879163042],[144.1902592778206,43.224533905481046],[144.1902592778206,43.224403933763654],[144.19014394283295,43.22440979715537],[144.19014394283295,43.22453879163042]]],"type":"Polygon"},"properties":{"layer":"BldA","prefCode":"01","sourceId":0,"tile":"16/59017/24025","vt_code":3101,"vt_lvorder":0},"type":"Feature"},{"geometry":{"coordinates":[[[144.19056370854378,43.22447820335037],[144.19070050120354,43.224164511453594],[144.19056236743927,43.22413226266243],[144.1904255747795,43.22444595472515],[144.19056370854378,43.22447820335037]]],"type":"Polygon"},"properties":{"layer":"BldA","prefCode":"01","sourceId":0,"tile":"16/59017/24025","vt_code":3111,"vt_lvorder":0},"type":"Feature"},{"geometry":{"coordinates":[[[144.19025123119354,43.22402183485435],[144.19038131833076,43.224015971425324],[144.19038131833076,43.223875248959416],[144.19025123119354,43.22388111240198],[144.19025123119354,43.22402183485435]]],"type":"Polygon"},"properties":{"layer":"BldA","prefCode":"01","sourceId":0,"tile":"16/59017/24025","vt_code":3101,"vt_lvorder":0},"type":"Feature"},{"geometry":{"coordinates":[[[144.1906200349331,43.22399935837334],[144.1906589269638,43.2239876315104],[144.1907273232937,43.22379120622068],[144.1906200349331,43.22377459310745],[144.1905502974987,43.22398274531684],[144.1906200349331,43.22399935837334]]],"type":"Polygon"},"properties":{"layer":"BldA","prefCode":"01","sourceId":0,"tile":"16/59017/24025","vt_code":3101,"vt_lvorder":0},"type":"Feature"},{"geometry":{"coordinates":[[[144.19126510620117,43.224235849627995],[144.19131875038147,43.22422412281054],[144.19132679700851,43.22415669356639],[144.19121950864792,43.224140080552765],[144.19115781784058,43.22414594396986],[144.191143065691,43.2242133732259],[144.19117256999016,43.22422412281054],[144.19126510620117,43.224235849627995]]],"type":"Polygon"},"properties":{"layer":"BldA","prefCode":"01","sourceId":0,"tile":"16/59017/24025","vt_code":3101,"vt_lvorder":0},"type":"Feature"},{"geometry":{"coordinates":[[[144.19127315282822,43.22402183485435],[144.1913039982319,43.22399935837334],[144.19134959578514,43.22388697584398],[144.1912503540516,43.22387036275685],[144.1911967098713,43.22399349494215],[144.19120341539383,43.224010107995724],[144.19126510620117,43.224015971425324],[144.19127315282822,43.22402183485435]]],"type":"Polygon"},"properties":{"layer":"BldA","prefCode":"01","sourceId":0,"tile":"16/59017/24025","vt_code":3101,"vt_lvorder":0},"type":"Feature"},{"geometry":{"coordinates":[[[144.19177874922752,43.22450752026759],[144.19179886579514,43.224373639564135],[144.19142872095108,43.22433748195146],[144.19142067432404,43.22447624888873],[144.19177874922752,43.22450752026759]]],"type":"Polygon"},"properties":{"layer":"BldA","prefCode":"01","sourceId":0,"tile":"16/59017/24025","vt_code":3111,"vt_lvorder":0},"type":"Feature"},{"geometry":{"coordinates":[[[144.1922950744629,43.22435898107509],[144.19234067201614,43.22434823151422],[144.19237956404686,43.22424659920869],[144.19230982661247,43.224229986219555],[144.19226422905922,43.224235849627995],[144.192226678133,43.22434236811659],[144.1922950744629,43.22435898107509]]],"type":"Polygon"},"properties":{"layer":"BldA","prefCode":"01","sourceId":0,"tile":"16/59017/24025","vt_code":3101,"vt_lvorder":0},"type":"Feature"},{"geometry":{"coordinates":[[[144.19195041060448,43.22416157974602],[144.19197857379913,43.224008153519065],[144.19156953692436,43.22396417777773],[144.1915413737297,43.224116626878754],[144.19195041060448,43.22416157974602]]],"type":"Polygon"},"properties":{"layer":"BldA","prefCode":"01","sourceId":0,"tile":"16/59017/24025","vt_code":3111,"vt_lvorder":0},"type":"Feature"},{"geometry":{"coordinates":[[[144.19181898236275,43.223875248959416],[144.191864579916,43.223864499313244],[144.191957116127,43.22363973355014],[144.19185653328896,43.2236221431511],[144.1918270289898,43.223684686769055],[144.1917572915554,43.223864499313244],[144.19181898236275,43.223875248959416]]],"type":"Polygon"},"properties":{"layer":"BldA","prefCode":"01","sourceId":0,"tile":"16/59017/24025","vt_code":3101,"vt_lvorder":0},"type":"Feature"},{"geometry":{"coordinates":[[[144.19223740696907,43.22414594396986],[144.1922803223133,43.224010107995724],[144.19217973947525,43.22399349494215],[144.19213145971298,43.22412639924402],[144.19223740696907,43.22414594396986]]],"type":"Polygon"},"properties":{"layer":"BldA","prefCode":"01","sourceId":0,"tile":"16/59017/24025","vt_code":3101,"vt_lvorder":0},"type":"Feature"},{"geometry":{"coordinates":[[[144.19271484017372,43.22377947931769],[144.1927845776081,43.223550804258544],[144.1926571726799,43.22353028209591],[144.1925874352455,43.223758957232036],[144.19271484017372,43.22377947931769]]],"type":"Polygon"},"properties":{"layer":"BldA","prefCode":"01","sourceId":0,"tile":"16/59017/24025","vt_code":3101,"vt_lvorder":0},"type":"Feature"},{"geometry":{"coordinates":[[[144.19243320822716,43.22343353466471],[144.19258072972298,43.222977158348236],[144.19217705726624,43.222907773212924],[144.19203087687492,43.223363172800134],[144.19243320822716,43.22343353466471]]],"type":"Polygon"},"properties":{"layer":"BldA","prefCode":"01","sourceId":0,"tile":"16/59017/24025","vt_code":3111,"vt_lvorder":0},"type":"Feature"},{"geometry":{"coordinates":[[[144.1938628256321,43.22477528079246],[144.19388562440872,43.224764531305],[144.1939003765583,43.22470198879489],[144.19388562440872,43.2246912392945],[144.19358655810356,43.22465117295818],[144.19357046484947,43.224730328377724],[144.19373139739037,43.22475280458924],[144.1938628256321,43.22477528079246]]],"type":"Polygon"},"properties":{"layer":"BldA","prefCode":"01","sourceId":0,"tile":"16/59017/24025","vt_code":3101,"vt_lvorder":0},"type":"Feature"},{"geometry":{"coordinates":[[[144.19404655694962,43.22489352502944],[144.19416189193726,43.22488766168425],[144.19416189193726,43.2247586679474],[144.19404655694962,43.224764531305],[144.19404655694962,43.22489352502944]]],"type":"Polygon"},"properties":{"layer":"BldA","prefCode":"01","sourceId":0,"tile":"16/59017/24025","vt_code":3101,"vt_lvorder":0},"type":"Feature"},{"geometry":{"coordinates":[[[144.19353291392326,43.22452217872092],[144.19354900717735,43.22440588822762],[144.1934658586979,43.22440588822762],[144.1934497654438,43.22452217872092],[144.19353291392326,43.22452217872092]]],"type":"Polygon"},"properties":{"layer":"BldA","prefCode":"01","sourceId":0,"tile":"16/59017/24025","vt_code":3101,"vt_lvorder":0},"type":"Feature"},{"geometry":{"coordinates":[[[144.19389367103577,43.22456126791255],[144.1939164698124,43.22454465500917],[144.19393122196198,43.22448895288833],[144.19376224279404,43.22446061319328],[144.1936630010605,43.224448886419054],[144.1936469078064,43.22448895288833],[144.1936469078064,43.22452804210126],[144.19389367103577,43.22456126791255]]],"type":"Polygon"},"properties":{"layer":"BldA","prefCode":"01","sourceId":0,"tile":"16/59017/24025","vt_code":3101,"vt_lvorder":0},"type":"Feature"},{"geometry":{"coordinates":[[[144.19403180480003,43.22428568857702],[144.19405460357666,43.22427493900322],[144.1940626502037,43.224240735801274],[144.1940626502037,43.2242133732259],[144.19399291276932,43.22419578299238],[144.19374749064445,43.22416842039683],[144.19373139739037,43.22420750981529],[144.19373139739037,43.22424659920869],[144.19377028942108,43.22424659920869],[144.19403180480003,43.22428568857702]]],"type":"Polygon"},"properties":{"layer":"BldA","prefCode":"01","sourceId":0,"tile":"16/59017/24025","vt_code":3101,"vt_lvorder":0},"type":"Feature"},{"geometry":{"coordinates":[[[144.19473320245743,43.22477332634033],[144.19491425156593,43.224767462983586],[144.19489547610283,43.224441068568325],[144.19471442699432,43.22444595472515],[144.19473320245743,43.22477332634033]]],"type":"Polygon"},"properties":{"layer":"BldA","prefCode":"01","sourceId":0,"tile":"16/59017/24025","vt_code":3101,"vt_lvorder":0},"type":"Feature"},{"geometry":{"coordinates":[[[144.19426247477531,43.223296719853465],[144.19429332017899,43.223280106605486],[144.19430807232857,43.22321756257246],[144.1941002011299,43.22318335877727],[144.1940774023533,43.22326251610268],[144.19426247477531,43.223296719853465]]],"type":"Polygon"},"properties":{"layer":"BldA","prefCode":"01","sourceId":0,"tile":"16/59017/24025","vt_code":3101,"vt_lvorder":0},"type":"Feature"},{"geometry":{"coordinates":[[[144.19315472245216,43.22247777906398],[144.19326335191727,43.22218069042589],[144.19308632612228,43.22214648604896],[144.1929790377617,43.2224425975903],[144.19315472245216,43.22247777906398]]],"type":"Polygon"},"properties":{"layer":"BldA","prefCode":"01","sourceId":0,"tile":"16/59017/24025","vt_code":3111,"vt_lvorder":0},"type":"Feature"},{"geometry":{"coordinates":[[[144.19393122196198,43.222610686670215],[144.19396206736565,43.22252077861534],[144.19338941574097,43.22241816599941],[144.1933599114418,43.222507096943204],[144.19393122196198,43.222610686670215]]],"type":"Polygon"},"properties":{"layer":"BldA","prefCode":"01","sourceId":0,"tile":"16/59017/24025","vt_code":3111,"vt_lvorder":0},"type":"Feature"},{"geometry":{"coordinates":[[[144.1939902305603,43.22243087042789],[144.19402241706848,43.22233118945638],[144.193484634161,43.22223639465581],[144.1934511065483,43.22233607578231],[144.1939902305603,43.22243087042789]]],"type":"Polygon"},"properties":{"layer":"BldA","prefCode":"01","sourceId":0,"tile":"16/59017/24025","vt_code":3111,"vt_lvorder":0},"type":"Feature"},{"geometry":{"coordinates":[[[144.19444620609283,43.2231051786019],[144.19449985027313,43.223093451566946],[144.19450789690018,43.223026021072194],[144.19440865516663,43.22300940775044],[144.19434696435928,43.22301527127629],[144.1943308711052,43.22308270178293],[144.19436171650887,43.223093451566946],[144.1944381594658,43.22309931508471],[144.19444620609283,43.2231051786019]]],"type":"Polygon"},"properties":{"layer":"BldA","prefCode":"01","sourceId":0,"tile":"16/59017/24025","vt_code":3101,"vt_lvorder":0},"type":"Feature"},{"geometry":{"coordinates":[[[144.1946567595005,43.223252743598934],[144.1946728527546,43.223241993843],[144.1947264969349,43.223016248530534],[144.1946192085743,43.22299963520612],[144.19455751776695,43.22323613033896],[144.1946567595005,43.223252743598934]]],"type":"Polygon"},"properties":{"layer":"BldA","prefCode":"01","sourceId":0,"tile":"16/59017/24025","vt_code":3101,"vt_lvorder":0},"type":"Feature"},{"geometry":{"coordinates":[[[144.1947305202484,43.22282959268414],[144.19483110308647,43.22272307155234],[144.19473856687546,43.22267811762435],[144.1946379840374,43.2227846388347],[144.1947305202484,43.22282959268414]]],"type":"Polygon"},"properties":{"layer":"BldA","prefCode":"01","sourceId":0,"tile":"16/59017/24025","vt_code":3101,"vt_lvorder":0},"type":"Feature"},{"geometry":{"coordinates":[[[144.19437780976295,43.22272307155234],[144.19439256191254,43.222717207998386],[144.19441536068916,43.222593095974254],[144.19430807232857,43.22258234610201],[144.1942772269249,43.22270548088881],[144.19437780976295,43.22272307155234]]],"type":"Polygon"},"properties":{"layer":"BldA","prefCode":"01","sourceId":0,"tile":"16/59017/24025","vt_code":3101,"vt_lvorder":0},"type":"Feature"},{"geometry":{"coordinates":[[[144.19476941227913,43.222559869090276],[144.19479221105576,43.22253739207025],[144.19483914971352,43.22239080260599],[144.19433891773224,43.222306757820846],[144.19428527355194,43.222474847275286],[144.19476941227913,43.222559869090276]]],"type":"Polygon"},"properties":{"layer":"BldA","prefCode":"01","sourceId":0,"tile":"16/59017/24025","vt_code":3101,"vt_lvorder":0},"type":"Feature"},{"geometry":{"coordinates":[[[144.19490084052086,43.222316530476235],[144.19493973255157,43.22221000844798],[144.19466748833656,43.22215723599806],[144.19462859630585,43.22226375811853],[144.19490084052086,43.222316530476235]]],"type":"Polygon"},"properties":{"layer":"BldA","prefCode":"01","sourceId":0,"tile":"16/59017/24025","vt_code":3101,"vt_lvorder":0},"type":"Feature"},{"geometry":{"coordinates":[[[144.11104559898376,43.271719743021],[144.11107376217842,43.271585966047994],[144.11095172166824,43.2715732718674],[144.1109235584736,43.27170607239491],[144.11104559898376,43.271719743021]]],"type":"Polygon"},"properties":{"layer":"BldA","prefCode":"01","sourceId":0,"tile":"16/59002/24013","vt_code":3101,"vt_lvorder":0},"type":"Feature"},{"geometry":{"coordinates":[[[144.11152705550194,43.27178516668905],[144.11154314875603,43.271696307660115],[144.11136075854301,43.27167775465968],[144.11134332418442,43.2717666137157],[144.11152705550194,43.27178516668905]]],"type":"Polygon"},"properties":{"layer":"BldA","prefCode":"01","sourceId":0,"tile":"16/59002/24013","vt_code":3101,"vt_lvorder":0},"type":"Feature"},{"geometry":{"coordinates":[[[144.11165446043015,43.27149124786741],[144.11167323589325,43.27140238840934],[144.11149084568024,43.271381882362135],[144.11147207021713,43.27147074185014],[144.11165446043015,43.27149124786741]]],"type":"Polygon"},"properties":{"layer":"BldA","prefCode":"01","sourceId":0,"tile":"16/59002/24013","vt_code":3101,"vt_lvorder":0},"type":"Feature"},{"geometry":{"coordinates":[[[144.1115927696228,43.27130669346325],[144.11161556839943,43.271171939100384],[144.11149218678474,43.27116217427988],[144.11147072911263,43.2712959521844],[144.1115927696228,43.27130669346325]]],"type":"Polygon"},"properties":{"layer":"BldA","prefCode":"01","sourceId":0,"tile":"16/59002/24013","vt_code":3101,"vt_lvorder":0},"type":"Feature"},{"geometry":{"coordinates":[[[144.11220163106918,43.27152933045259],[144.1122204065323,43.2714248474055],[144.11186501383781,43.271389694190454],[144.1118462383747,43.27149515377468],[144.11220163106918,43.27152933045259]]],"type":"Polygon"},"properties":{"layer":"BldA","prefCode":"01","sourceId":0,"tile":"16/59002/24013","vt_code":3111,"vt_lvorder":0},"type":"Feature"},{"geometry":{"coordinates":[[[144.11293923854828,43.271576201293925],[144.11294996738434,43.271326223056306],[144.11282926797867,43.27131938769946],[144.1128158569336,43.2715732718674],[144.11293923854828,43.271576201293925]]],"type":"Polygon"},"properties":{"layer":"BldA","prefCode":"01","sourceId":0,"tile":"16/59002/24013","vt_code":3101,"vt_lvorder":0},"type":"Feature"},{"geometry":{"coordinates":[[[144.11132723093033,43.2711690096544],[144.11140367388725,43.27082821647585],[144.11119177937508,43.27079892184421],[144.11113411188126,43.27115436242236],[144.11132723093033,43.2711690096544]]],"type":"Polygon"},"properties":{"layer":"BldA","prefCode":"01","sourceId":0,"tile":"16/59002/24013","vt_code":3111,"vt_lvorder":0},"type":"Feature"},{"geometry":{"coordinates":[[[144.11222979426384,43.27132524657681],[144.11226332187653,43.27091805325827],[144.11194682121277,43.27090340596583],[144.11191195249557,43.27131157586211],[144.11222979426384,43.27132524657681]]],"type":"Polygon"},"properties":{"layer":"BldA","prefCode":"01","sourceId":0,"tile":"16/59002/24013","vt_code":3111,"vt_lvorder":0},"type":"Feature"},{"geometry":{"coordinates":[[[144.1118985414505,43.27086825244962],[144.1119186580181,43.27073447360499],[144.11179661750793,43.27072373222515],[144.11177515983582,43.27085848758039],[144.1118985414505,43.27086825244962]]],"type":"Polygon"},"properties":{"layer":"BldA","prefCode":"01","sourceId":0,"tile":"16/59002/24013","vt_code":3101,"vt_lvorder":0},"type":"Feature"},{"geometry":{"coordinates":[[[144.1119521856308,43.2706583074161],[144.11213591694832,43.27065147198423],[144.1121305525303,43.270561634808324],[144.11194548010826,43.270568470250275],[144.1119521856308,43.2706583074161]]],"type":"Polygon"},"properties":{"layer":"BldA","prefCode":"01","sourceId":0,"tile":"16/59002/24013","vt_code":3101,"vt_lvorder":0},"type":"Feature"},{"geometry":{"coordinates":[[[144.1122230887413,43.270746191471744],[144.11240682005882,43.270739356049745],[144.1124014556408,43.27064854251319],[144.11221638321877,43.270656354435644],[144.1122230887413,43.270746191471744]]],"type":"Polygon"},"properties":{"layer":"BldA","prefCode":"01","sourceId":0,"tile":"16/59002/24013","vt_code":3101,"vt_lvorder":0},"type":"Feature"},{"geometry":{"coordinates":[[[144.11221370100975,43.27027356905648],[144.11239877343178,43.2702667335814],[144.11239206790924,43.270176895837594],[144.1122069954872,43.27018373132277],[144.11221370100975,43.27027356905648]]],"type":"Polygon"},"properties":{"layer":"BldA","prefCode":"01","sourceId":0,"tile":"16/59002/24013","vt_code":3101,"vt_lvorder":0},"type":"Feature"},{"geometry":{"coordinates":[[[144.1131404042244,43.27086532298901],[144.11314845085144,43.270775486128755],[144.1129633784294,43.270768650710046],[144.11295667290688,43.27085848758039],[144.1131404042244,43.27086532298901]]],"type":"Polygon"},"properties":{"layer":"BldA","prefCode":"01","sourceId":0,"tile":"16/59002/24013","vt_code":3101,"vt_lvorder":0},"type":"Feature"},{"geometry":{"coordinates":[[[144.1132664680481,43.27115924483343],[144.1132664680481,43.271024490144086],[144.1132289171219,43.271021560691],[144.1132155060768,43.27115631538683],[144.1132664680481,43.27115924483343]]],"type":"Polygon"},"properties":{"layer":"BldA","prefCode":"01","sourceId":0,"tile":"16/59002/24013","vt_code":3101,"vt_lvorder":0},"type":"Feature"},{"geometry":{"coordinates":[[[144.11321952939034,43.269972807426825],[144.1132664680481,43.26996694841929],[144.1132664680481,43.26985758017494],[144.11321952939034,43.26985953318103],[144.11321952939034,43.269972807426825]]],"type":"Polygon"},"properties":{"layer":"BldA","prefCode":"01","sourceId":0,"tile":"16/59002/24013","vt_code":3101,"vt_lvorder":0},"type":"Feature"},{"geometry":{"coordinates":[[[144.1131404042244,43.27086532298901],[144.11314845085144,43.270775486128755],[144.1130518913269,43.270772556663694],[144.1130518913269,43.27086239352827],[144.1131404042244,43.27086532298901]]],"type":"Polygon"},"properties":{"layer":"BldA","prefCode":"01","sourceId":0,"tile":"16/59003/24013","vt_code":3101,"vt_lvorder":0},"type":"Feature"},{"geometry":{"coordinates":[[[144.1133388876915,43.27116315076201],[144.11335229873657,43.271028396081306],[144.1132289171219,43.271021560691],[144.1132155060768,43.27115631538683],[144.1133388876915,43.27116315076201]]],"type":"Polygon"},"properties":{"layer":"BldA","prefCode":"01","sourceId":0,"tile":"16/59003/24013","vt_code":3101,"vt_lvorder":0},"type":"Feature"},{"geometry":{"coordinates":[[[144.11321952939034,43.269972807426825],[144.11331072449684,43.269961089411176],[144.11333486437798,43.26993862987487],[144.11332681775093,43.26985465066569],[144.11321952939034,43.26985953318103],[144.11321952939034,43.269972807426825]]],"type":"Polygon"},"properties":{"layer":"BldA","prefCode":"01","sourceId":0,"tile":"16/59003/24013","vt_code":3101,"vt_lvorder":0},"type":"Feature"},{"geometry":{"coordinates":[[[144.26698252558708,43.30175450208669],[144.26703616976738,43.30174864613945],[144.26705226302147,43.30162567111699],[144.2669677734375,43.301621767143935],[144.26693692803383,43.30161981515733],[144.26692217588425,43.30174864613945],[144.2669677734375,43.30175352609552],[144.26698252558708,43.30175450208669]]],"type":"Polygon"},"properties":{"layer":"BldA","prefCode":"01","sourceId":0,"tile":"16/59030/24005","vt_code":3101,"vt_lvorder":0},"type":"Feature"},{"geometry":{"coordinates":[[[144.26665261387825,43.30103421634342],[144.26673710346222,43.30102836032679],[144.26673710346222,43.300950280051254],[144.26656812429428,43.30093856800128],[144.26656007766724,43.30102348031251],[144.26665261387825,43.30103421634342]]],"type":"Polygon"},"properties":{"layer":"BldA","prefCode":"01","sourceId":0,"tile":"16/59030/24006","vt_code":3101,"vt_lvorder":0},"type":"Feature"},{"geometry":{"coordinates":[[[144.26665261387825,43.30087122367011],[144.26673710346222,43.30086536763778],[144.26673710346222,43.30078728715292],[144.26656812429428,43.300775575071555],[144.26656007766724,43.30086048761042],[144.26665261387825,43.30087122367011]]],"type":"Polygon"},"properties":{"layer":"BldA","prefCode":"01","sourceId":0,"tile":"16/59030/24006","vt_code":3101,"vt_lvorder":0},"type":"Feature"},{"geometry":{"coordinates":[[[144.2670750617981,43.30065747812492],[144.2670750617981,43.30048179629227],[144.26707103848457,43.300536452916816],[144.2669677734375,43.30053450089536],[144.26689267158508,43.30053254887384],[144.26688864827156,43.300647718036416],[144.2669677734375,43.30065162207201],[144.2670750617981,43.30065747812492]]],"type":"Polygon"},"properties":{"layer":"BldA","prefCode":"01","sourceId":0,"tile":"16/59030/24006","vt_code":3111,"vt_lvorder":0},"type":"Feature"},{"geometry":{"coordinates":[[[144.2670750617981,43.300280737571974],[144.2670750617981,43.300200704304125],[144.26702946424484,43.30019680023959],[144.26702946424484,43.30027585749769],[144.2670750617981,43.300280737571974]]],"type":"Polygon"},"properties":{"layer":"BldA","prefCode":"01","sourceId":0,"tile":"16/59030/24006","vt_code":3101,"vt_lvorder":0},"type":"Feature"},{"geometry":{"coordinates":[[[144.26893785595894,43.30385187091231],[144.26903039216995,43.3038352796327],[144.26903039216995,43.30380112110163],[144.26899150013924,43.303717188629435],[144.2689137160778,43.303728900144144],[144.26889896392822,43.30374549145277],[144.26893785595894,43.30385187091231]]],"type":"Polygon"},"properties":{"layer":"BldA","prefCode":"01","sourceId":0,"tile":"16/59031/24005","vt_code":3101,"vt_lvorder":0},"type":"Feature"},{"geometry":{"coordinates":[[[144.2691993713379,43.30365570314024],[144.2692382633686,43.30364399161143],[144.26926106214523,43.303582506048194],[144.26909878849983,43.30354346756307],[144.26906794309616,43.30361568874084],[144.26912158727646,43.303638135846185],[144.2691993713379,43.30365570314024]]],"type":"Polygon"},"properties":{"layer":"BldA","prefCode":"01","sourceId":0,"tile":"16/59031/24005","vt_code":3101,"vt_lvorder":0},"type":"Feature"},{"geometry":{"coordinates":[[[144.26720649003983,43.30186674096656],[144.2672373354435,43.30186088503012],[144.2672748863697,43.30164226299961],[144.26714479923248,43.30163055108293],[144.26710590720177,43.30185600508267],[144.26720649003983,43.30186674096656]]],"type":"Polygon"},"properties":{"layer":"BldA","prefCode":"01","sourceId":0,"tile":"16/59031/24005","vt_code":3101,"vt_lvorder":0},"type":"Feature"},{"geometry":{"coordinates":[[[144.26726013422012,43.30131530447802],[144.2673446238041,43.30131042448677],[144.2673446238041,43.301231368573916],[144.26717564463615,43.301220632577824],[144.2671675980091,43.30130456849675],[144.26726013422012,43.30131530447802]]],"type":"Polygon"},"properties":{"layer":"BldA","prefCode":"01","sourceId":0,"tile":"16/59031/24005","vt_code":3101,"vt_lvorder":0},"type":"Feature"},{"geometry":{"coordinates":[[[144.2673298716545,43.30114157654822],[144.26739156246185,43.301129864535085],[144.26739290356636,43.301118152519706],[144.26728293299675,43.301118152519706],[144.26728293299675,43.301135720541936],[144.2673298716545,43.30114157654822]]],"type":"Polygon"},"properties":{"layer":"BldA","prefCode":"01","sourceId":0,"tile":"16/59031/24005","vt_code":3101,"vt_lvorder":0},"type":"Feature"},{"geometry":{"coordinates":[[[144.2673446238041,43.301274312539334],[144.2673446238041,43.301231368573916],[144.26717564463615,43.301220632577824],[144.26717028021812,43.301274312539334],[144.2673446238041,43.301274312539334]]],"type":"Polygon"},"properties":{"layer":"BldA","prefCode":"01","sourceId":0,"tile":"16/59031/24006","vt_code":3101,"vt_lvorder":0},"type":"Feature"},{"geometry":{"coordinates":[[[144.2673298716545,43.30114157654822],[144.26739156246185,43.301129864535085],[144.26740631461143,43.30102348031251],[144.2673835158348,43.30101176827664],[144.26730573177338,43.30101176827664],[144.26728293299675,43.30108496846386],[144.26728293299675,43.301135720541936],[144.2673298716545,43.30114157654822]]],"type":"Polygon"},"properties":{"layer":"BldA","prefCode":"01","sourceId":0,"tile":"16/59031/24006","vt_code":3101,"vt_lvorder":0},"type":"Feature"},{"geometry":{"coordinates":[[[144.26724672317505,43.300821447377395],[144.26727756857872,43.300360770734464],[144.26708444952965,43.300351986612014],[144.26707103848457,43.300536452916816],[144.2669677734375,43.30053450089536],[144.26689267158508,43.30053254887384],[144.26688864827156,43.300647718036416],[144.2669677734375,43.30065162207201],[144.2670924961567,43.30065747812492],[144.26708176732063,43.300821447377395],[144.26724672317505,43.300821447377395]]],"type":"Polygon"},"properties":{"layer":"BldA","prefCode":"01","sourceId":0,"tile":"16/59031/24006","vt_code":3111,"vt_lvorder":0},"type":"Feature"},{"geometry":{"coordinates":[[[144.2671300470829,43.3002865936606],[144.2671836912632,43.300280737571974],[144.2671836912632,43.30020753641648],[144.26702946424484,43.30019680023959],[144.26702946424484,43.30027585749769],[144.2671300470829,43.3002865936606]]],"type":"Polygon"},"properties":{"layer":"BldA","prefCode":"01","sourceId":0,"tile":"16/59031/24006","vt_code":3101,"vt_lvorder":0},"type":"Feature"},{"geometry":{"coordinates":[[[144.26784485578537,43.29908315559482],[144.26795214414597,43.29907144318518],[144.267960190773,43.29895334292847],[144.26783680915833,43.29895334292847],[144.26782205700874,43.29897091157623],[144.2678140103817,43.299077299390284],[144.26784485578537,43.29908315559482]]],"type":"Polygon"},"properties":{"layer":"BldA","prefCode":"01","sourceId":0,"tile":"16/59031/24006","vt_code":3101,"vt_lvorder":0},"type":"Feature"},{"geometry":{"coordinates":[[[144.26776841282845,43.29867224387406],[144.26787570118904,43.298666387629936],[144.267867654562,43.29855999909691],[144.26776841282845,43.29855414284198],[144.26776841282845,43.29867224387406]]],"type":"Polygon"},"properties":{"layer":"BldA","prefCode":"01","sourceId":0,"tile":"16/59031/24006","vt_code":3101,"vt_lvorder":0},"type":"Feature"},{"geometry":{"coordinates":[[[144.26150411367416,43.31975692087811],[144.2615818977356,43.31975009096292],[144.2615818977356,43.31962617665403],[144.26149606704712,43.31963398228724],[144.26150411367416,43.31975692087811]]],"type":"Polygon"},"properties":{"layer":"BldA","prefCode":"01","sourceId":0,"tile":"16/59029/24001","vt_code":3101,"vt_lvorder":0},"type":"Feature"},{"geometry":{"coordinates":[[[144.26150411367416,43.31955495020462],[144.2615818977356,43.31954714456125],[144.2615818977356,43.319423229838456],[144.26149606704712,43.31943103549774],[144.26150411367416,43.31955495020462]]],"type":"Polygon"},"properties":{"layer":"BldA","prefCode":"01","sourceId":0,"tile":"16/59029/24001","vt_code":3101,"vt_lvorder":0},"type":"Feature"},{"geometry":{"coordinates":[[[144.2615818977356,43.31918418103717],[144.2615818977356,43.319098318381016],[144.26148131489754,43.319087585540466],[144.261474609375,43.31915881253776],[144.2614732682705,43.31917247250029],[144.261474609375,43.31917344821179],[144.2615818977356,43.31918418103717]]],"type":"Polygon"},"properties":{"layer":"BldA","prefCode":"01","sourceId":0,"tile":"16/59029/24001","vt_code":3101,"vt_lvorder":0},"type":"Feature"},{"geometry":{"coordinates":[[[144.26150411367416,43.31975692087811],[144.2616194486618,43.31974618815389],[144.26161140203476,43.31962227383704],[144.26149606704712,43.31963398228724],[144.26150411367416,43.31975692087811]]],"type":"Polygon"},"properties":{"layer":"BldA","prefCode":"01","sourceId":0,"tile":"16/59030/24001","vt_code":3101,"vt_lvorder":0},"type":"Feature"},{"geometry":{"coordinates":[[[144.26150411367416,43.31955495020462],[144.2616194486618,43.31954324173919],[144.26161140203476,43.31942030271596],[144.26149606704712,43.31943103549774],[144.26150411367416,43.31955495020462]]],"type":"Polygon"},"properties":{"layer":"BldA","prefCode":"01","sourceId":0,"tile":"16/59030/24001","vt_code":3101,"vt_lvorder":0},"type":"Feature"},{"geometry":{"coordinates":[[[144.26213443279266,43.319307120538156],[144.2621961236,43.31930126628185],[144.26220417022705,43.31922320947714],[144.26202714443207,43.31921150094777],[144.26201909780502,43.31929638773449],[144.26213443279266,43.319307120538156]]],"type":"Polygon"},"properties":{"layer":"BldA","prefCode":"01","sourceId":0,"tile":"16/59030/24001","vt_code":3101,"vt_lvorder":0},"type":"Feature"},{"geometry":{"coordinates":[[[144.2616342008114,43.31918905959353],[144.26165029406548,43.31918320532586],[144.261656999588,43.319105148369474],[144.26148131489754,43.319087585540466],[144.261474609375,43.31915881253776],[144.2614732682705,43.31917247250029],[144.261474609375,43.31917344821179],[144.2616342008114,43.31918905959353]]],"type":"Polygon"},"properties":{"layer":"BldA","prefCode":"01","sourceId":0,"tile":"16/59030/24001","vt_code":3101,"vt_lvorder":0},"type":"Feature"},{"geometry":{"coordinates":[[[144.2943611741066,43.32116386703777],[144.2944000661373,43.321153134562095],[144.29450064897537,43.32114728048365],[144.29451540112495,43.321136548005036],[144.29450869560242,43.32110337487735],[144.29433301091194,43.32110337487735],[144.29434642195702,43.321158988639965],[144.2943611741066,43.32116386703777]]],"type":"Polygon"},"properties":{"layer":"BldA","prefCode":"01","sourceId":0,"tile":"16/59035/24000","vt_code":3101,"vt_lvorder":0},"type":"Feature"},{"geometry":{"coordinates":[[[144.2943611741066,43.32116386703777],[144.2944000661373,43.321153134562095],[144.29450064897537,43.32114728048365],[144.29451540112495,43.321136548005036],[144.29450064897537,43.32106337196398],[144.29443359375,43.32106629900732],[144.29439201951027,43.321068250369464],[144.29435312747955,43.32107995854101],[144.29433032870293,43.321090691029625],[144.29434642195702,43.321158988639965],[144.2943611741066,43.32116386703777]]],"type":"Polygon"},"properties":{"layer":"BldA","prefCode":"01","sourceId":0,"tile":"16/59035/24001","vt_code":3101,"vt_lvorder":0},"type":"Feature"},{"geometry":{"coordinates":[[[144.2945073544979,43.32100092833926],[144.2945408821106,43.32099897697495],[144.2945408821106,43.320920922351284],[144.29449260234833,43.320921898034705],[144.2945073544979,43.32100092833926]]],"type":"Polygon"},"properties":{"layer":"BldA","prefCode":"01","sourceId":0,"tile":"16/59035/24001","vt_code":3101,"vt_lvorder":0},"type":"Feature"},{"geometry":{"coordinates":[[[144.2945408821106,43.32079798611566],[144.2945408821106,43.32070919867969],[144.29450064897537,43.32070334455847],[144.29448455572128,43.32078139946166],[144.29450064897537,43.32079310768848],[144.2945408821106,43.32079798611566]]],"type":"Polygon"},"properties":{"layer":"BldA","prefCode":"01","sourceId":0,"tile":"16/59035/24001","vt_code":3101,"vt_lvorder":0},"type":"Feature"},{"geometry":{"coordinates":[[[144.29670810699463,43.32218734623463],[144.29676309227943,43.32217661393974],[144.29687038064003,43.322103439151384],[144.29681673645973,43.32205270457972],[144.29678589105606,43.322058558570916],[144.2966464161873,43.322131733413336],[144.29670810699463,43.32218734623463]]],"type":"Polygon"},"properties":{"layer":"BldA","prefCode":"01","sourceId":0,"tile":"16/59036/24000","vt_code":3101,"vt_lvorder":0},"type":"Feature"},{"geometry":{"coordinates":[[[144.29700046777725,43.32185074153787],[144.2970621585846,43.32182830115845],[144.2971010506153,43.32180586077073],[144.29700046777725,43.321704391088026],[144.29696962237358,43.321709269442024],[144.29691597819328,43.32174927193012],[144.29700046777725,43.32185074153787]]],"type":"Polygon"},"properties":{"layer":"BldA","prefCode":"01","sourceId":0,"tile":"16/59036/24000","vt_code":3101,"vt_lvorder":0},"type":"Feature"},{"geometry":{"coordinates":[[[144.29676979780197,43.32168780468147],[144.2969025671482,43.321614629304364],[144.29683551192284,43.321559991631986],[144.29671213030815,43.3216331670749],[144.29676979780197,43.32168780468147]]],"type":"Polygon"},"properties":{"layer":"BldA","prefCode":"01","sourceId":0,"tile":"16/59036/24000","vt_code":3101,"vt_lvorder":0},"type":"Feature"},{"geometry":{"coordinates":[[[144.29787084460258,43.32419034952798],[144.2979472875595,43.324184495742195],[144.29795533418655,43.32410059141727],[144.29746314883232,43.32408303003228],[144.29745510220528,43.324173763800125],[144.29787084460258,43.32419034952798]]],"type":"Polygon"},"properties":{"layer":"BldA","prefCode":"01","sourceId":0,"tile":"16/59036/24000","vt_code":3101,"vt_lvorder":0},"type":"Feature"},{"geometry":{"coordinates":[[[144.2945073544979,43.32100092833926],[144.29469242691994,43.320989220152484],[144.2946843802929,43.32091701961747],[144.29449260234833,43.320921898034705],[144.2945073544979,43.32100092833926]]],"type":"Polygon"},"properties":{"layer":"BldA","prefCode":"01","sourceId":0,"tile":"16/59036/24001","vt_code":3101,"vt_lvorder":0},"type":"Feature"},{"geometry":{"coordinates":[[[144.29455429315567,43.32079896180105],[144.29464682936668,43.32078725357535],[144.29464682936668,43.3207257853534],[144.29458513855934,43.3207140771136],[144.29450064897537,43.32070334455847],[144.29448455572128,43.32078139946166],[144.29450064897537,43.32079310768848],[144.29455429315567,43.32079896180105]]],"type":"Polygon"},"properties":{"layer":"BldA","prefCode":"01","sourceId":0,"tile":"16/59036/24001","vt_code":3101,"vt_lvorder":0},"type":"Feature"},{"geometry":{"coordinates":[[[144.29511487483978,43.321090691029625],[144.2952610552311,43.32107995854101],[144.2952610552311,43.3210067824318],[144.29525434970856,43.32099507424615],[144.29510816931725,43.3210067824318],[144.29510816931725,43.32107995854101],[144.29511487483978,43.321090691029625]]],"type":"Polygon"},"properties":{"layer":"BldA","prefCode":"01","sourceId":0,"tile":"16/59036/24001","vt_code":3101,"vt_lvorder":0},"type":"Feature"},{"geometry":{"coordinates":[[[145.3117471933365,43.26335665217107],[145.31175389885902,43.26324043578525],[145.3114950656891,43.26322969308292],[145.3115151822567,43.26291131758971],[145.31135022640228,43.26290545790245],[145.3113193809986,43.26333516680553],[145.3117471933365,43.26335665217107]]],"type":"Polygon"},"properties":{"layer":"BldA","prefCode":"01","sourceId":0,"tile":"16/59221/24015","vt_code":3111,"vt_lvorder":0},"type":"Feature"},{"geometry":{"coordinates":[[[145.31181558966637,43.26310859339827],[145.3118745982647,43.26243668109445],[145.31166672706604,43.26242691487256],[145.3116224706173,43.263099803895656],[145.31181558966637,43.26310859339827]]],"type":"Polygon"},"properties":{"layer":"BldA","prefCode":"01","sourceId":0,"tile":"16/59221/24015","vt_code":3111,"vt_lvorder":0},"type":"Feature"},{"geometry":{"coordinates":[[[145.31219244003296,43.26305976281213],[145.3121817111969,43.26297479749885],[145.3120194375515,43.26296405474965],[145.31200468540192,43.26301483863828],[145.31201004981995,43.26304902007791],[145.31210392713547,43.26305390313915],[145.31219244003296,43.26305976281213]]],"type":"Polygon"},"properties":{"layer":"BldA","prefCode":"01","sourceId":0,"tile":"16/59221/24015","vt_code":3101,"vt_lvorder":0},"type":"Feature"},{"geometry":{"coordinates":[[[145.31251162290573,43.26276677847271],[145.31262829899788,43.262761895388444],[145.31262829899788,43.26269450878553],[145.31244322657585,43.26268278936871],[145.31242713332176,43.262756035686806],[145.31251162290573,43.26276677847271]]],"type":"Polygon"},"properties":{"layer":"BldA","prefCode":"01","sourceId":0,"tile":"16/59221/24015","vt_code":3101,"vt_lvorder":0},"type":"Feature"},{"geometry":{"coordinates":[[[145.3159837424755,43.2616807708886],[145.31609907746315,43.261675887717224],[145.3160923719406,43.261551855032984],[145.31597569584846,43.26155771485052],[145.3159837424755,43.2616807708886]]],"type":"Polygon"},"properties":{"layer":"BldA","prefCode":"01","sourceId":0,"tile":"16/59221/24015","vt_code":3101,"vt_lvorder":0},"type":"Feature"},{"geometry":{"coordinates":[[[145.3160548210144,43.26167784098582],[145.31609907746315,43.261675887717224],[145.3160923719406,43.261551855032984],[145.3160548210144,43.26155380830556],[145.3160548210144,43.26167784098582]]],"type":"Polygon"},"properties":{"layer":"BldA","prefCode":"01","sourceId":0,"tile":"16/59222/24015","vt_code":3101,"vt_lvorder":0},"type":"Feature"},{"geometry":{"coordinates":[[[145.31683802604675,43.26207532984139],[145.31687691807747,43.26206947007366],[145.31687691807747,43.261996222929554],[145.31671464443207,43.261984503378315],[145.3166998922825,43.262047007625505],[145.31670793890953,43.262063610305376],[145.31683802604675,43.26207532984139]]],"type":"Polygon"},"properties":{"layer":"BldA","prefCode":"01","sourceId":0,"tile":"16/59222/24015","vt_code":3101,"vt_lvorder":0},"type":"Feature"},{"geometry":{"coordinates":[[[145.31642496585846,43.261968877306494],[145.31665697693825,43.261966924047236],[145.31665697693825,43.261467864252914],[145.316431671381,43.261470794165795],[145.31642496585846,43.261968877306494]]],"type":"Polygon"},"properties":{"layer":"BldA","prefCode":"01","sourceId":0,"tile":"16/59222/24015","vt_code":3111,"vt_lvorder":0},"type":"Feature"},{"geometry":{"coordinates":[[[142.62985467910767,43.59006336989605],[142.6299713551998,43.59001868775522],[142.62999415397644,43.59000217478173],[142.62997806072235,43.589962349356455],[142.62995526194572,43.58993418013729],[142.62978494167328,43.589996346672365],[142.62979298830032,43.59001868775522],[142.629823833704,43.59004685693482],[142.62985467910767,43.59006336989605]]],"type":"Polygon"},"properties":{"layer":"BldA","prefCode":"01","sourceId":0,"tile":"16/58732/23933","vt_code":3101,"vt_lvorder":0},"type":"Feature"},{"geometry":{"coordinates":[[[142.62978494167328,43.589872013538006],[142.62990832328796,43.58983898750603],[142.62995526194572,43.589804990101236],[142.62992441654205,43.58977099267723],[142.62992441654205,43.58974865150244],[142.62989357113838,43.58974865150244],[142.62974604964256,43.58979916197276],[142.62976214289665,43.58983898750603],[142.62978494167328,43.589872013538006]]],"type":"Polygon"},"properties":{"layer":"BldA","prefCode":"01","sourceId":0,"tile":"16/58732/23933","vt_code":3101,"vt_lvorder":0},"type":"Feature"},{"geometry":{"coordinates":[[[142.6298975944519,43.59004782828561],[142.6299713551998,43.59001868775522],[142.62999415397644,43.59000217478173],[142.62997806072235,43.589962349356455],[142.62995526194572,43.58993418013729],[142.6298975944519,43.589955549890966],[142.6298975944519,43.59004782828561]]],"type":"Polygon"},"properties":{"layer":"BldA","prefCode":"01","sourceId":0,"tile":"16/58733/23933","vt_code":3101,"vt_lvorder":0},"type":"Feature"},{"geometry":{"coordinates":[[[142.6298975944519,43.5898419015684],[142.62990832328796,43.58983898750603],[142.62995526194572,43.589804990101236],[142.62992441654205,43.58977099267723],[142.62992441654205,43.58974865150244],[142.6298975944519,43.58974865150244],[142.6298975944519,43.5898419015684]]],"type":"Polygon"},"properties":{"layer":"BldA","prefCode":"01","sourceId":0,"tile":"16/58733/23933","vt_code":3101,"vt_lvorder":0},"type":"Feature"},{"geometry":{"coordinates":[[[142.6308524608612,43.58902887269437],[142.63094633817673,43.588898709345806],[142.63083636760712,43.58886568277977],[142.6307424902916,43.58898904662507],[142.6308524608612,43.58902887269437]]],"type":"Polygon"},"properties":{"layer":"BldA","prefCode":"01","sourceId":0,"tile":"16/58733/23933","vt_code":3101,"vt_lvorder":0},"type":"Feature"},{"geometry":{"coordinates":[[[142.63161957263947,43.58946695771742],[142.63172015547752,43.589456272754795],[142.63176575303078,43.589343594851634],[142.63165712356567,43.58932125351819],[142.63161957263947,43.58939993382958],[142.63161957263947,43.58946695771742]]],"type":"Polygon"},"properties":{"layer":"BldA","prefCode":"01","sourceId":0,"tile":"16/58733/23933","vt_code":3101,"vt_lvorder":0},"type":"Feature"},{"geometry":{"coordinates":[[[142.63192132115364,43.589551465991356],[142.63203665614128,43.58954078104373],[142.63206750154495,43.5894737572381],[142.6318971812725,43.58943393146317],[142.63187438249588,43.58947861403812],[142.63188242912292,43.58954078104373],[142.63192132115364,43.589551465991356]]],"type":"Polygon"},"properties":{"layer":"BldA","prefCode":"01","sourceId":0,"tile":"16/58733/23933","vt_code":3101,"vt_lvorder":0},"type":"Feature"},{"geometry":{"coordinates":[[[142.63213723897934,43.589439759627],[142.63216137886047,43.58941644696829],[142.6322002708912,43.58931542534289],[142.6320916414261,43.58929308399899],[142.63203665614128,43.58941644696829],[142.63213723897934,43.589439759627]]],"type":"Polygon"},"properties":{"layer":"BldA","prefCode":"01","sourceId":0,"tile":"16/58733/23933","vt_code":3101,"vt_lvorder":0},"type":"Feature"},{"geometry":{"coordinates":[[[142.63258650898933,43.58963597414664],[142.632617354393,43.58962528921402],[142.63264015316963,43.589601976627165],[142.6326723396778,43.589524267939126],[142.63260930776596,43.589500955313156],[142.6325637102127,43.58950678347048],[142.632524818182,43.589619461068146],[142.6325784623623,43.58963111735931],[142.63258650898933,43.58963597414664]]],"type":"Polygon"},"properties":{"layer":"BldA","prefCode":"01","sourceId":0,"tile":"16/58733/23933","vt_code":3101,"vt_lvorder":0},"type":"Feature"},{"geometry":{"coordinates":[[[142.63188242912292,43.589331938504785],[142.63198301196098,43.58930474035336],[142.63192132115364,43.58918623397871],[142.63186633586884,43.58919691898927],[142.63181269168854,43.58922023173301],[142.63188242912292,43.589331938504785]]],"type":"Polygon"},"properties":{"layer":"BldA","prefCode":"01","sourceId":0,"tile":"16/58733/23933","vt_code":3101,"vt_lvorder":0},"type":"Feature"},{"geometry":{"coordinates":[[[142.63221502304077,43.5892707426468],[142.63229951262474,43.58920857536227],[142.63216137886047,43.5891240666069],[142.63208359479904,43.58919206216652],[142.63221502304077,43.5892707426468]]],"type":"Polygon"},"properties":{"layer":"BldA","prefCode":"01","sourceId":0,"tile":"16/58733/23933","vt_code":3101,"vt_lvorder":0},"type":"Feature"},{"geometry":{"coordinates":[[[142.63237059116364,43.589146408013534],[142.63247787952423,43.589135722994],[142.63247787952423,43.58901235944932],[142.6323625445366,43.58902304449075],[142.63237059116364,43.589146408013534]]],"type":"Polygon"},"properties":{"layer":"BldA","prefCode":"01","sourceId":0,"tile":"16/58733/23933","vt_code":3101,"vt_lvorder":0},"type":"Feature"},{"geometry":{"coordinates":[[[142.63274878263474,43.588477133583204],[142.63282656669617,43.58835376868869],[142.63280108571053,43.58834891179791],[142.63270989060402,43.58833142698784],[142.63270184397697,43.58834891179791],[142.63265624642372,43.58844896366894],[142.63274878263474,43.588477133583204]]],"type":"Polygon"},"properties":{"layer":"BldA","prefCode":"01","sourceId":0,"tile":"16/58733/23933","vt_code":3101,"vt_lvorder":0},"type":"Feature"},{"geometry":{"coordinates":[[[142.63432726264,43.59075011080082],[142.63435810804367,43.590721941950356],[142.63440504670143,43.590632578613345],[142.6343822479248,43.59061509446666],[142.6343433558941,43.59060926641665],[142.63429641723633,43.59060926641665],[142.6342897117138,43.590632578613345],[142.63424277305603,43.590705429169816],[142.63424277305603,43.59072776998946],[142.6342736184597,43.59073359802801],[142.63432726264,43.59075011080082]]],"type":"Polygon"},"properties":{"layer":"BldA","prefCode":"01","sourceId":0,"tile":"16/58733/23933","vt_code":3101,"vt_lvorder":0},"type":"Feature"},{"geometry":{"coordinates":[[[142.63475373387337,43.590683088341876],[142.63479262590408,43.59060926641665],[142.6346531510353,43.59057624078922],[142.63462230563164,43.59064909141387],[142.63475373387337,43.590683088341876]]],"type":"Polygon"},"properties":{"layer":"BldA","prefCode":"01","sourceId":0,"tile":"16/58733/23933","vt_code":3101,"vt_lvorder":0},"type":"Feature"},{"geometry":{"coordinates":[[[142.63525664806366,43.59100945787357],[142.63528749346733,43.59098711715848],[142.63531163334846,43.59094146436708],[142.63519495725632,43.59090261090031],[142.63516411185265,43.59090261090031],[142.63512521982193,43.59095312040222],[142.63514131307602,43.590964776435094],[142.63512521982193,43.59097546112993],[142.63525664806366,43.59100945787357]]],"type":"Polygon"},"properties":{"layer":"BldA","prefCode":"01","sourceId":0,"tile":"16/58733/23933","vt_code":3101,"vt_lvorder":0},"type":"Feature"},{"geometry":{"coordinates":[[[142.63545781373978,43.59114447332303],[142.63548865914345,43.59113281732495],[142.635498046875,43.59111727599066],[142.6355355978012,43.59105413927887],[142.63554364442825,43.59100945787357],[142.635498046875,43.59099585917841],[142.63544976711273,43.59098128914449],[142.6354269683361,43.591015285884836],[142.63539612293243,43.591088135978055],[142.63539612293243,43.59112698932507],[142.63545781373978,43.59114447332303]]],"type":"Polygon"},"properties":{"layer":"BldA","prefCode":"01","sourceId":0,"tile":"16/58733/23933","vt_code":3101,"vt_lvorder":0},"type":"Feature"},{"geometry":{"coordinates":[[[142.63524860143661,43.590868614096316],[142.6352794468403,43.59086278607084],[142.635318338871,43.590800620430706],[142.63521775603294,43.59077342294296],[142.63516411185265,43.590767594908264],[142.63514131307602,43.59078993570484],[142.63512521982193,43.59083461727311],[142.63524860143661,43.590868614096316]]],"type":"Polygon"},"properties":{"layer":"BldA","prefCode":"01","sourceId":0,"tile":"16/58733/23933","vt_code":3101,"vt_lvorder":0},"type":"Feature"},{"geometry":{"coordinates":[[[142.633515894413,43.58965831536326],[142.63354673981667,43.5896418022909],[142.63356149196625,43.58958546353935],[142.6334461569786,43.58956312229569],[142.63338312506676,43.58956895044701],[142.63336837291718,43.58959129168851],[142.63337641954422,43.58963597414664],[142.633515894413,43.58965831536326]]],"type":"Polygon"},"properties":{"layer":"BldA","prefCode":"01","sourceId":0,"tile":"16/58733/23933","vt_code":3101,"vt_lvorder":0},"type":"Feature"},{"geometry":{"coordinates":[[[142.63286545872688,43.58920274717606],[142.6328882575035,43.58919206216652],[142.63291910290718,43.589146408013534],[142.63291105628014,43.58912989480073],[142.63275682926178,43.58909006879827],[142.6327259838581,43.58916972077683],[142.63286545872688,43.58920274717606]]],"type":"Polygon"},"properties":{"layer":"BldA","prefCode":"01","sourceId":0,"tile":"16/58733/23933","vt_code":3101,"vt_lvorder":0},"type":"Feature"},{"geometry":{"coordinates":[[[142.63296604156494,43.588787001769994],[142.6329968869686,43.58876951708719],[142.63303577899933,43.58866849437597],[142.6329579949379,43.588640324551264],[142.63293519616127,43.58864615279193],[142.63288021087646,43.58876368885846],[142.63296604156494,43.588787001769994]]],"type":"Polygon"},"properties":{"layer":"BldA","prefCode":"01","sourceId":0,"tile":"16/58733/23933","vt_code":3101,"vt_lvorder":0},"type":"Feature"},{"geometry":{"coordinates":[[[142.63319000601768,43.58845479192815],[142.6332288980484,43.58837028211443],[142.6331216096878,43.58834891179791],[142.63305857777596,43.58833628388004],[142.63305321335793,43.58834891179791],[142.63302773237228,43.5884207937415],[142.63319000601768,43.58845479192815]]],"type":"Polygon"},"properties":{"layer":"BldA","prefCode":"01","sourceId":0,"tile":"16/58733/23933","vt_code":3101,"vt_lvorder":0},"type":"Feature"},{"geometry":{"coordinates":[[[142.63495221734047,43.59029843626458],[142.63496831059456,43.59026735316109],[142.6349763572216,43.59022267117169],[142.63488247990608,43.59019353072595],[142.63485968112946,43.59022752791127],[142.63486370444298,43.59027220989706],[142.63495221734047,43.59029843626458]]],"type":"Polygon"},"properties":{"layer":"BldA","prefCode":"01","sourceId":0,"tile":"16/58733/23933","vt_code":3101,"vt_lvorder":0},"type":"Feature"},{"geometry":{"coordinates":[[[142.63507828116417,43.5901527340782],[142.63511717319489,43.59007891150248],[142.6349776983261,43.59004588558402],[142.63494685292244,43.59011873685063],[142.63507828116417,43.5901527340782]]],"type":"Polygon"},"properties":{"layer":"BldA","prefCode":"01","sourceId":0,"tile":"16/58733/23933","vt_code":3101,"vt_lvorder":0},"type":"Feature"},{"geometry":{"coordinates":[[[142.63502463698387,43.589996346672365],[142.6350635290146,43.589985661803716],[142.63509437441826,43.58994000825268],[142.6350863277912,43.58992835202134],[142.63502463698387,43.58990601090495],[142.63497099280357,43.58990601090495],[142.6349388062954,43.58996817746911],[142.63502463698387,43.589996346672365]]],"type":"Polygon"},"properties":{"layer":"BldA","prefCode":"01","sourceId":0,"tile":"16/58733/23933","vt_code":3101,"vt_lvorder":0},"type":"Feature"},{"geometry":{"coordinates":[[[142.63322085142136,43.58830228562645],[142.6332449913025,43.58828577218206],[142.63325035572052,43.58827120149207],[142.6331229507923,43.58827120149207],[142.6331202685833,43.588279943906485],[142.63322085142136,43.58830228562645]]],"type":"Polygon"},"properties":{"layer":"BldA","prefCode":"01","sourceId":0,"tile":"16/58733/23933","vt_code":3101,"vt_lvorder":0},"type":"Feature"},{"geometry":{"coordinates":[[[142.63550475239754,43.59088027014556],[142.6355355978012,43.59087444212122],[142.63558119535446,43.59078993570484],[142.6355892419815,43.59072776998946],[142.63548865914345,43.59072776998946],[142.63547390699387,43.590767594908264],[142.6354430615902,43.590823932553285],[142.6354430615902,43.59085695804481],[142.635498046875,43.59087832747084],[142.63550475239754,43.59088027014556]]],"type":"Polygon"},"properties":{"layer":"BldA","prefCode":"01","sourceId":0,"tile":"16/58733/23933","vt_code":3101,"vt_lvorder":0},"type":"Feature"},{"geometry":{"coordinates":[[[142.6356053352356,43.58996914882117],[142.6356053352356,43.58987298489162],[142.63556644320488,43.58995749259547],[142.6356053352356,43.58996914882117]]],"type":"Polygon"},"properties":{"layer":"BldA","prefCode":"01","sourceId":0,"tile":"16/58733/23933","vt_code":3101,"vt_lvorder":0},"type":"Feature"},{"geometry":{"coordinates":[[[142.6327796280384,43.588426622003425],[142.63282656669617,43.58835376868869],[142.63280108571053,43.58834891179791],[142.63270989060402,43.58833142698784],[142.63270184397697,43.58834891179791],[142.63266563415527,43.588426622003425],[142.6327796280384,43.588426622003425]]],"type":"Polygon"},"properties":{"layer":"BldA","prefCode":"01","sourceId":0,"tile":"16/58733/23934","vt_code":3101,"vt_lvorder":0},"type":"Feature"},{"geometry":{"coordinates":[[[142.63320207595825,43.588426622003425],[142.6332288980484,43.58837028211443],[142.6331216096878,43.58834891179791],[142.63305857777596,43.58833628388004],[142.63305321335793,43.58834891179791],[142.63302773237228,43.5884207937415],[142.63305455446243,43.588426622003425],[142.63320207595825,43.588426622003425]]],"type":"Polygon"},"properties":{"layer":"BldA","prefCode":"01","sourceId":0,"tile":"16/58733/23934","vt_code":3101,"vt_lvorder":0},"type":"Feature"},{"geometry":{"coordinates":[[[142.63288959860802,43.58820903317517],[142.63293385505676,43.588083724966246],[142.63281852006912,43.58805555486786],[142.63276487588882,43.588173092087665],[142.63288959860802,43.58820903317517]]],"type":"Polygon"},"properties":{"layer":"BldA","prefCode":"01","sourceId":0,"tile":"16/58733/23934","vt_code":3101,"vt_lvorder":0},"type":"Feature"},{"geometry":{"coordinates":[[[142.63322085142136,43.58830228562645],[142.6332449913025,43.58828577218206],[142.63329058885574,43.58817892037357],[142.6331752538681,43.58815657860783],[142.6331202685833,43.588279943906485],[142.63322085142136,43.58830228562645]]],"type":"Polygon"},"properties":{"layer":"BldA","prefCode":"01","sourceId":0,"tile":"16/58733/23934","vt_code":3101,"vt_lvorder":0},"type":"Feature"},{"geometry":{"coordinates":[[[142.63586819171906,43.59099197383638],[142.63589903712273,43.59097546112993],[142.6359459757805,43.59088512683208],[142.63593792915344,43.59082878924435],[142.635860145092,43.59083461727311],[142.63579845428467,43.59095894841894],[142.63586819171906,43.59099197383638]]],"type":"Polygon"},"properties":{"layer":"BldA","prefCode":"01","sourceId":0,"tile":"16/58734/23933","vt_code":3101,"vt_lvorder":0},"type":"Feature"},{"geometry":{"coordinates":[[[142.6362369954586,43.5901527340782],[142.63628661632538,43.59007016934936],[142.6356053352356,43.58987298489162],[142.63556644320488,43.58995749259547],[142.6362369954586,43.5901527340782]]],"type":"Polygon"},"properties":{"layer":"BldA","prefCode":"01","sourceId":0,"tile":"16/58734/23933","vt_code":3101,"vt_lvorder":0},"type":"Feature"},{"geometry":{"coordinates":[[[142.6400551199913,43.59575230104744],[142.64009401202202,43.595740645941795],[142.64011681079865,43.59568431289933],[142.6399625837803,43.595645462494495],[142.63993844389915,43.595701795573326],[142.63993844389915,43.59571830698299],[142.6400551199913,43.59575230104744]]],"type":"Polygon"},"properties":{"layer":"BldA","prefCode":"01","sourceId":0,"tile":"16/58734/23932","vt_code":3101,"vt_lvorder":0},"type":"Feature"},{"geometry":{"coordinates":[[[142.6403260231018,43.59563380736815],[142.64034882187843,43.59561146836969],[142.64037296175957,43.59556096277738],[142.64024823904037,43.595521141030474],[142.64022544026375,43.59552696860484],[142.64020264148712,43.59556581908617],[142.64020934700966,43.59559495693071],[142.6402173936367,43.59560564080351],[142.6403260231018,43.59563380736815]]],"type":"Polygon"},"properties":{"layer":"BldA","prefCode":"01","sourceId":0,"tile":"16/58734/23932","vt_code":3101,"vt_lvorder":0},"type":"Feature"},{"geometry":{"coordinates":[[[142.64061972498894,43.59578532383451],[142.64063581824303,43.595780467543435],[142.64063581824303,43.59565031879647],[142.64060497283936,43.59563963493161],[142.640543282032,43.595645462494495],[142.64052718877792,43.59569014045789],[142.64052718877792,43.59577463999362],[142.64061972498894,43.59578532383451]]],"type":"Polygon"},"properties":{"layer":"BldA","prefCode":"01","sourceId":0,"tile":"16/58734/23932","vt_code":3101,"vt_lvorder":0},"type":"Feature"},{"geometry":{"coordinates":[[[142.64054864645004,43.59282971262077],[142.64065995812416,43.59257231601197],[142.64033541083336,43.5924975250928],[142.64022544026375,43.59273355326177],[142.64054864645004,43.59282971262077]]],"type":"Polygon"},"properties":{"layer":"BldA","prefCode":"01","sourceId":0,"tile":"16/58734/23932","vt_code":3111,"vt_lvorder":0},"type":"Feature"},{"geometry":{"coordinates":[[[142.64063581824303,43.59250043902646],[142.64065861701965,43.592478098864824],[142.64068946242332,43.59242176276824],[142.64051914215088,43.59237611106508],[142.64048159122467,43.59246061525428],[142.64063581824303,43.59250043902646]]],"type":"Polygon"},"properties":{"layer":"BldA","prefCode":"01","sourceId":0,"tile":"16/58734/23932","vt_code":3101,"vt_lvorder":0},"type":"Feature"},{"geometry":{"coordinates":[[[142.6409214735031,43.5925907708998],[142.64094561338425,43.59257328732199],[142.6409912109375,43.59246644312503],[142.6408839225769,43.592438275077875],[142.6408289372921,43.592562602910824],[142.6409214735031,43.5925907708998]]],"type":"Polygon"},"properties":{"layer":"BldA","prefCode":"01","sourceId":0,"tile":"16/58734/23932","vt_code":3101,"vt_lvorder":0},"type":"Feature"},{"geometry":{"coordinates":[[[142.6407752931118,43.592331430641224],[142.64078199863434,43.59232754538541],[142.64080613851547,43.59231491830227],[142.6408289372921,43.59226440994324],[142.64078468084335,43.59224984021642],[142.64061838388443,43.59224984021642],[142.6406130194664,43.59226440994324],[142.6405969262123,43.59226926651807],[142.64063581824303,43.59229743464433],[142.6407591998577,43.59232754538541],[142.6407752931118,43.592331430641224]]],"type":"Polygon"},"properties":{"layer":"BldA","prefCode":"01","sourceId":0,"tile":"16/58734/23932","vt_code":3101,"vt_lvorder":0},"type":"Feature"},{"geometry":{"coordinates":[[[142.6410984992981,43.59271898364851],[142.6410984992981,43.592536377529946],[142.64102339744568,43.59269761487603],[142.6410984992981,43.59271898364851]]],"type":"Polygon"},"properties":{"layer":"BldA","prefCode":"01","sourceId":0,"tile":"16/58734/23932","vt_code":3101,"vt_lvorder":0},"type":"Feature"},{"geometry":{"coordinates":[[[142.64062777161598,43.59240525045407],[142.64051914215088,43.59237611106508],[142.6405057311058,43.59240525045407],[142.64062777161598,43.59240525045407]]],"type":"Polygon"},"properties":{"layer":"BldA","prefCode":"01","sourceId":0,"tile":"16/58734/23933","vt_code":3101,"vt_lvorder":0},"type":"Feature"},{"geometry":{"coordinates":[[[142.63961389660835,43.592213901541825],[142.6396608352661,43.59220224575086],[142.63970643281937,43.59210122880129],[142.6396219432354,43.59206723267435],[142.6395682990551,43.592145909396045],[142.6395682990551,43.59216242178137],[142.639552205801,43.59219156127382],[142.63961389660835,43.592213901541825]]],"type":"Polygon"},"properties":{"layer":"BldA","prefCode":"01","sourceId":0,"tile":"16/58734/23933","vt_code":3101,"vt_lvorder":0},"type":"Feature"},{"geometry":{"coordinates":[[[142.63991564512253,43.59211774119886],[142.63993844389915,43.59210122880129],[142.6399625837803,43.59204489235192],[142.63981506228447,43.59199924036288],[142.63980701565742,43.59199924036288],[142.63976141810417,43.59206723267435],[142.6398003101349,43.59208374508127],[142.6398767530918,43.59210122880129],[142.63991564512253,43.59211774119886]]],"type":"Polygon"},"properties":{"layer":"BldA","prefCode":"01","sourceId":0,"tile":"16/58734/23933","vt_code":3101,"vt_lvorder":0},"type":"Feature"},{"geometry":{"coordinates":[[[142.6407752931118,43.592331430641224],[142.64078199863434,43.59232754538541],[142.64080613851547,43.59231491830227],[142.6408289372921,43.59226440994324],[142.64074444770813,43.59223624180153],[142.6406505703926,43.592213901541825],[142.64062777161598,43.592224586014886],[142.6406130194664,43.59226440994324],[142.6405969262123,43.59226926651807],[142.64063581824303,43.59229743464433],[142.6407591998577,43.59232754538541],[142.6407752931118,43.592331430641224]]],"type":"Polygon"},"properties":{"layer":"BldA","prefCode":"01","sourceId":0,"tile":"16/58734/23933","vt_code":3101,"vt_lvorder":0},"type":"Feature"},{"geometry":{"coordinates":[[[142.6409214735031,43.5925907708998],[142.64094561338425,43.59257328732199],[142.6409912109375,43.59246644312503],[142.6408839225769,43.592438275077875],[142.6408839225769,43.59258008649174],[142.6409214735031,43.5925907708998]]],"type":"Polygon"},"properties":{"layer":"BldA","prefCode":"01","sourceId":0,"tile":"16/58735/23932","vt_code":3101,"vt_lvorder":0},"type":"Feature"},{"geometry":{"coordinates":[[[142.64112398028374,43.59272578280181],[142.64113873243332,43.592714127109986],[142.64128625392914,43.59239359470017],[142.64117762446404,43.59236542661892],[142.64102339744568,43.59269761487603],[142.64112398028374,43.59272578280181]]],"type":"Polygon"},"properties":{"layer":"BldA","prefCode":"01","sourceId":0,"tile":"16/58735/23932","vt_code":3101,"vt_lvorder":0},"type":"Feature"},{"geometry":{"coordinates":[[[142.64208287000656,43.592905474431774],[142.6421056687832,43.59288896225033],[142.64215260744095,43.59278114730714],[142.64204397797585,43.592758807249716],[142.64199033379555,43.592877306590104],[142.64208287000656,43.592905474431774]]],"type":"Polygon"},"properties":{"layer":"BldA","prefCode":"01","sourceId":0,"tile":"16/58735/23932","vt_code":3101,"vt_lvorder":0},"type":"Feature"},{"geometry":{"coordinates":[[[142.6422692835331,43.59298415005764],[142.64235377311707,43.592973465719425],[142.6423765718937,43.59292781443476],[142.6423765718937,43.59287147875915],[142.6422692835331,43.592849138735254],[142.6422142982483,43.59296763789777],[142.6422692835331,43.59298415005764]]],"type":"Polygon"},"properties":{"layer":"BldA","prefCode":"01","sourceId":0,"tile":"16/58735/23932","vt_code":3101,"vt_lvorder":0},"type":"Feature"},{"geometry":{"coordinates":[[[142.6426863670349,43.592973465719425],[142.64271721243858,43.59295598225279],[142.64274135231972,43.592905474431774],[142.642609924078,43.59287147875915],[142.6425777375698,43.592921986608694],[142.6425938308239,43.59295015442945],[142.6426863670349,43.592973465719425]]],"type":"Polygon"},"properties":{"layer":"BldA","prefCode":"01","sourceId":0,"tile":"16/58735/23932","vt_code":3101,"vt_lvorder":0},"type":"Feature"},{"geometry":{"coordinates":[[[142.64288619160652,43.59307642380876],[142.64290899038315,43.59305991167422],[142.6429559290409,43.59295306834119],[142.6428472995758,43.59293072834758],[142.6427936553955,43.593049227349454],[142.64288619160652,43.59307642380876]]],"type":"Polygon"},"properties":{"layer":"BldA","prefCode":"01","sourceId":0,"tile":"16/58735/23932","vt_code":3101,"vt_lvorder":0},"type":"Feature"},{"geometry":{"coordinates":[[[142.6423618197441,43.59279280298599],[142.64245435595512,43.59278114730714],[142.64250934123993,43.59268013132926],[142.64250129461288,43.59266944693707],[142.64246240258217,43.59265779123433],[142.6423618197441,43.59266361908599],[142.6423068344593,43.59277629077363],[142.6423618197441,43.59279280298599]]],"type":"Polygon"},"properties":{"layer":"BldA","prefCode":"01","sourceId":0,"tile":"16/58735/23932","vt_code":3101,"vt_lvorder":0},"type":"Feature"},{"geometry":{"coordinates":[[[142.6425589621067,43.59243730376567],[142.6425924897194,43.592384852883264],[142.64254689216614,43.59235959873839],[142.64243558049202,43.59232754538541],[142.64239266514778,43.59231491830227],[142.64238327741623,43.59232754538541],[142.64234572649002,43.59238776682237],[142.6425589621067,43.59243730376567]]],"type":"Polygon"},"properties":{"layer":"BldA","prefCode":"01","sourceId":0,"tile":"16/58735/23932","vt_code":3101,"vt_lvorder":0},"type":"Feature"},{"geometry":{"coordinates":[[[142.64318257570267,43.59261893887558],[142.64321342110634,43.59259562744829],[142.64322817325592,43.59254511932484],[142.6430819928646,43.59250043902646],[142.64304980635643,43.592506266893345],[142.64301896095276,43.5925567750494],[142.6430270075798,43.59257328732199],[142.64318257570267,43.59261893887558]]],"type":"Polygon"},"properties":{"layer":"BldA","prefCode":"01","sourceId":0,"tile":"16/58735/23932","vt_code":3101,"vt_lvorder":0},"type":"Feature"},{"geometry":{"coordinates":[[[142.6434762775898,43.59266944693707],[142.64352321624756,43.59265779123433],[142.64354601502419,43.59260728316306],[142.6434601843357,43.59257911518183],[142.64338374137878,43.592562602910824],[142.6433528959751,43.592635451131116],[142.6434762775898,43.59266944693707]]],"type":"Polygon"},"properties":{"layer":"BldA","prefCode":"01","sourceId":0,"tile":"16/58735/23932","vt_code":3101,"vt_lvorder":0},"type":"Feature"},{"geometry":{"coordinates":[[[142.6448079943657,43.59354167561988],[142.64483079314232,43.59353002008607],[142.64487773180008,43.593439689622535],[142.64478385448456,43.59340666554825],[142.64473021030426,43.59351350807598],[142.6448079943657,43.59354167561988]]],"type":"Polygon"},"properties":{"layer":"BldA","prefCode":"01","sourceId":0,"tile":"16/58735/23932","vt_code":3101,"vt_lvorder":0},"type":"Feature"},{"geometry":{"coordinates":[[[142.64494612812996,43.5936368623948],[142.6449702680111,43.59362035041402],[142.6450091600418,43.59354167561988],[142.6450091600418,43.59353002008607],[142.64492332935333,43.59350185253672],[142.64487773180008,43.59358635514522],[142.64487773180008,43.59359801066812],[142.644861638546,43.59360869489545],[142.64486968517303,43.59362035041402],[142.64494612812996,43.5936368623948]]],"type":"Polygon"},"properties":{"layer":"BldA","prefCode":"01","sourceId":0,"tile":"16/58735/23932","vt_code":3101,"vt_lvorder":0},"type":"Feature"},{"geometry":{"coordinates":[[[142.64531090855598,43.59367668538861],[142.64534175395966,43.59365920212628],[142.64537259936333,43.593614522655024],[142.64525592327118,43.59356984315059],[142.64516338706017,43.59354653209163],[142.64512449502945,43.593602867135324],[142.6451325416565,43.593614522655024],[142.64517813920975,43.5936368623948],[142.64523312449455,43.59364851790791],[142.64531090855598,43.59367668538861]]],"type":"Polygon"},"properties":{"layer":"BldA","prefCode":"01","sourceId":0,"tile":"16/58735/23932","vt_code":3101,"vt_lvorder":0},"type":"Feature"},{"geometry":{"coordinates":[[[142.64255493879318,43.59225275416206],[142.6425562798977,43.59224984021642],[142.64254689216614,43.59224984021642],[142.64255493879318,43.59225275416206]]],"type":"Polygon"},"properties":{"layer":"BldA","prefCode":"01","sourceId":0,"tile":"16/58735/23932","vt_code":3101,"vt_lvorder":0},"type":"Feature"},{"geometry":{"coordinates":[[[142.6412808895111,43.59240525045407],[142.64128625392914,43.59239359470017],[142.64117762446404,43.59236542661892],[142.64115884900093,43.59240525045407],[142.6412808895111,43.59240525045407]]],"type":"Polygon"},"properties":{"layer":"BldA","prefCode":"01","sourceId":0,"tile":"16/58735/23933","vt_code":3101,"vt_lvorder":0},"type":"Feature"},{"geometry":{"coordinates":[[[142.64257907867432,43.59240525045407],[142.6425924897194,43.592384852883264],[142.64254689216614,43.59235959873839],[142.64243558049202,43.59232754538541],[142.64239266514778,43.59231491830227],[142.64238327741623,43.59232754538541],[142.64234572649002,43.59238776682237],[142.64242082834244,43.59240525045407],[142.64257907867432,43.59240525045407]]],"type":"Polygon"},"properties":{"layer":"BldA","prefCode":"01","sourceId":0,"tile":"16/58735/23933","vt_code":3101,"vt_lvorder":0},"type":"Feature"},{"geometry":{"coordinates":[[[142.64255493879318,43.59225275416206],[142.64264076948166,43.59211774119886],[142.64261662960052,43.59210122880129],[142.6425240933895,43.59210122880129],[142.6424704492092,43.592213901541825],[142.64255493879318,43.59225275416206]]],"type":"Polygon"},"properties":{"layer":"BldA","prefCode":"01","sourceId":0,"tile":"16/58735/23933","vt_code":3101,"vt_lvorder":0},"type":"Feature"},{"geometry":{"coordinates":[[[142.10576847195625,43.786397801704545],[142.1058690547943,43.78634455198796],[142.10587710142136,43.78635326558119],[142.10592806339264,43.78632518844289],[142.10585430264473,43.786252575093016],[142.1057027578354,43.786332933861665],[142.10576847195625,43.786397801704545]]],"type":"Polygon"},"properties":{"layer":"BldA","prefCode":"01","sourceId":0,"tile":"16/58637/23884","vt_code":3101,"vt_lvorder":0},"type":"Feature"},{"geometry":{"coordinates":[[[142.10594683885574,43.78642297428134],[142.10608899593353,43.78636875641047],[142.10605815052986,43.786326156620284],[142.10591599345207,43.7863803745298],[142.10594683885574,43.78642297428134]]],"type":"Polygon"},"properties":{"layer":"BldA","prefCode":"01","sourceId":0,"tile":"16/58637/23884","vt_code":3101,"vt_lvorder":0},"type":"Feature"},{"geometry":{"coordinates":[[[142.10606217384338,43.78621772065374],[142.10614264011383,43.78617124803644],[142.10616409778595,43.78619254799052],[142.10631430149078,43.78610734812865],[142.1062472462654,43.78604441633451],[142.10618287324905,43.786081207237594],[142.10616275668144,43.78606377997053],[142.10609436035156,43.78610347540477],[142.10611581802368,43.78612283902166],[142.1060635149479,43.78615188443523],[142.10605278611183,43.78614220263227],[142.1060085296631,43.786167375316694],[142.10606217384338,43.78621772065374]]],"type":"Polygon"},"properties":{"layer":"BldA","prefCode":"01","sourceId":0,"tile":"16/58637/23884","vt_code":3101,"vt_lvorder":0},"type":"Feature"},{"geometry":{"coordinates":[[[142.10776269435883,43.78610153904273],[142.10788071155548,43.78604732088032],[142.1078646183014,43.78602892542118],[142.10788071155548,43.78602117996301],[142.10785791277885,43.785995039034276],[142.10784181952477,43.786002784495835],[142.1078310906887,43.78599019812029],[142.10771307349205,43.78604344815255],[142.10776269435883,43.78610153904273]]],"type":"Polygon"},"properties":{"layer":"BldA","prefCode":"01","sourceId":0,"tile":"16/58637/23884","vt_code":3101,"vt_lvorder":0},"type":"Feature"},{"geometry":{"coordinates":[[[142.10708811879158,43.78566198323784],[142.10714042186737,43.78563487396343],[142.1071283519268,43.785624223887986],[142.1071457862854,43.78561454199956],[142.1070894598961,43.785559355205635],[142.107073366642,43.78556806891333],[142.10706129670143,43.78555741882597],[142.10705056786537,43.785562259775006],[142.1070398390293,43.785551609686614],[142.10701704025269,43.78556322796476],[142.10702776908875,43.78557484624065],[142.10701301693916,43.78558259175666],[142.10702240467072,43.785592273650245],[142.1070036292076,43.78560292373139],[142.10705995559692,43.7856581104851],[142.1070747077465,43.78564939679053],[142.10708811879158,43.78566198323784]]],"type":"Polygon"},"properties":{"layer":"BldA","prefCode":"01","sourceId":0,"tile":"16/58637/23884","vt_code":3101,"vt_lvorder":0},"type":"Feature"},{"geometry":{"coordinates":[[[142.10804298520088,43.78592823438667],[142.108064442873,43.785918552547486],[142.10804164409637,43.785892411573876],[142.10802018642426,43.78590112523302],[142.10804298520088,43.78592823438667]]],"type":"Polygon"},"properties":{"layer":"BldA","prefCode":"01","sourceId":0,"tile":"16/58637/23884","vt_code":3101,"vt_lvorder":0},"type":"Feature"},{"geometry":{"coordinates":[[[142.10812479257584,43.78494455151209],[142.108154296875,43.78493099671375],[142.1082240343094,43.7848961415039],[142.1081730723381,43.784841922248184],[142.108154296875,43.78485160426173],[142.10807517170906,43.784891300500924],[142.10812479257584,43.78494455151209]]],"type":"Polygon"},"properties":{"layer":"BldA","prefCode":"01","sourceId":0,"tile":"16/58637/23884","vt_code":3101,"vt_lvorder":0},"type":"Feature"},{"geometry":{"coordinates":[[[142.1082615852356,43.785804306726746],[142.1082615852356,43.7857704202125],[142.10824012756348,43.78578010207567],[142.1082615852356,43.785804306726746]]],"type":"Polygon"},"properties":{"layer":"BldA","prefCode":"01","sourceId":0,"tile":"16/58637/23884","vt_code":3101,"vt_lvorder":0},"type":"Feature"},{"geometry":{"coordinates":[[[142.1080470085144,43.78592726620282],[142.108064442873,43.785918552547486],[142.1080470085144,43.78589918886443],[142.1080470085144,43.78592726620282]]],"type":"Polygon"},"properties":{"layer":"BldA","prefCode":"01","sourceId":0,"tile":"16/58638/23884","vt_code":3101,"vt_lvorder":0},"type":"Feature"},{"geometry":{"coordinates":[[[142.10830450057983,43.78585077962933],[142.1085485816002,43.7857355654921],[142.10848420858383,43.7856639196141],[142.1083326637745,43.78573653367904],[142.10824012756348,43.78578010207567],[142.10830450057983,43.78585077962933]]],"type":"Polygon"},"properties":{"layer":"BldA","prefCode":"01","sourceId":0,"tile":"16/58638/23884","vt_code":3101,"vt_lvorder":0},"type":"Feature"},{"geometry":{"coordinates":[[[142.10854321718216,43.78560292373139],[142.10859283804893,43.7855845281355],[142.1085526049137,43.78552934131386],[142.10850298404694,43.78554773692673],[142.10854321718216,43.78560292373139]]],"type":"Polygon"},"properties":{"layer":"BldA","prefCode":"01","sourceId":0,"tile":"16/58638/23884","vt_code":3101,"vt_lvorder":0},"type":"Feature"},{"geometry":{"coordinates":[[[142.1086411178112,43.785562259775006],[142.10874438285828,43.78551191388591],[142.10872560739517,43.7854906136893],[142.10873901844025,43.78548383635243],[142.10870951414108,43.78545188603965],[142.10859149694443,43.7855090093141],[142.1086411178112,43.785562259775006]]],"type":"Polygon"},"properties":{"layer":"BldA","prefCode":"01","sourceId":0,"tile":"16/58638/23884","vt_code":3101,"vt_lvorder":0},"type":"Feature"},{"geometry":{"coordinates":[[[142.10837826132774,43.78523501073797],[142.1084439754486,43.78520402848779],[142.10840910673141,43.78516433245627],[142.10834339261055,43.78519531472703],[142.10837826132774,43.78523501073797]]],"type":"Polygon"},"properties":{"layer":"BldA","prefCode":"01","sourceId":0,"tile":"16/58638/23884","vt_code":3101,"vt_lvorder":0},"type":"Feature"},{"geometry":{"coordinates":[[[142.1088221669197,43.78548577273447],[142.10888385772705,43.785457695188704],[142.10883289575577,43.785397667287995],[142.10877120494843,43.78542574486195],[142.1088221669197,43.78548577273447]]],"type":"Polygon"},"properties":{"layer":"BldA","prefCode":"01","sourceId":0,"tile":"16/58638/23884","vt_code":3101,"vt_lvorder":0},"type":"Feature"},{"geometry":{"coordinates":[[[142.10855931043625,43.78519047374827],[142.1086947619915,43.785138191152825],[142.10864782333374,43.78507429014073],[142.1085123717785,43.785126572792066],[142.10855931043625,43.78519047374827]]],"type":"Polygon"},"properties":{"layer":"BldA","prefCode":"01","sourceId":0,"tile":"16/58638/23884","vt_code":3101,"vt_lvorder":0},"type":"Feature"},{"geometry":{"coordinates":[[[142.1084399521351,43.78511204983795],[142.1086223423481,43.78503943501442],[142.10857540369034,43.7849784384945],[142.10839301347733,43.78505105339212],[142.1084399521351,43.78511204983795]]],"type":"Polygon"},"properties":{"layer":"BldA","prefCode":"01","sourceId":0,"tile":"16/58638/23884","vt_code":3101,"vt_lvorder":0},"type":"Feature"},{"geometry":{"coordinates":[[[142.10888922214508,43.78544704508168],[142.10897505283356,43.785408317403814],[142.10894018411636,43.785366685122106],[142.10885301232338,43.78540444463464],[142.10888922214508,43.78544704508168]]],"type":"Polygon"},"properties":{"layer":"BldA","prefCode":"01","sourceId":0,"tile":"16/58638/23884","vt_code":3101,"vt_lvorder":0},"type":"Feature"},{"geometry":{"coordinates":[[[142.10918426513672,43.78500845266288],[142.10924059152603,43.78498424768956],[142.10920840501785,43.78494455151209],[142.10915207862854,43.78496875650149],[142.10918426513672,43.78500845266288]]],"type":"Polygon"},"properties":{"layer":"BldA","prefCode":"01","sourceId":0,"tile":"16/58638/23884","vt_code":3101,"vt_lvorder":0},"type":"Feature"},{"geometry":{"coordinates":[[[142.10897102952003,43.7849377741133],[142.1090568602085,43.78491356911137],[142.10904479026794,43.784890332300286],[142.10913330316544,43.78486612727913],[142.10911318659782,43.78482836742657],[142.10906758904457,43.784841922248184],[142.1090206503868,43.78475187944701],[142.10884764790535,43.7847993213699],[142.10891604423523,43.78493002851375],[142.10896164178848,43.784917441912334],[142.10897102952003,43.7849377741133]]],"type":"Polygon"},"properties":{"layer":"BldA","prefCode":"01","sourceId":0,"tile":"16/58638/23884","vt_code":3101,"vt_lvorder":0},"type":"Feature"},{"geometry":{"coordinates":[[[142.10914134979248,43.78487871389136],[142.10931435227394,43.78483224023306],[142.10927948355675,43.78476349788058],[142.10913330316544,43.78480319417828],[142.109142690897,43.78482352641811],[142.10911720991135,43.78483030382985],[142.10914134979248,43.78487871389136]]],"type":"Polygon"},"properties":{"layer":"BldA","prefCode":"01","sourceId":0,"tile":"16/58638/23884","vt_code":3101,"vt_lvorder":0},"type":"Feature"},{"geometry":{"coordinates":[[[142.1094699203968,43.78489420510276],[142.10949674248695,43.78488355489535],[142.10947528481483,43.78485354066426],[142.10944712162018,43.784864190877016],[142.1094699203968,43.78489420510276]]],"type":"Polygon"},"properties":{"layer":"BldA","prefCode":"01","sourceId":0,"tile":"16/58638/23884","vt_code":3101,"vt_lvorder":0},"type":"Feature"},{"geometry":{"coordinates":[[[142.1094162762165,43.78485741346912],[142.10947528481483,43.784843858651016],[142.10946455597878,43.78481965361105],[142.10940688848495,43.78483224023306],[142.1094162762165,43.78485741346912]]],"type":"Polygon"},"properties":{"layer":"BldA","prefCode":"01","sourceId":0,"tile":"16/58638/23884","vt_code":3101,"vt_lvorder":0},"type":"Feature"},{"geometry":{"coordinates":[[[143.78944873809814,43.36229044029406],[143.7895104289055,43.36228459018088],[143.78951847553253,43.36208178590841],[143.7894031405449,43.36207691079736],[143.78939509391785,43.36228459018088],[143.78944873809814,43.36229044029406]]],"type":"Polygon"},"properties":{"layer":"BldA","prefCode":"01","sourceId":0,"tile":"16/58944/23990","vt_code":3101,"vt_lvorder":0},"type":"Feature"},{"geometry":{"coordinates":[[[143.7903432548046,43.35937701411795],[143.79042774438858,43.35932046028458],[143.78989666700363,43.35899478718385],[143.7898188829422,43.35905621667494],[143.7903432548046,43.35937701411795]]],"type":"Polygon"},"properties":{"layer":"BldA","prefCode":"01","sourceId":0,"tile":"16/58944/23991","vt_code":3101,"vt_lvorder":0},"type":"Feature"},{"geometry":{"coordinates":[[[143.79102051258087,43.359854794399496],[143.79105135798454,43.35982749277047],[143.79106745123863,43.35978264006756],[143.79094406962395,43.35973681227163],[143.79092127084732,43.35974266263048],[143.79089042544365,43.35980994171676],[143.79102051258087,43.359854794399496]]],"type":"Polygon"},"properties":{"layer":"BldA","prefCode":"01","sourceId":0,"tile":"16/58944/23991","vt_code":3101,"vt_lvorder":0},"type":"Feature"},{"geometry":{"coordinates":[[[143.79059806466103,43.35959055311694],[143.79065170884132,43.359539849861015],[143.790682554245,43.359478420859574],[143.79045858979225,43.359394565296896],[143.79038214683533,43.359500847327624],[143.79059806466103,43.35959055311694]]],"type":"Polygon"},"properties":{"layer":"BldA","prefCode":"01","sourceId":0,"tile":"16/58944/23991","vt_code":3101,"vt_lvorder":0},"type":"Feature"},{"geometry":{"coordinates":[[[143.7907361984253,43.359405291014866],[143.7907898426056,43.359399440623484],[143.79080593585968,43.35932631068358],[143.7906275689602,43.359309734551616],[143.7906128168106,43.359388714904476],[143.7907361984253,43.359405291014866]]],"type":"Polygon"},"properties":{"layer":"BldA","prefCode":"01","sourceId":0,"tile":"16/58944/23991","vt_code":3101,"vt_lvorder":0},"type":"Feature"},{"geometry":{"coordinates":[[[143.79103660583496,43.35964710669855],[143.79107549786568,43.35956227630636],[143.79098296165466,43.359539849861015],[143.79091188311577,43.359529124166826],[143.79087433218956,43.35960810423411],[143.79103660583496,43.35964710669855]]],"type":"Polygon"},"properties":{"layer":"BldA","prefCode":"01","sourceId":0,"tile":"16/58944/23991","vt_code":3101,"vt_lvorder":0},"type":"Feature"},{"geometry":{"coordinates":[[[143.79112914204597,43.359478420859574],[143.7911519408226,43.35947257047524],[143.79115998744965,43.359394565296896],[143.79097491502762,43.359388714904476],[143.79097491502762,43.35946672009034],[143.79112914204597,43.359478420859574]]],"type":"Polygon"},"properties":{"layer":"BldA","prefCode":"01","sourceId":0,"tile":"16/58944/23991","vt_code":3101,"vt_lvorder":0},"type":"Feature"},{"geometry":{"coordinates":[[[143.78937229514122,43.35905134132077],[143.7894956767559,43.35894993386537],[143.7892958521843,43.35882024908408],[143.7891724705696,43.35892165675624],[143.78937229514122,43.35905134132077]]],"type":"Polygon"},"properties":{"layer":"BldA","prefCode":"01","sourceId":0,"tile":"16/58944/23991","vt_code":3101,"vt_lvorder":0},"type":"Feature"},{"geometry":{"coordinates":[[[143.78986582159996,43.358578430105],[143.78990337252617,43.358566729162206],[143.7899811565876,43.35851114965315],[143.7899650633335,43.3584770218592],[143.7899114191532,43.3584438691267],[143.78980413079262,43.35852187552728],[143.7898188829422,43.35854430234889],[143.78986582159996,43.358578430105]]],"type":"Polygon"},"properties":{"layer":"BldA","prefCode":"01","sourceId":0,"tile":"16/58944/23991","vt_code":3101,"vt_lvorder":0},"type":"Feature"},{"geometry":{"coordinates":[[[143.78994226455688,43.35810649028938],[143.78997310996056,43.358088938737836],[143.79001200199127,43.35803823422709],[143.78985777497292,43.35798265423393],[143.78981217741966,43.35805578579329],[143.78994226455688,43.35810649028938]]],"type":"Polygon"},"properties":{"layer":"BldA","prefCode":"01","sourceId":0,"tile":"16/58944/23991","vt_code":3101,"vt_lvorder":0},"type":"Feature"},{"geometry":{"coordinates":[[[144.69643771648407,43.36068163791551],[144.696786403656,43.3603501218213],[144.69664826989174,43.36025846705208],[144.69650879502296,43.360386198660564],[144.69654098153114,43.36041252498919],[144.696337133646,43.360608509521036],[144.69643771648407,43.36068163791551]]],"type":"Polygon"},"properties":{"layer":"BldA","prefCode":"01","sourceId":0,"tile":"16/59109/23991","vt_code":3111,"vt_lvorder":0},"type":"Feature"},{"geometry":{"coordinates":[[[144.69666302204132,43.35948524630725],[144.69670191407204,43.35947354553933],[144.69672471284866,43.35944526867423],[144.69672471284866,43.359400415688754],[144.69644710421562,43.35932728575002],[144.6964095532894,43.359333136148365],[144.69637870788574,43.35938383957703],[144.69638541340828,43.359406266080036],[144.69653964042664,43.35944526867423],[144.69655573368073,43.35945696944759],[144.69665631651878,43.35947939592358],[144.69666302204132,43.35948524630725]]],"type":"Polygon"},"properties":{"layer":"BldA","prefCode":"01","sourceId":0,"tile":"16/59109/23991","vt_code":3101,"vt_lvorder":0},"type":"Feature"},{"geometry":{"coordinates":[[[144.69730406999588,43.36001762886031],[144.6973966062069,43.35996692596128],[144.69730406999588,43.35986552003611],[144.697235673666,43.359893796705364],[144.69720482826233,43.35991037267777],[144.69730406999588,43.36001762886031]]],"type":"Polygon"},"properties":{"layer":"BldA","prefCode":"01","sourceId":0,"tile":"16/59109/23991","vt_code":3101,"vt_lvorder":0},"type":"Feature"},{"geometry":{"coordinates":[[[144.69719141721725,43.35981091677544],[144.69732284545898,43.35972121131192],[144.69723835587502,43.359658807433],[144.69711497426033,43.3597543633465],[144.69719141721725,43.35981091677544]]],"type":"Polygon"},"properties":{"layer":"BldA","prefCode":"01","sourceId":0,"tile":"16/59109/23991","vt_code":3101,"vt_lvorder":0},"type":"Feature"},{"geometry":{"coordinates":[[[144.69765543937683,43.3567628068272],[144.69767823815346,43.35674037934714],[144.6977399289608,43.35664481868702],[144.6976326406002,43.356611664953455],[144.69755485653877,43.35672965315809],[144.69765543937683,43.3567628068272]]],"type":"Polygon"},"properties":{"layer":"BldA","prefCode":"01","sourceId":0,"tile":"16/59109/23992","vt_code":3101,"vt_lvorder":0},"type":"Feature"},{"geometry":{"coordinates":[[[144.69789415597916,43.3568583673015],[144.69791695475578,43.356835939856765],[144.69797864556313,43.35674037934714],[144.69787135720253,43.35670722566578],[144.6977949142456,43.3568252136846],[144.69789415597916,43.3568583673015]]],"type":"Polygon"},"properties":{"layer":"BldA","prefCode":"01","sourceId":0,"tile":"16/59109/23992","vt_code":3101,"vt_lvorder":0},"type":"Feature"},{"geometry":{"coordinates":[[[144.69816371798515,43.35651025342068],[144.6981878578663,43.356487825847275],[144.69824954867363,43.356392264789434],[144.69814091920853,43.35635813580374],[144.6980644762516,43.35647612450135],[144.69816371798515,43.35651025342068]]],"type":"Polygon"},"properties":{"layer":"BldA","prefCode":"01","sourceId":0,"tile":"16/59109/23992","vt_code":3101,"vt_lvorder":0},"type":"Feature"},{"geometry":{"coordinates":[[[144.69869077205658,43.356882744949424],[144.69874173402786,43.35681448751056],[144.69873368740082,43.35679693558529],[144.6986036002636,43.356735503806895],[144.69857275485992,43.356746229994904],[144.6985338628292,43.3567920600496],[144.69854190945625,43.35680863686937],[144.69866529107094,43.35687006857372],[144.69869077205658,43.356882744949424]]],"type":"Polygon"},"properties":{"layer":"BldA","prefCode":"01","sourceId":0,"tile":"16/59109/23992","vt_code":3101,"vt_lvorder":0},"type":"Feature"},{"geometry":{"coordinates":[[[144.69876319169998,43.356761831719545],[144.6988543868065,43.35668382305627],[144.6987470984459,43.356617515613635],[144.6986559033394,43.35669552436215],[144.69876319169998,43.356761831719545]]],"type":"Polygon"},"properties":{"layer":"BldA","prefCode":"01","sourceId":0,"tile":"16/59109/23992","vt_code":3101,"vt_lvorder":0},"type":"Feature"},{"geometry":{"coordinates":[[[144.69884365797043,43.35679693558529],[144.69888925552368,43.35675988150418],[144.69883024692535,43.35672185229214],[144.6987846493721,43.35675988150418],[144.69884365797043,43.35679693558529]]],"type":"Polygon"},"properties":{"layer":"BldA","prefCode":"01","sourceId":0,"tile":"16/59109/23992","vt_code":3101,"vt_lvorder":0},"type":"Feature"},{"geometry":{"coordinates":[[[144.69869747757912,43.356592162748775],[144.6988731622696,43.3564936765194],[144.69886109232903,43.35648197517459],[144.6988905966282,43.35646442315315],[144.69883427023888,43.356410791945066],[144.6987108886242,43.35648002495024],[144.69870015978813,43.356470273827526],[144.69867199659348,43.35648587562311],[144.69868004322052,43.35649270140742],[144.69862505793571,43.35652390498304],[144.69869747757912,43.356592162748775]]],"type":"Polygon"},"properties":{"layer":"BldA","prefCode":"01","sourceId":0,"tile":"16/59109/23992","vt_code":3101,"vt_lvorder":0},"type":"Feature"},{"geometry":{"coordinates":[[[144.698948264122,43.3570251102177],[144.69937071204185,43.356660420437734],[144.69927549362183,43.3566019138519],[144.6992003917694,43.3566672462024],[144.69913199543953,43.356625316492995],[144.69906896352768,43.35667992262047],[144.69911321997643,43.35670722566578],[144.69883024692535,43.356951977416124],[144.698948264122,43.3570251102177]]],"type":"Polygon"},"properties":{"layer":"BldA","prefCode":"01","sourceId":0,"tile":"16/59109/23992","vt_code":3111,"vt_lvorder":0},"type":"Feature"},{"geometry":{"coordinates":[[[144.69940692186356,43.35658631208615],[144.69948336482048,43.35652488009452],[144.69926342368126,43.35637666296979],[144.69915613532066,43.35646149781575],[144.6992164850235,43.35650245252652],[144.69924733042717,43.356479049838036],[144.69940692186356,43.35658631208615]]],"type":"Polygon"},"properties":{"layer":"BldA","prefCode":"01","sourceId":0,"tile":"16/59109/23992","vt_code":3111,"vt_lvorder":0},"type":"Feature"},{"geometry":{"coordinates":[[[144.69898849725723,43.35608802858267],[144.69902738928795,43.35607145156604],[144.69909712672234,43.35599246689523],[144.69911187887192,43.355986616174775],[144.69915077090263,43.355935909907274],[144.6991427242756,43.3559134821216],[144.69905823469162,43.35588617871915],[144.69901129603386,43.355931034302394],[144.69895765185356,43.355998317615104],[144.69894289970398,43.356009043933426],[144.6989120543003,43.35604317311546],[144.69891875982285,43.35605487454488],[144.69894960522652,43.356065600853206],[144.69898849725723,43.35608802858267]]],"type":"Polygon"},"properties":{"layer":"BldA","prefCode":"01","sourceId":0,"tile":"16/59109/23992","vt_code":3101,"vt_lvorder":0},"type":"Feature"},{"geometry":{"coordinates":[[[144.6931479871273,43.37410651744675],[144.69355568289757,43.37381796740671],[144.6932928264141,43.37362105071281],[144.69288513064384,43.37390960168982],[144.6931479871273,43.37410651744675]]],"type":"Polygon"},"properties":{"layer":"BldA","prefCode":"01","sourceId":0,"tile":"16/59108/23987","vt_code":3111,"vt_lvorder":0},"type":"Feature"},{"geometry":{"coordinates":[[[144.6934551000595,43.37420497508544],[144.69361871480942,43.37408897052407],[144.69350472092628,43.37400318549562],[144.69334110617638,43.374120165049774],[144.6934551000595,43.37420497508544]]],"type":"Polygon"},"properties":{"layer":"BldA","prefCode":"01","sourceId":0,"tile":"16/59108/23987","vt_code":3111,"vt_lvorder":0},"type":"Feature"},{"geometry":{"coordinates":[[[144.69363749027252,43.374012933800415],[144.69386279582977,43.37385208657085],[144.69388961791992,43.37387255806012],[144.6939741075039,43.37381309323882],[144.6938480436802,43.37371755946942],[144.69353690743446,43.373937871813034],[144.69363749027252,43.374012933800415]]],"type":"Polygon"},"properties":{"layer":"BldA","prefCode":"01","sourceId":0,"tile":"16/59108/23987","vt_code":3111,"vt_lvorder":0},"type":"Feature"},{"geometry":{"coordinates":[[[144.69394326210022,43.37337441652597],[144.69400361180305,43.37332859899739],[144.69397276639938,43.37330617764099],[144.69398885965347,43.37329350469676],[144.69391375780106,43.37323988836493],[144.69383597373962,43.3732983789064],[144.69394326210022,43.37337441652597]]],"type":"Polygon"},"properties":{"layer":"BldA","prefCode":"01","sourceId":0,"tile":"16/59108/23987","vt_code":3101,"vt_lvorder":0},"type":"Feature"},{"geometry":{"coordinates":[[[144.69466477632523,43.373689289243494],[144.6947492659092,43.373627874569344],[144.69461783766747,43.37353818953663],[144.69454139471054,43.37359960430161],[144.69466477632523,43.373689289243494]]],"type":"Polygon"},"properties":{"layer":"BldA","prefCode":"01","sourceId":0,"tile":"16/59108/23987","vt_code":3101,"vt_lvorder":0},"type":"Feature"},{"geometry":{"coordinates":[[[144.69436436891556,43.3736054533236],[144.69447165727615,43.373504070195885],[144.69437912106514,43.37345337856847],[144.69427183270454,43.37355476178093],[144.69436436891556,43.3736054533236]]],"type":"Polygon"},"properties":{"layer":"BldA","prefCode":"01","sourceId":0,"tile":"16/59108/23987","vt_code":3101,"vt_lvorder":0},"type":"Feature"},{"geometry":{"coordinates":[[[144.6942798793316,43.37339196365541],[144.69436436891556,43.37333542288682],[144.69423294067383,43.37324573742161],[144.6941564977169,43.37330715248275],[144.6942798793316,43.37339196365541]]],"type":"Polygon"},"properties":{"layer":"BldA","prefCode":"01","sourceId":0,"tile":"16/59108/23987","vt_code":3101,"vt_lvorder":0},"type":"Feature"},{"geometry":{"coordinates":[[[144.69461917877197,43.37318334745455],[144.69466477632523,43.3731726241725],[144.69474121928215,43.37311218382001],[144.69477206468582,43.3730878126931],[144.69472646713257,43.373042969793985],[144.69466477632523,43.373042969793985],[144.69457492232323,43.37311218382001],[144.69454944133759,43.37313265555905],[144.6945722401142,43.37315507697959],[144.69461917877197,43.37318334745455]]],"type":"Polygon"},"properties":{"layer":"BldA","prefCode":"01","sourceId":0,"tile":"16/59108/23987","vt_code":3101,"vt_lvorder":0},"type":"Feature"},{"geometry":{"coordinates":[[[144.69498932361603,43.3735206424495],[144.69533801078796,43.37325256132037],[144.6952025592327,43.37316385057669],[144.69510063529015,43.373241838050554],[144.694983959198,43.37315117760271],[144.69486325979233,43.373254511005584],[144.6949678659439,43.373341271934294],[144.69486862421036,43.37343193209796],[144.69498932361603,43.3735206424495]]],"type":"Polygon"},"properties":{"layer":"BldA","prefCode":"01","sourceId":0,"tile":"16/59108/23987","vt_code":3111,"vt_lvorder":0},"type":"Feature"},{"geometry":{"coordinates":[[[[144.69503358006477,43.37319017136033],[144.694983959198,43.37315117760271],[144.69493836164474,43.37319017136033],[144.69503358006477,43.37319017136033]]],[[[144.69524145126343,43.37319017136033],[144.6952025592327,43.37316385057669],[144.69516769051552,43.37319017136033],[144.69524145126343,43.37319017136033]]]],"type":"MultiPolygon"},"properties":{"layer":"BldA","prefCode":"01","sourceId":0,"tile":"16/59108/23988","vt_code":3111,"vt_lvorder":0},"type":"Feature"},{"geometry":{"coordinates":[[[144.6955418586731,43.372678376296555],[144.6955418586731,43.372516550672906],[144.6954345703125,43.3724414868334],[144.69535812735558,43.372386894891775],[144.69524279236794,43.37246293365417],[144.6954345703125,43.37260233780428],[144.6955418586731,43.372678376296555]]],"type":"Polygon"},"properties":{"layer":"BldA","prefCode":"01","sourceId":0,"tile":"16/59108/23988","vt_code":3111,"vt_lvorder":0},"type":"Feature"},{"geometry":{"coordinates":[[[144.69542652368546,43.3707783602711],[144.6954345703125,43.37077543562384],[144.6955418586731,43.37073254078124],[144.6955418586731,43.37062725331166],[144.6954345703125,43.37067112311286],[144.69536617398262,43.370699394745714],[144.69542652368546,43.3707783602711]]],"type":"Polygon"},"properties":{"layer":"BldA","prefCode":"01","sourceId":0,"tile":"16/59108/23988","vt_code":3101,"vt_lvorder":0},"type":"Feature"},{"geometry":{"coordinates":[[[144.6953272819519,43.37326133490335],[144.69533801078796,43.37325256132037],[144.6953272819519,43.37324573742161],[144.6953272819519,43.37326133490335]]],"type":"Polygon"},"properties":{"layer":"BldA","prefCode":"01","sourceId":0,"tile":"16/59109/23987","vt_code":3111,"vt_lvorder":0},"type":"Feature"},{"geometry":{"coordinates":[[[144.6971619129181,43.37331007700792],[144.69750121235847,43.37311998257856],[144.69749182462692,43.37311218382001],[144.69740867614746,43.37303419617941],[144.69686955213547,43.37303419617941],[144.69695135951042,43.37311218382001],[144.6971619129181,43.37331007700792]]],"type":"Polygon"},"properties":{"layer":"BldA","prefCode":"01","sourceId":0,"tile":"16/59109/23987","vt_code":3111,"vt_lvorder":0},"type":"Feature"},{"geometry":{"coordinates":[[[144.6956692636013,43.3727680626008],[144.69578862190247,43.37269007451767],[144.6954345703125,43.3724414868334],[144.69535812735558,43.372386894891775],[144.6953272819519,43.37240736687564],[144.6953272819519,43.37252434950804],[144.6954345703125,43.37260233780428],[144.6956692636013,43.3727680626008]]],"type":"Polygon"},"properties":{"layer":"BldA","prefCode":"01","sourceId":0,"tile":"16/59109/23988","vt_code":3111,"vt_lvorder":0},"type":"Feature"},{"geometry":{"coordinates":[[[144.695882499218,43.37225528911618],[144.695975035429,43.372204596444945],[144.69600453972816,43.37217730037366],[144.69592809677124,43.372114909307435],[144.69579800963402,43.37219874728785],[144.6958288550377,43.372227018208605],[144.695882499218,43.37225528911618]]],"type":"Polygon"},"properties":{"layer":"BldA","prefCode":"01","sourceId":0,"tile":"16/59109/23988","vt_code":3101,"vt_lvorder":0},"type":"Feature"},{"geometry":{"coordinates":[[[144.6958664059639,43.372903566656724],[144.69603404402733,43.37278366020539],[144.6959549188614,43.372721269762955],[144.69641625881195,43.37239566859999],[144.69648465514183,43.372448310822655],[144.69657987356186,43.37236934747153],[144.69640284776688,43.37223676679891],[144.69581678509712,43.372655954699766],[144.695885181427,43.372710546399205],[144.69574704766273,43.372812905703185],[144.6958664059639,43.372903566656724]]],"type":"Polygon"},"properties":{"layer":"BldA","prefCode":"01","sourceId":0,"tile":"16/59109/23988","vt_code":3111,"vt_lvorder":0},"type":"Feature"},{"geometry":{"coordinates":[[[144.69573631882668,43.372131481940656],[144.69579800963402,43.37209736180849],[144.69587042927742,43.372041794695015],[144.69583556056023,43.372001825336305],[144.6957939863205,43.37198135321554],[144.69565853476524,43.37207006568894],[144.6956504881382,43.37208078916594],[144.69573631882668,43.372131481940656]]],"type":"Polygon"},"properties":{"layer":"BldA","prefCode":"01","sourceId":0,"tile":"16/59109/23988","vt_code":3101,"vt_lvorder":0},"type":"Feature"},{"geometry":{"coordinates":[[[144.69616413116455,43.37178345569189],[144.6962995827198,43.371690843328466],[144.69621509313583,43.37162552715554],[144.6960809826851,43.3717181396187],[144.69616413116455,43.37178345569189]]],"type":"Polygon"},"properties":{"layer":"BldA","prefCode":"01","sourceId":0,"tile":"16/59109/23988","vt_code":3101,"vt_lvorder":0},"type":"Feature"},{"geometry":{"coordinates":[[[144.69652086496353,43.37182732465678],[144.69659864902496,43.371758109164375],[144.69645649194717,43.37167134597078],[144.69637870788574,43.3717405615622],[144.69652086496353,43.37182732465678]]],"type":"Polygon"},"properties":{"layer":"BldA","prefCode":"01","sourceId":0,"tile":"16/59109/23988","vt_code":3101,"vt_lvorder":0},"type":"Feature"},{"geometry":{"coordinates":[[[144.69737514853477,43.37319017136033],[144.69750121235847,43.37311998257856],[144.69749182462692,43.37311218382001],[144.6970546245575,43.372697873330495],[144.6971444785595,43.37264718102921],[144.69703182578087,43.37254092202939],[144.6969674527645,43.372576991619],[144.6968574821949,43.372472682206556],[144.69649404287338,43.37267642659282],[144.69695270061493,43.37311218382001],[144.69703450798988,43.37319017136033],[144.69737514853477,43.37319017136033]]],"type":"Polygon"},"properties":{"layer":"BldA","prefCode":"01","sourceId":0,"tile":"16/59109/23988","vt_code":3111,"vt_lvorder":0},"type":"Feature"},{"geometry":{"coordinates":[[[144.6969312429428,43.37224943996397],[144.69715118408203,43.37208371375025],[144.69706133008003,43.37202229745015],[144.69684273004532,43.37218704897196],[144.6969312429428,43.37224943996397]]],"type":"Polygon"},"properties":{"layer":"BldA","prefCode":"01","sourceId":0,"tile":"16/59109/23988","vt_code":3101,"vt_lvorder":0},"type":"Feature"},{"geometry":{"coordinates":[[[144.69686686992645,43.371939434089555],[144.6970734000206,43.37178833002289],[144.6969996392727,43.3717171647514],[144.69677701592445,43.371878017643354],[144.69686686992645,43.371939434089555]]],"type":"Polygon"},"properties":{"layer":"BldA","prefCode":"01","sourceId":0,"tile":"16/59109/23988","vt_code":3101,"vt_lvorder":0},"type":"Feature"},{"geometry":{"coordinates":[[[144.6972879767418,43.37130089498378],[144.69741269946098,43.3712014577547],[144.69732284545898,43.37114004056118],[144.69719678163528,43.37123947789095],[144.6972879767418,43.37130089498378]]],"type":"Polygon"},"properties":{"layer":"BldA","prefCode":"01","sourceId":0,"tile":"16/59109/23988","vt_code":3101,"vt_lvorder":0},"type":"Feature"},{"geometry":{"coordinates":[[[144.69742611050606,43.371413980261856],[144.69755217432976,43.371315518091954],[144.69746097922325,43.37125410101394],[144.69733625650406,43.371353538156704],[144.69742611050606,43.371413980261856]]],"type":"Polygon"},"properties":{"layer":"BldA","prefCode":"01","sourceId":0,"tile":"16/59109/23988","vt_code":3101,"vt_lvorder":0},"type":"Feature"},{"geometry":{"coordinates":[[[144.6977385878563,43.37134378942443],[144.69814762473106,43.371052301605395],[144.6980255842209,43.370952863968746],[144.69782710075378,43.371077648427885],[144.6977238357067,43.370994783776624],[144.69762727618217,43.371075698672676],[144.69772785902023,43.37116148784217],[144.69761922955513,43.37123947789095],[144.6977385878563,43.37134378942443]]],"type":"Polygon"},"properties":{"layer":"BldA","prefCode":"01","sourceId":0,"tile":"16/59109/23988","vt_code":3111,"vt_lvorder":0},"type":"Feature"},{"geometry":{"coordinates":[[[144.69542652368546,43.3707783602711],[144.6954345703125,43.37077543562384],[144.69574436545372,43.37065065054292],[144.69568267464638,43.37056778530826],[144.6954345703125,43.37067112311286],[144.69536617398262,43.370699394745714],[144.69542652368546,43.3707783602711]]],"type":"Polygon"},"properties":{"layer":"BldA","prefCode":"01","sourceId":0,"tile":"16/59109/23988","vt_code":3101,"vt_lvorder":0},"type":"Feature"},{"geometry":{"coordinates":[[[144.69612792134285,43.37086512474219],[144.69621643424034,43.37080273232608],[144.69608768820763,43.37070621893098],[144.69599917531013,43.370768611446366],[144.69612792134285,43.37086512474219]]],"type":"Polygon"},"properties":{"layer":"BldA","prefCode":"01","sourceId":0,"tile":"16/59109/23988","vt_code":3101,"vt_lvorder":0},"type":"Feature"},{"geometry":{"coordinates":[[[144.69611182808876,43.37048004552464],[144.69620034098625,43.37041667782418],[144.69607159495354,43.37032016381476],[144.69598308205605,43.37038255672729],[144.69611182808876,43.37048004552464]]],"type":"Polygon"},"properties":{"layer":"BldA","prefCode":"01","sourceId":0,"tile":"16/59109/23988","vt_code":3101,"vt_lvorder":0},"type":"Feature"},{"geometry":{"coordinates":[[[144.69640016555786,43.370644801235954],[144.69658389687538,43.37047419620121],[144.69648331403732,43.370415702935965],[144.6962995827198,43.37058728302072],[144.69640016555786,43.370644801235954]]],"type":"Polygon"},"properties":{"layer":"BldA","prefCode":"01","sourceId":0,"tile":"16/59109/23988","vt_code":3111,"vt_lvorder":0},"type":"Feature"},{"geometry":{"coordinates":[[[144.69658389687538,43.370471271539294],[144.69672873616219,43.37033868671737],[144.69663083553314,43.37028116821183],[144.69648465514183,43.37041472804774],[144.69658389687538,43.370471271539294]]],"type":"Polygon"},"properties":{"layer":"BldA","prefCode":"01","sourceId":0,"tile":"16/59109/23988","vt_code":3111,"vt_lvorder":0},"type":"Feature"},{"geometry":{"coordinates":[[[144.69662010669708,43.370702319396635],[144.69675824046135,43.370575584394],[144.69665095210075,43.370512216793365],[144.6965128183365,43.37063895192842],[144.69662010669708,43.370702319396635]]],"type":"Polygon"},"properties":{"layer":"BldA","prefCode":"01","sourceId":0,"tile":"16/59109/23988","vt_code":3111,"vt_lvorder":0},"type":"Feature"},{"geometry":{"coordinates":[[[144.6967327594757,43.37048004552464],[144.69679579138756,43.37042350204126],[144.69670057296753,43.37036793339418],[144.6966388821602,43.37042350204126],[144.6967327594757,43.37048004552464]]],"type":"Polygon"},"properties":{"layer":"BldA","prefCode":"01","sourceId":0,"tile":"16/59109/23988","vt_code":3111,"vt_lvorder":0},"type":"Feature"},{"geometry":{"coordinates":[[[144.69681188464165,43.370525865205245],[144.696873575449,43.37047029665195],[144.69679847359657,43.37042545181743],[144.69673544168472,43.370481020411816],[144.69681188464165,43.370525865205245]]],"type":"Polygon"},"properties":{"layer":"BldA","prefCode":"01","sourceId":0,"tile":"16/59109/23988","vt_code":3111,"vt_lvorder":0},"type":"Feature"},{"geometry":{"coordinates":[[[144.69720616936684,43.37101428135181],[144.6972879767418,43.37094603981123],[144.69714850187302,43.370857325693684],[144.69706803560257,43.370924592454045],[144.69720616936684,43.37101428135181]]],"type":"Polygon"},"properties":{"layer":"BldA","prefCode":"01","sourceId":0,"tile":"16/59109/23988","vt_code":3101,"vt_lvorder":0},"type":"Feature"},{"geometry":{"coordinates":[[[144.69746500253677,43.3710834976931],[144.69751194119453,43.37102403013705],[144.6973979473114,43.37097528619516],[144.69734966754913,43.37103475379901],[144.69746500253677,43.3710834976931]]],"type":"Polygon"},"properties":{"layer":"BldA","prefCode":"01","sourceId":0,"tile":"16/59109/23988","vt_code":3101,"vt_lvorder":0},"type":"Feature"},{"geometry":{"coordinates":[[[144.69771713018417,43.370733515664355],[144.69779089093208,43.37066234915516],[144.69764336943626,43.37058045882207],[144.69756960868835,43.370652600311786],[144.69771713018417,43.370733515664355]]],"type":"Polygon"},"properties":{"layer":"BldA","prefCode":"01","sourceId":0,"tile":"16/59109/23988","vt_code":3101,"vt_lvorder":0},"type":"Feature"},{"geometry":{"coordinates":[[[144.6980644762516,43.37091289389238],[144.69824820756912,43.370756912854624],[144.6981543302536,43.370707193814525],[144.6979719400406,43.37085245128786],[144.6980644762516,43.37091289389238]]],"type":"Polygon"},"properties":{"layer":"BldA","prefCode":"01","sourceId":0,"tile":"16/59109/23988","vt_code":3101,"vt_lvorder":0},"type":"Feature"},{"geometry":{"coordinates":[[[144.6970935165882,43.37015345743673],[144.69717532396317,43.37008813960813],[144.69710290431976,43.37003939491407],[144.69708815217018,43.370051093644214],[144.69698622822762,43.36998382591508],[144.69691917300224,43.370037445125504],[144.6970935165882,43.37015345743673]]],"type":"Polygon"},"properties":{"layer":"BldA","prefCode":"01","sourceId":0,"tile":"16/59109/23988","vt_code":3111,"vt_lvorder":0},"type":"Feature"},{"geometry":{"coordinates":[[[144.6968923509121,43.37004231959682],[144.69706401228905,43.36992630707301],[144.69696074724197,43.36985806430829],[144.69726786017418,43.36962116382911],[144.69704791903496,43.36944568139612],[144.69658255577087,43.369798595550705],[144.6968923509121,43.37004231959682]]],"type":"Polygon"},"properties":{"layer":"BldA","prefCode":"01","sourceId":0,"tile":"16/59109/23988","vt_code":3111,"vt_lvorder":0},"type":"Feature"},{"geometry":{"coordinates":[[[144.69740733504295,43.370143708511556],[144.69747573137283,43.37009008939507],[144.69738453626633,43.37002769618167],[144.69731613993645,43.37008034045971],[144.69740733504295,43.370143708511556]]],"type":"Polygon"},"properties":{"layer":"BldA","prefCode":"01","sourceId":0,"tile":"16/59109/23988","vt_code":3101,"vt_lvorder":0},"type":"Feature"},{"geometry":{"coordinates":[[[144.69719141721725,43.36991363342251],[144.69731211662292,43.36981809351044],[144.69720348715782,43.36974497612913],[144.69708278775215,43.3698395412589],[144.69719141721725,43.36991363342251]]],"type":"Polygon"},"properties":{"layer":"BldA","prefCode":"01","sourceId":0,"tile":"16/59109/23988","vt_code":3111,"vt_lvorder":0},"type":"Feature"},{"geometry":{"coordinates":[[[144.68792840838432,43.39127472276093],[144.6879968047142,43.39126302812526],[144.68802765011787,43.39123476607974],[144.68802094459534,43.391212351344606],[144.68793511390686,43.39114510708947],[144.68789756298065,43.39116167452157],[144.68784257769585,43.3912006566969],[144.68785867094994,43.39122404599006],[144.68792840838432,43.39127472276093]]],"type":"Polygon"},"properties":{"layer":"BldA","prefCode":"01","sourceId":0,"tile":"16/59107/23983","vt_code":3101,"vt_lvorder":0},"type":"Feature"},{"geometry":{"coordinates":[[[144.68820065259933,43.39126887544338],[144.68826100230217,43.39121917322139],[144.68820735812187,43.39118408927545],[144.68814700841904,43.39123379152621],[144.68820065259933,43.39126887544338]]],"type":"Polygon"},"properties":{"layer":"BldA","prefCode":"01","sourceId":0,"tile":"16/59107/23983","vt_code":3101,"vt_lvorder":0},"type":"Feature"},{"geometry":{"coordinates":[[[144.68864187598228,43.39187699344748],[144.68896508216858,43.391667466298536],[144.6891501545906,43.391546622404185],[144.68899056315422,43.391415058213],[144.6885748207569,43.391670389938156],[144.68851312994957,43.39161971349811],[144.68841925263405,43.39168890631913],[144.68864187598228,43.39187699344748]]],"type":"Polygon"},"properties":{"layer":"BldA","prefCode":"01","sourceId":0,"tile":"16/59107/23983","vt_code":3111,"vt_lvorder":0},"type":"Feature"},{"geometry":{"coordinates":[[[144.68922793865204,43.3911743437313],[144.6893821656704,43.39104960062785],[144.68929901719093,43.39099502543936],[144.68914613127708,43.39111879409976],[144.68922793865204,43.3911743437313]]],"type":"Polygon"},"properties":{"layer":"BldA","prefCode":"01","sourceId":0,"tile":"16/59107/23983","vt_code":3111,"vt_lvorder":0},"type":"Feature"},{"geometry":{"coordinates":[[[144.68858286738396,43.39110515032282],[144.68874514102936,43.39099892366873],[144.68865260481834,43.3909307046184],[144.6884983778,43.39103790594874],[144.68858286738396,43.39110515032282]]],"type":"Polygon"},"properties":{"layer":"BldA","prefCode":"01","sourceId":0,"tile":"16/59107/23983","vt_code":3101,"vt_lvorder":0},"type":"Feature"},{"geometry":{"coordinates":[[[144.68877598643303,43.39078549524129],[144.6890066564083,43.39058278626725],[144.6888765692711,43.39050384653146],[144.6886445581913,43.390706555769505],[144.68877598643303,43.39078549524129]]],"type":"Polygon"},"properties":{"layer":"BldA","prefCode":"01","sourceId":0,"tile":"16/59107/23983","vt_code":3101,"vt_lvorder":0},"type":"Feature"},{"geometry":{"coordinates":[[[144.68912601470947,43.39113536153906],[144.6892024576664,43.390997949111416],[144.68899324536324,43.390936551968586],[144.6889168024063,43.391073964535416],[144.68912601470947,43.39113536153906]]],"type":"Polygon"},"properties":{"layer":"BldA","prefCode":"01","sourceId":0,"tile":"16/59107/23983","vt_code":3111,"vt_lvorder":0},"type":"Feature"},{"geometry":{"coordinates":[[[144.68839779496193,43.387578130966475],[144.688590914011,43.38746605044635],[144.68858286738396,43.387443634317464],[144.68852922320366,43.38740367511061],[144.68849033117294,43.38740952280107],[144.68832939863205,43.38751088267927],[144.68835219740868,43.387544994138615],[144.68839779496193,43.387578130966475]]],"type":"Polygon"},"properties":{"layer":"BldA","prefCode":"01","sourceId":0,"tile":"16/59107/23984","vt_code":3101,"vt_lvorder":0},"type":"Feature"},{"geometry":{"coordinates":[[[144.68889132142067,43.38781496129692],[144.688953012228,43.38779254529705],[144.68897581100464,43.387764281633245],[144.68896105885506,43.387741865614636],[144.68889132142067,43.38767949056273],[144.68882963061333,43.38770190660439],[144.6888068318367,43.38772432263777],[144.6888068318367,43.387752586320225],[144.68889132142067,43.38781496129692]]],"type":"Polygon"},"properties":{"layer":"BldA","prefCode":"01","sourceId":0,"tile":"16/59107/23984","vt_code":3101,"vt_lvorder":0},"type":"Feature"},{"geometry":{"coordinates":[[[144.69173446297646,43.387972847669815],[144.69176664948463,43.38796115239703],[144.69188198447227,43.38788220924676],[144.69186589121819,43.38785979327177],[144.69182029366493,43.38782568198957],[144.69177335500717,43.38783152963931],[144.69166606664658,43.387904625213466],[144.69165802001953,43.38791047285559],[144.69171166419983,43.387949457122005],[144.69171166419983,43.3879553047598],[144.69173446297646,43.387972847669815]]],"type":"Polygon"},"properties":{"layer":"BldA","prefCode":"01","sourceId":0,"tile":"16/59108/23984","vt_code":3101,"vt_lvorder":0},"type":"Feature"},{"geometry":{"coordinates":[[[144.69182699918747,43.387741865614636],[144.6920308470726,43.38761029316441],[144.69187527894974,43.38748164427026],[144.6916714310646,43.38761419161148],[144.69182699918747,43.387741865614636]]],"type":"Polygon"},"properties":{"layer":"BldA","prefCode":"01","sourceId":0,"tile":"16/59108/23984","vt_code":3111,"vt_lvorder":0},"type":"Feature"},{"geometry":{"coordinates":[[[144.69184309244156,43.38721265024563],[144.6919745206833,43.38712298530548],[144.6918886899948,43.38706158423735],[144.69176664948463,43.387157096983124],[144.69184309244156,43.38721265024563]]],"type":"Polygon"},"properties":{"layer":"BldA","prefCode":"01","sourceId":0,"tile":"16/59108/23984","vt_code":3101,"vt_lvorder":0},"type":"Feature"},{"geometry":{"coordinates":[[[144.69202548265457,43.387771103898125],[144.69215959310532,43.38767949056273],[144.69207376241684,43.38762393772808],[144.69194367527962,43.38770190660439],[144.69202548265457,43.387771103898125]]],"type":"Polygon"},"properties":{"layer":"BldA","prefCode":"01","sourceId":0,"tile":"16/59108/23984","vt_code":3101,"vt_lvorder":0},"type":"Feature"},{"geometry":{"coordinates":[[[144.69209790229797,43.38760152165757],[144.6924814581871,43.387302315053134],[144.69236880540848,43.38720485329958],[144.6922293305397,43.38732570585067],[144.6921193599701,43.387243838019806],[144.69197988510132,43.387350071255185],[144.6920844912529,43.387428040483776],[144.69198793172836,43.38751867958596],[144.69209790229797,43.38760152165757]]],"type":"Polygon"},"properties":{"layer":"BldA","prefCode":"01","sourceId":0,"tile":"16/59108/23984","vt_code":3111,"vt_lvorder":0},"type":"Feature"},{"geometry":{"coordinates":[[[144.6912382543087,43.386971919073744],[144.69136834144592,43.38687543141256],[144.69128116965294,43.386812080844436],[144.69115108251572,43.38690759398336],[144.6912382543087,43.386971919073744]]],"type":"Polygon"},"properties":{"layer":"BldA","prefCode":"01","sourceId":0,"tile":"16/59108/23984","vt_code":3101,"vt_lvorder":0},"type":"Feature"},{"geometry":{"coordinates":[[[144.76677060127258,43.551224995311884],[144.76679474115372,43.55120263983426],[144.766845703125,43.55114334917955],[144.76685643196106,43.551129741480075],[144.766845703125,43.55112293762918],[144.76677864789963,43.551079198569404],[144.76674780249596,43.5510898903425],[144.766665995121,43.551155012919516],[144.766663312912,43.551157928854145],[144.76673305034637,43.55119680796917],[144.76674780249596,43.551219163448955],[144.76677060127258,43.551224995311884]]],"type":"Polygon"},"properties":{"layer":"BldA","prefCode":"01","sourceId":0,"tile":"16/59121/23943","vt_code":3101,"vt_lvorder":0},"type":"Feature"},{"geometry":{"coordinates":[[[144.7669020295143,43.55178193562117],[144.7669529914856,43.551704178120964],[144.7669529914856,43.55151367182147],[144.76694896817207,43.55151172787654],[144.766845703125,43.551670159183075],[144.76680144667625,43.55173722507081],[144.7668094933033,43.55174791672717],[144.766845703125,43.55176152428707],[144.7669020295143,43.55178193562117]]],"type":"Polygon"},"properties":{"layer":"BldA","prefCode":"01","sourceId":0,"tile":"16/59121/23943","vt_code":3101,"vt_lvorder":0},"type":"Feature"},{"geometry":{"coordinates":[[[144.7669020295143,43.55138828724474],[144.7669529914856,43.55136107195332],[144.7669529914856,43.55125415461806],[144.76692616939545,43.55125901450104],[144.766845703125,43.55132705282177],[144.76683229207993,43.5513377445509],[144.7669020295143,43.55138828724474]]],"type":"Polygon"},"properties":{"layer":"BldA","prefCode":"01","sourceId":0,"tile":"16/59121/23943","vt_code":3101,"vt_lvorder":0},"type":"Feature"},{"geometry":{"coordinates":[[[144.7664152085781,43.54830607737787],[144.7665385901928,43.54822151121485],[144.76645410060883,43.54817096586536],[144.76642325520515,43.548181658154355],[144.76633876562119,43.54824969994905],[144.7664152085781,43.54830607737787]]],"type":"Polygon"},"properties":{"layer":"BldA","prefCode":"01","sourceId":0,"tile":"16/59121/23944","vt_code":3101,"vt_lvorder":0},"type":"Feature"},{"geometry":{"coordinates":[[[144.7666646540165,43.548417860054975],[144.766845703125,43.548314825594865],[144.7669529914856,43.54825261602424],[144.7669529914856,43.548172909918044],[144.76689264178276,43.54811750439189],[144.766845703125,43.54814374912115],[144.766665995121,43.54824386779823],[144.7665573656559,43.54830510535369],[144.7666646540165,43.548417860054975]]],"type":"Polygon"},"properties":{"layer":"BldA","prefCode":"01","sourceId":0,"tile":"16/59121/23944","vt_code":3111,"vt_lvorder":0},"type":"Feature"},{"geometry":{"coordinates":[[[144.7666861116886,43.54794545532814],[144.76671695709229,43.547923098634094],[144.76674780249596,43.547878385221104],[144.766665995121,43.547822007392234],[144.76662442088127,43.547793818458025],[144.76654663681984,43.54785019631326],[144.76667001843452,43.54793962314788],[144.7666861116886,43.54794545532814]]],"type":"Polygon"},"properties":{"layer":"BldA","prefCode":"01","sourceId":0,"tile":"16/59121/23944","vt_code":3101,"vt_lvorder":0},"type":"Feature"},{"geometry":{"coordinates":[[[144.76677060127258,43.551224995311884],[144.76679474115372,43.55120263983426],[144.766845703125,43.55114334917955],[144.76685643196106,43.551129741480075],[144.766845703125,43.55112293762918],[144.76677864789963,43.551079198569404],[144.76674780249596,43.5510898903425],[144.7667384147644,43.5510976661763],[144.7667384147644,43.55120555576659],[144.76674780249596,43.551219163448955],[144.76677060127258,43.551224995311884]]],"type":"Polygon"},"properties":{"layer":"BldA","prefCode":"01","sourceId":0,"tile":"16/59122/23943","vt_code":3101,"vt_lvorder":0},"type":"Feature"},{"geometry":{"coordinates":[[[144.7669020295143,43.55178193562117],[144.76704955101013,43.55155643859418],[144.7670415043831,43.55154574690385],[144.76694896817207,43.55151172787654],[144.766845703125,43.551670159183075],[144.76680144667625,43.55173722507081],[144.7668094933033,43.55174791672717],[144.766845703125,43.55176152428707],[144.7669020295143,43.55178193562117]]],"type":"Polygon"},"properties":{"layer":"BldA","prefCode":"01","sourceId":0,"tile":"16/59122/23943","vt_code":3101,"vt_lvorder":0},"type":"Feature"},{"geometry":{"coordinates":[[[144.76831823587418,43.55197632893277],[144.76868972182274,43.55151269984901],[144.76845502853394,43.55141355857577],[144.7683598101139,43.55153311126738],[144.76782873272896,43.55130858528516],[144.7678166627884,43.55132413689531],[144.76763293147087,43.55124540682769],[144.76753771305084,43.55136398787799],[144.7682498395443,43.55166432736323],[144.76808086037636,43.55187621645561],[144.76831823587418,43.55197632893277]]],"type":"Polygon"},"properties":{"layer":"BldA","prefCode":"01","sourceId":0,"tile":"16/59122/23943","vt_code":3101,"vt_lvorder":0},"type":"Feature"},{"geometry":{"coordinates":[[[144.7669020295143,43.55138828724474],[144.76696372032166,43.55135426812854],[144.767025411129,43.55129789355086],[144.76695701479912,43.55125318264141],[144.76692616939545,43.55125901450104],[144.766845703125,43.55132705282177],[144.76683229207993,43.5513377445509],[144.7669020295143,43.55138828724474]]],"type":"Polygon"},"properties":{"layer":"BldA","prefCode":"01","sourceId":0,"tile":"16/59122/23943","vt_code":3101,"vt_lvorder":0},"type":"Feature"},{"geometry":{"coordinates":[[[144.76841747760773,43.55126387438365],[144.76860791444778,43.55101699185194],[144.76832628250122,43.550902298048285],[144.768106341362,43.55118611621504],[144.76827800273895,43.5512560985713],[144.76830750703812,43.55121819147175],[144.76841747760773,43.55126387438365]]],"type":"Polygon"},"properties":{"layer":"BldA","prefCode":"01","sourceId":0,"tile":"16/59122/23943","vt_code":3101,"vt_lvorder":0},"type":"Feature"},{"geometry":{"coordinates":[[[144.7667384147644,43.54837703510128],[144.7670066356659,43.54822151121485],[144.76689264178276,43.54811750439189],[144.766845703125,43.54814374912115],[144.7667384147644,43.548204014752514],[144.7667384147644,43.54837703510128]]],"type":"Polygon"},"properties":{"layer":"BldA","prefCode":"01","sourceId":0,"tile":"16/59122/23944","vt_code":3111,"vt_lvorder":0},"type":"Feature"},{"geometry":{"coordinates":[[[144.7667384147644,43.54789199365465],[144.76674780249596,43.547878385221104],[144.7667384147644,43.54787255303435],[144.7667384147644,43.54789199365465]]],"type":"Polygon"},"properties":{"layer":"BldA","prefCode":"01","sourceId":0,"tile":"16/59122/23944","vt_code":3101,"vt_lvorder":0},"type":"Feature"},{"geometry":{"coordinates":[[[144.18925344944,43.71452468287035],[144.18929234147072,43.714518866832556],[144.1893084347248,43.71444519697171],[144.18902814388275,43.714417086079884],[144.18900534510612,43.71449075597529],[144.1891998052597,43.7145130507942],[144.18925344944,43.71452468287035]]],"type":"Polygon"},"properties":{"layer":"BldA","prefCode":"01","sourceId":0,"tile":"16/59016/23902","vt_code":3101,"vt_lvorder":0},"type":"Feature"},{"geometry":{"coordinates":[[[144.1893231868744,43.71437831241435],[144.18934598565102,43.71435504820299],[144.18935403227806,43.71429979566479],[144.18918371200562,43.71428816354501],[144.18916895985603,43.71432693726887],[144.18916895985603,43.714360864256676],[144.1893231868744,43.71437831241435]]],"type":"Polygon"},"properties":{"layer":"BldA","prefCode":"01","sourceId":0,"tile":"16/59016/23902","vt_code":3101,"vt_lvorder":0},"type":"Feature"},{"geometry":{"coordinates":[[[144.1900286078453,43.709401504192044],[144.1900447010994,43.70938987112151],[144.1900634765625,43.709297775900055],[144.19007554650307,43.70923767157395],[144.1900634765625,43.70923573272372],[144.189974963665,43.70922119134498],[144.1899360716343,43.70938405458539],[144.1900286078453,43.709401504192044]]],"type":"Polygon"},"properties":{"layer":"BldA","prefCode":"01","sourceId":0,"tile":"16/59016/23903","vt_code":3101,"vt_lvorder":0},"type":"Feature"},{"geometry":{"coordinates":[[[144.19010236859322,43.70918532259566],[144.19012248516083,43.70906899136909],[144.1900634765625,43.70906123594595],[144.1900084912777,43.70905251109373],[144.18998301029205,43.70917078120468],[144.19005274772644,43.70918144489174],[144.1900634765625,43.709182414317745],[144.19010236859322,43.70918532259566]]],"type":"Polygon"},"properties":{"layer":"BldA","prefCode":"01","sourceId":0,"tile":"16/59016/23903","vt_code":3101,"vt_lvorder":0},"type":"Feature"},{"geometry":{"coordinates":[[[144.19082522392273,43.712868058623066],[144.1908574104309,43.712792447997664],[144.19064819812775,43.71274785707131],[144.19061601161957,43.71282055965158],[144.19079571962357,43.71286030369152],[144.19082522392273,43.712868058623066]]],"type":"Polygon"},"properties":{"layer":"BldA","prefCode":"01","sourceId":0,"tile":"16/59017/23902","vt_code":3101,"vt_lvorder":0},"type":"Feature"},{"geometry":{"coordinates":[[[144.19090703129768,43.7127556120174],[144.19093385338783,43.71267612377232],[144.19071793556213,43.71262377779724],[144.19067904353142,43.71269648052805],[144.19088825583458,43.71274785707131],[144.19090703129768,43.7127556120174]]],"type":"Polygon"},"properties":{"layer":"BldA","prefCode":"01","sourceId":0,"tile":"16/59017/23902","vt_code":3101,"vt_lvorder":0},"type":"Feature"},{"geometry":{"coordinates":[[[144.19136703014374,43.71254816686364],[144.19144347310066,43.71250066763862],[144.19126108288765,43.71238531222112],[144.19117256999016,43.71244347464425],[144.19136703014374,43.71254816686364]]],"type":"Polygon"},"properties":{"layer":"BldA","prefCode":"01","sourceId":0,"tile":"16/59017/23902","vt_code":3101,"vt_lvorder":0},"type":"Feature"},{"geometry":{"coordinates":[[[144.1913039982319,43.711698991365346],[144.19132947921753,43.71162240987847],[144.191322773695,43.71161174662571],[144.19120609760284,43.71158848134036],[144.1911605000496,43.71159429766255],[144.1911444067955,43.71162240987847],[144.19113636016846,43.71166700164222],[144.1912677884102,43.7116902668971],[144.1913039982319,43.711698991365346]]],"type":"Polygon"},"properties":{"layer":"BldA","prefCode":"01","sourceId":0,"tile":"16/59017/23902","vt_code":3101,"vt_lvorder":0},"type":"Feature"},{"geometry":{"coordinates":[[[144.19144615530968,43.711847307131244],[144.1914850473404,43.711774603370294],[144.19132947921753,43.711746491225746],[144.19127583503723,43.71172904230181],[144.19116720557213,43.71171837906802],[144.1911444067955,43.71179108289717],[144.191322773695,43.71181919502081],[144.1913764178753,43.711836643918495],[144.19144615530968,43.711847307131244]]],"type":"Polygon"},"properties":{"layer":"BldA","prefCode":"01","sourceId":0,"tile":"16/59017/23902","vt_code":3101,"vt_lvorder":0},"type":"Feature"},{"geometry":{"coordinates":[[[144.19154673814774,43.711993683769094],[144.1915775835514,43.71198786748567],[144.19160172343254,43.711915163895235],[144.191415309906,43.71188705181662],[144.19138446450233,43.71194909224841],[144.19138446450233,43.71195975544116],[144.1914850473404,43.71197720429792],[144.19151589274406,43.71197720429792],[144.1915239393711,43.71198786748567],[144.19154673814774,43.711993683769094]]],"type":"Polygon"},"properties":{"layer":"BldA","prefCode":"01","sourceId":0,"tile":"16/59017/23902","vt_code":3101,"vt_lvorder":0},"type":"Feature"},{"geometry":{"coordinates":[[[144.19166073203087,43.7116543996254],[144.1916862130165,43.71158266501761],[144.1916862130165,43.71157200175777],[144.1916298866272,43.71156424665851],[144.1915239393711,43.7115497058447],[144.19151723384857,43.71156424665851],[144.19149309396744,43.71162822619737],[144.19162452220917,43.71165052208123],[144.19166073203087,43.7116543996254]]],"type":"Polygon"},"properties":{"layer":"BldA","prefCode":"01","sourceId":0,"tile":"16/59017/23902","vt_code":3101,"vt_lvorder":0},"type":"Feature"},{"geometry":{"coordinates":[[[144.19144213199615,43.71161659355903],[144.19146224856377,43.71156424665851],[144.1914702951908,43.7115438895182],[144.19128388166428,43.71150414460525],[144.19126108288765,43.7115438895182],[144.19125571846962,43.71156424665851],[144.1912530362606,43.71157781808156],[144.19140726327896,43.71161174662571],[144.19144213199615,43.71161659355903]]],"type":"Polygon"},"properties":{"layer":"BldA","prefCode":"01","sourceId":0,"tile":"16/59017/23902","vt_code":3101,"vt_lvorder":0},"type":"Feature"},{"geometry":{"coordinates":[[[144.1914863884449,43.711514807877165],[144.19149443507195,43.71148669561076],[144.19132947921753,43.71148669561076],[144.19136837124825,43.71149832827432],[144.19144615530968,43.71150996093562],[144.1914863884449,43.711514807877165]]],"type":"Polygon"},"properties":{"layer":"BldA","prefCode":"01","sourceId":0,"tile":"16/59017/23902","vt_code":3101,"vt_lvorder":0},"type":"Feature"},{"geometry":{"coordinates":[[[144.19169962406158,43.71154679768152],[144.19171303510666,43.71148669561076],[144.19154942035675,43.71148669561076],[144.1915386915207,43.71152159359467],[144.19165536761284,43.7115438895182],[144.19169962406158,43.71154679768152]]],"type":"Polygon"},"properties":{"layer":"BldA","prefCode":"01","sourceId":0,"tile":"16/59017/23902","vt_code":3101,"vt_lvorder":0},"type":"Feature"},{"geometry":{"coordinates":[[[144.1900286078453,43.709401504192044],[144.1900447010994,43.70938987112151],[144.1900634765625,43.709297775900055],[144.19007554650307,43.70923767157395],[144.1900634765625,43.70923573272372],[144.189974963665,43.70922119134498],[144.1899561882019,43.70930068417236],[144.1899561882019,43.709387932276194],[144.1900286078453,43.709401504192044]]],"type":"Polygon"},"properties":{"layer":"BldA","prefCode":"01","sourceId":0,"tile":"16/59017/23903","vt_code":3101,"vt_lvorder":0},"type":"Feature"},{"geometry":{"coordinates":[[[144.191322773695,43.71164179760593],[144.19132947921753,43.71162240987847],[144.191322773695,43.71161174662571],[144.19120609760284,43.71158848134036],[144.1911605000496,43.71159429766255],[144.1911444067955,43.71162240987847],[144.19114038348198,43.71164179760593],[144.191322773695,43.71164179760593]]],"type":"Polygon"},"properties":{"layer":"BldA","prefCode":"01","sourceId":0,"tile":"16/59017/23903","vt_code":3101,"vt_lvorder":0},"type":"Feature"},{"geometry":{"coordinates":[[[144.1916647553444,43.71164179760593],[144.1916862130165,43.71158266501761],[144.1916862130165,43.71157200175777],[144.1916298866272,43.71156424665851],[144.1915239393711,43.7115497058447],[144.19151723384857,43.71156424665851],[144.19149309396744,43.71162822619737],[144.19157221913338,43.71164179760593],[144.1916647553444,43.71164179760593]]],"type":"Polygon"},"properties":{"layer":"BldA","prefCode":"01","sourceId":0,"tile":"16/59017/23903","vt_code":3101,"vt_lvorder":0},"type":"Feature"},{"geometry":{"coordinates":[[[144.19124498963356,43.71147021600017],[144.1912677884102,43.71139751178177],[144.1910894215107,43.71136358311634],[144.19106662273407,43.7113916954405],[144.19104382395744,43.711431440428],[144.19112160801888,43.711453736385074],[144.1911980509758,43.71146536905503],[144.19124498963356,43.71147021600017]]],"type":"Polygon"},"properties":{"layer":"BldA","prefCode":"01","sourceId":0,"tile":"16/59017/23903","vt_code":3101,"vt_lvorder":0},"type":"Feature"},{"geometry":{"coordinates":[[[144.1914863884449,43.711514807877165],[144.19150918722153,43.711442103712855],[144.19140726327896,43.71141980775146],[144.19134557247162,43.71141399141234],[144.19131472706795,43.711481848666935],[144.19136837124825,43.71149832827432],[144.19144615530968,43.71150996093562],[144.1914863884449,43.711514807877165]]],"type":"Polygon"},"properties":{"layer":"BldA","prefCode":"01","sourceId":0,"tile":"16/59017/23903","vt_code":3101,"vt_lvorder":0},"type":"Feature"},{"geometry":{"coordinates":[[[144.19169962406158,43.71154679768152],[144.19171705842018,43.711471185389165],[144.19156283140182,43.711447920049245],[144.1915386915207,43.71152159359467],[144.19165536761284,43.7115438895182],[144.19169962406158,43.71154679768152]]],"type":"Polygon"},"properties":{"layer":"BldA","prefCode":"01","sourceId":0,"tile":"16/59017/23903","vt_code":3101,"vt_lvorder":0},"type":"Feature"},{"geometry":{"coordinates":[[[144.19156819581985,43.70996958305608],[144.19183775782585,43.70986391691731],[144.1918082535267,43.709810599070146],[144.19177740812302,43.709776669506354],[144.1915225982666,43.709899785260525],[144.19154807925224,43.70993856182365],[144.19156819581985,43.70996958305608]]],"type":"Polygon"},"properties":{"layer":"BldA","prefCode":"01","sourceId":0,"tile":"16/59017/23903","vt_code":3101,"vt_lvorder":0},"type":"Feature"},{"geometry":{"coordinates":[[[144.19089764356613,43.70887995264435],[144.19090300798416,43.70880821471583],[144.19071793556213,43.7087878566394],[144.19070318341255,43.70882178676295],[144.19070318341255,43.70886735004151],[144.19082656502724,43.70887801378254],[144.19089764356613,43.70887995264435]]],"type":"Polygon"},"properties":{"layer":"BldA","prefCode":"01","sourceId":0,"tile":"16/59017/23903","vt_code":3101,"vt_lvorder":0},"type":"Feature"},{"geometry":{"coordinates":[[[144.1910371184349,43.70872678236859],[144.1910357773304,43.708558100725945],[144.19093519449234,43.70854065087376],[144.19093117117882,43.708707393698184],[144.19099017977715,43.70872096576813],[144.1910371184349,43.70872678236859]]],"type":"Polygon"},"properties":{"layer":"BldA","prefCode":"01","sourceId":0,"tile":"16/59017/23903","vt_code":3101,"vt_lvorder":0},"type":"Feature"},{"geometry":{"coordinates":[[[144.19090032577515,43.708555192417606],[144.19090434908867,43.708439829406046],[144.1908037662506,43.70842237951942],[144.19079303741455,43.70854162031012],[144.19086545705795,43.70855228410912],[144.19090032577515,43.708555192417606]]],"type":"Polygon"},"properties":{"layer":"BldA","prefCode":"01","sourceId":0,"tile":"16/59017/23903","vt_code":3101,"vt_lvorder":0},"type":"Feature"},{"geometry":{"coordinates":[[[144.18400570750237,43.726597560365015],[144.18405398726463,43.726451219400374],[144.18409287929535,43.72635042806451],[144.18401509523392,43.726328137650015],[144.18398424983025,43.72633298339299],[144.1838876903057,43.72657042431911],[144.18396949768066,43.72659174549907],[144.18400570750237,43.726597560365015]]],"type":"Polygon"},"properties":{"layer":"BldA","prefCode":"01","sourceId":0,"tile":"16/59015/23899","vt_code":3101,"vt_lvorder":0},"type":"Feature"},{"geometry":{"coordinates":[[[144.18369323015213,43.72655685629154],[144.1837938129902,43.72633298339299],[144.18367445468903,43.72630003233297],[144.18357118964195,43.72653456595387],[144.18369323015213,43.72655685629154]]],"type":"Polygon"},"properties":{"layer":"BldA","prefCode":"01","sourceId":0,"tile":"16/59015/23899","vt_code":3101,"vt_lvorder":0},"type":"Feature"},{"geometry":{"coordinates":[[[144.1840486228466,43.726274834451296],[144.18406203389168,43.72624963655903],[144.18407812714577,43.72619342583808],[144.1838300228119,43.72613140015376],[144.18379917740822,43.72620408649611],[144.18396949768066,43.726248667409116],[144.1840486228466,43.726274834451296]]],"type":"Polygon"},"properties":{"layer":"BldA","prefCode":"01","sourceId":0,"tile":"16/59015/23899","vt_code":3101,"vt_lvorder":0},"type":"Feature"},{"geometry":{"coordinates":[[[144.1839399933815,43.72590267988773],[144.18403923511505,43.72569237277076],[144.18393328785896,43.72565651387989],[144.18382734060287,43.725875543527025],[144.1838836669922,43.725884265930034],[144.1839399933815,43.72590267988773]]],"type":"Polygon"},"properties":{"layer":"BldA","prefCode":"01","sourceId":0,"tile":"16/59015/23899","vt_code":3101,"vt_lvorder":0},"type":"Feature"},{"geometry":{"coordinates":[[[144.18302804231644,43.72192707202764],[144.1831125319004,43.721840811399915],[144.18319836258888,43.72174195075248],[144.18314069509506,43.721705120273484],[144.18310448527336,43.72169445881482],[144.18293818831444,43.72187958023673],[144.18299317359924,43.721907687627734],[144.18302804231644,43.72192707202764]]],"type":"Polygon"},"properties":{"layer":"BldA","prefCode":"01","sourceId":0,"tile":"16/59015/23900","vt_code":3101,"vt_lvorder":0},"type":"Feature"},{"geometry":{"coordinates":[[[144.1846776008606,43.72267045903166],[144.1846776008606,43.72259098393835],[144.1845703125,43.722567722915485],[144.18414786458015,43.722475647944684],[144.18411567807198,43.72253767741426],[144.18412372469902,43.722548338722866],[144.1845703125,43.72264719803965],[144.1846588253975,43.72266658220029],[144.1846776008606,43.72267045903166]]],"type":"Polygon"},"properties":{"layer":"BldA","prefCode":"01","sourceId":0,"tile":"16/59015/23900","vt_code":3101,"vt_lvorder":0},"type":"Feature"},{"geometry":{"coordinates":[[[144.1835457086563,43.722455294510986],[144.1835778951645,43.72237388070706],[144.1833807528019,43.72233511219011],[144.18335661292076,43.72237484991965],[144.18335661292076,43.72241361841089],[144.18351218104362,43.72244754082014],[144.1835457086563,43.722455294510986]]],"type":"Polygon"},"properties":{"layer":"BldA","prefCode":"01","sourceId":0,"tile":"16/59015/23900","vt_code":3101,"vt_lvorder":0},"type":"Feature"},{"geometry":{"coordinates":[[[144.18363824486732,43.72229731286193],[144.1836516559124,43.72221686805847],[144.18349742889404,43.722188760812514],[144.1834732890129,43.72224012921756],[144.1834732890129,43.72226242115321],[144.18360471725464,43.7222905283646],[144.18363824486732,43.72229731286193]]],"type":"Polygon"},"properties":{"layer":"BldA","prefCode":"01","sourceId":0,"tile":"16/59015/23900","vt_code":3101,"vt_lvorder":0},"type":"Feature"},{"geometry":{"coordinates":[[[144.18402314186096,43.722531862154206],[144.18405398726463,43.72251538558102],[144.18407008051872,43.7224979397927],[144.18407812714577,43.72245335608837],[144.18371334671974,43.72236903464381],[144.18368250131607,43.72244172555135],[144.1838689148426,43.722493093739494],[144.18396949768066,43.72251538558102],[144.18402314186096,43.722531862154206]]],"type":"Polygon"},"properties":{"layer":"BldA","prefCode":"01","sourceId":0,"tile":"16/59015/23900","vt_code":3101,"vt_lvorder":0},"type":"Feature"},{"geometry":{"coordinates":[[[144.1833445429802,43.72190187230654],[144.1834880411625,43.721749704534645],[144.1834732890129,43.721727412408214],[144.18339550495148,43.72169445881482],[144.18324932456017,43.72185147283254],[144.1833257675171,43.72189121088288],[144.1833445429802,43.72190187230654]]],"type":"Polygon"},"properties":{"layer":"BldA","prefCode":"01","sourceId":0,"tile":"16/59015/23900","vt_code":3101,"vt_lvorder":0},"type":"Feature"},{"geometry":{"coordinates":[[[144.1832399368286,43.72167022821988],[144.18335258960724,43.72154713664623],[144.18337270617485,43.72154810587221],[144.18344646692276,43.72158202877153],[144.18347463011742,43.721549075098174],[144.1834880411625,43.72149673687381],[144.18331906199455,43.72143470632648],[144.18315544724464,43.72161013630213],[144.18313264846802,43.721626613124286],[144.18315544724464,43.72164308994191],[144.1832399368286,43.72167022821988]]],"type":"Polygon"},"properties":{"layer":"BldA","prefCode":"01","sourceId":0,"tile":"16/59015/23900","vt_code":3101,"vt_lvorder":0},"type":"Feature"},{"geometry":{"coordinates":[[[144.18370261788368,43.721713843283716],[144.183758944273,43.721674105115724],[144.18376833200455,43.72165472063397],[144.1837602853775,43.721637274595025],[144.18358996510506,43.72155876735692],[144.18352290987968,43.72162855157365],[144.18370261788368,43.721713843283716]]],"type":"Polygon"},"properties":{"layer":"BldA","prefCode":"01","sourceId":0,"tile":"16/59015/23900","vt_code":3101,"vt_lvorder":0},"type":"Feature"},{"geometry":{"coordinates":[[[144.18295428156853,43.721502552234334],[144.1829851269722,43.721491890739614],[144.18301597237587,43.72143470632648],[144.18302804231644,43.721379460316186],[144.1828764975071,43.72134553730217],[144.1828067600727,43.72133390655008],[144.182767868042,43.721424044819685],[144.18276116251945,43.721462813926195],[144.18279200792313,43.72147444465325],[144.18284565210342,43.721480260015944],[144.18295428156853,43.721502552234334]]],"type":"Polygon"},"properties":{"layer":"BldA","prefCode":"01","sourceId":0,"tile":"16/59015/23900","vt_code":3101,"vt_lvorder":0},"type":"Feature"},{"geometry":{"coordinates":[[[144.18380454182625,43.72125442968373],[144.1838675737381,43.721081906367125],[144.1837602853775,43.72105864475834],[144.18369859457016,43.721233106604096],[144.18378308415413,43.72124958352993],[144.18380454182625,43.72125442968373]]],"type":"Polygon"},"properties":{"layer":"BldA","prefCode":"01","sourceId":0,"tile":"16/59015/23900","vt_code":3101,"vt_lvorder":0},"type":"Feature"},{"geometry":{"coordinates":[[[144.18453007936478,43.72123213737302],[144.1845703125,43.72120790659109],[144.18461322784424,43.72118173733561],[144.1845703125,43.72114975267449],[144.18444961309433,43.721052829354726],[144.18436512351036,43.721104198733734],[144.18453007936478,43.72123213737302]]],"type":"Polygon"},"properties":{"layer":"BldA","prefCode":"01","sourceId":0,"tile":"16/59015/23900","vt_code":3101,"vt_lvorder":0},"type":"Feature"},{"geometry":{"coordinates":[[[144.1846776008606,43.722843946978834],[144.1846776008606,43.72275478005198],[144.18463602662086,43.72274605719331],[144.1846038401127,43.72281874764339],[144.18461188673973,43.72282940890199],[144.1846776008606,43.722843946978834]]],"type":"Polygon"},"properties":{"layer":"BldA","prefCode":"01","sourceId":0,"tile":"16/59015/23900","vt_code":3101,"vt_lvorder":0},"type":"Feature"},{"geometry":{"coordinates":[[[144.1846776008606,43.721073183264885],[144.1846776008606,43.720950090464584],[144.18466687202454,43.72094039810736],[144.18458104133606,43.72098595217267],[144.1846776008606,43.721073183264885]]],"type":"Polygon"},"properties":{"layer":"BldA","prefCode":"01","sourceId":0,"tile":"16/59015/23900","vt_code":3101,"vt_lvorder":0},"type":"Feature"},{"geometry":{"coordinates":[[[144.18513894081116,43.724719329309934],[144.1851630806923,43.72470866838767],[144.18523147702217,43.72454487761623],[144.18523147702217,43.72450611050419],[144.18534010648727,43.72428126075964],[144.18535619974136,43.724235709199974],[144.18526366353035,43.724201787803246],[144.18516978621483,43.72417949658923],[144.1851469874382,43.72421341799858],[144.18506115674973,43.72440434671573],[144.18499141931534,43.72440434671573],[144.18484523892403,43.7243704254145],[144.1848063468933,43.72443826799776],[144.18474465608597,43.724596244001035],[144.1849149763584,43.7246301651744],[144.1849686205387,43.72453421666292],[144.18501555919647,43.72453421666292],[144.18511614203453,43.72455650774495],[144.18506115674973,43.72467474725875],[144.18504640460014,43.724691223238054],[144.18506115674973,43.724702853338364],[144.1851308941841,43.72471351426166],[144.18513894081116,43.724719329309934]]],"type":"Polygon"},"properties":{"layer":"BldA","prefCode":"01","sourceId":0,"tile":"16/59016/23899","vt_code":3101,"vt_lvorder":0},"type":"Feature"},{"geometry":{"coordinates":[[[144.18500751256943,43.72428610666821],[144.18508529663086,43.72427544566886],[144.18511614203453,43.72408451654086],[144.18500751256943,43.72407288632051],[144.18496057391167,43.72427544566886],[144.18500751256943,43.72428610666821]]],"type":"Polygon"},"properties":{"layer":"BldA","prefCode":"01","sourceId":0,"tile":"16/59016/23899","vt_code":3101,"vt_lvorder":0},"type":"Feature"},{"geometry":{"coordinates":[[[144.18516978621483,43.723583445833825],[144.18518587946892,43.72357278470941],[144.18520867824554,43.72347489611481],[144.18522477149963,43.7234148060072],[144.18511614203453,43.72339832967685],[144.1850946843624,43.72347489611481],[144.18506920337677,43.72356696954984],[144.18516978621483,43.723583445833825]]],"type":"Polygon"},"properties":{"layer":"BldA","prefCode":"01","sourceId":0,"tile":"16/59016/23899","vt_code":3101,"vt_lvorder":0},"type":"Feature"},{"geometry":{"coordinates":[[[144.18556541204453,43.72378600683709],[144.18561235070229,43.72378019169821],[144.18567404150963,43.72353304777445],[144.18566599488258,43.72349912597985],[144.185471534729,43.72347489611481],[144.18544068932533,43.72347101933549],[144.1854339838028,43.723460358191076],[144.1853253543377,43.72344872784955],[144.1853092610836,43.72346520416604],[144.1853065788746,43.72347489611481],[144.18529450893402,43.723527232611026],[144.18538704514503,43.72354467809961],[144.18544873595238,43.72354952406776],[144.18544873595238,43.72356115438971],[144.18550372123718,43.72356115438971],[144.1855426132679,43.72357278470941],[144.18551847338676,43.723719132706],[144.18550372123718,43.72377534574873],[144.18556541204453,43.72378600683709]]],"type":"Polygon"},"properties":{"layer":"BldA","prefCode":"01","sourceId":0,"tile":"16/59016/23899","vt_code":3101,"vt_lvorder":0},"type":"Feature"},{"geometry":{"coordinates":[[[144.18596103787422,43.723994382274086],[144.18599992990494,43.72398275203623],[144.18602272868156,43.72392653918813],[144.18593019247055,43.723898432744285],[144.1857746243477,43.72387032628727],[144.18575182557106,43.723910062998506],[144.18573573231697,43.72394979968339],[144.18596103787422,43.723994382274086]]],"type":"Polygon"},"properties":{"layer":"BldA","prefCode":"01","sourceId":0,"tile":"16/59016/23899","vt_code":3101,"vt_lvorder":0},"type":"Feature"},{"geometry":{"coordinates":[[[144.18618500232697,43.723757900327314],[144.18620109558105,43.72372979380436],[144.18622389435768,43.72358926099179],[144.18612331151962,43.72357278470941],[144.18610721826553,43.723639659003865],[144.18609246611595,43.72366776556911],[144.18607637286186,43.72374142409132],[144.18618500232697,43.723757900327314]]],"type":"Polygon"},"properties":{"layer":"BldA","prefCode":"01","sourceId":0,"tile":"16/59016/23899","vt_code":3101,"vt_lvorder":0},"type":"Feature"},{"geometry":{"coordinates":[[[144.18571963906288,43.72347683450437],[144.1857250034809,43.72347489611481],[144.1857585310936,43.72346520416604],[144.18577328324318,43.723397360480796],[144.18566197156906,43.723397360480796],[144.1856499016285,43.723460358191076],[144.18566599488258,43.72347101933549],[144.18570086359978,43.72347489611481],[144.18571963906288,43.72347683450437]]],"type":"Polygon"},"properties":{"layer":"BldA","prefCode":"01","sourceId":0,"tile":"16/59016/23899","vt_code":3101,"vt_lvorder":0},"type":"Feature"},{"geometry":{"coordinates":[[[144.1858671605587,43.72348264967269],[144.18591409921646,43.72347489611481],[144.18592885136604,43.723397360480796],[144.18581888079643,43.723397360480796],[144.1858135163784,43.72342062118154],[144.1858135163784,43.72347101933549],[144.185830950737,43.72347489611481],[144.1858671605587,43.72348264967269]]],"type":"Polygon"},"properties":{"layer":"BldA","prefCode":"01","sourceId":0,"tile":"16/59016/23899","vt_code":3101,"vt_lvorder":0},"type":"Feature"},{"geometry":{"coordinates":[[[144.18601468205452,43.723504941146004],[144.1860844194889,43.72349331081313],[144.18608710169792,43.72347489611481],[144.186103194952,43.723397360480796],[144.1859932243824,43.723397360480796],[144.18597847223282,43.72347489611481],[144.1859757900238,43.72349331081313],[144.18601468205452,43.723504941146004]]],"type":"Polygon"},"properties":{"layer":"BldA","prefCode":"01","sourceId":0,"tile":"16/59016/23899","vt_code":3101,"vt_lvorder":0},"type":"Feature"},{"geometry":{"coordinates":[[[144.18470978736877,43.722679181901334],[144.1847339272499,43.7226035836553],[144.1845703125,43.722567722915485],[144.1844630241394,43.722544461883594],[144.1844630241394,43.72262393703862],[144.1845703125,43.72264719803965],[144.1846588253975,43.72266658220029],[144.18468967080116,43.72267239744725],[144.18470978736877,43.722679181901334]]],"type":"Polygon"},"properties":{"layer":"BldA","prefCode":"01","sourceId":0,"tile":"16/59016/23900","vt_code":3101,"vt_lvorder":0},"type":"Feature"},{"geometry":{"coordinates":[[[144.18453007936478,43.72123213737302],[144.1845703125,43.72120790659109],[144.18461322784424,43.72118173733561],[144.1845703125,43.72114975267449],[144.1844630241394,43.72106446016137],[144.1844630241394,43.7211807681037],[144.18453007936478,43.72123213737302]]],"type":"Polygon"},"properties":{"layer":"BldA","prefCode":"01","sourceId":0,"tile":"16/59016/23900","vt_code":3101,"vt_lvorder":0},"type":"Feature"},{"geometry":{"coordinates":[[[144.18518990278244,43.72355243164846],[144.18520867824554,43.72347489611481],[144.18522477149963,43.7234148060072],[144.18511614203453,43.72339832967685],[144.1850946843624,43.72347489611481],[144.1850732266903,43.72355243164846],[144.18518990278244,43.72355243164846]]],"type":"Polygon"},"properties":{"layer":"BldA","prefCode":"01","sourceId":0,"tile":"16/59016/23900","vt_code":3101,"vt_lvorder":0},"type":"Feature"},{"geometry":{"coordinates":[[[144.1856686770916,43.72355243164846],[144.18567404150963,43.72353304777445],[144.18566599488258,43.72349912597985],[144.185471534729,43.72347489611481],[144.18544068932533,43.72347101933549],[144.1854339838028,43.723460358191076],[144.1853253543377,43.72344872784955],[144.1853092610836,43.72346520416604],[144.1853065788746,43.72347489611481],[144.18529450893402,43.723527232611026],[144.18538704514503,43.72354467809961],[144.18544873595238,43.72354952406776],[144.18544873595238,43.72355243164846],[144.1856686770916,43.72355243164846]]],"type":"Polygon"},"properties":{"layer":"BldA","prefCode":"01","sourceId":0,"tile":"16/59016/23900","vt_code":3101,"vt_lvorder":0},"type":"Feature"},{"geometry":{"coordinates":[[[144.18477818369865,43.72286623868981],[144.18479830026627,43.72277901020828],[144.18463602662086,43.72274605719331],[144.1846038401127,43.72281874764339],[144.18461188673973,43.72282940890199],[144.18474465608597,43.72285848505215],[144.18477818369865,43.72286623868981]]],"type":"Polygon"},"properties":{"layer":"BldA","prefCode":"01","sourceId":0,"tile":"16/59016/23900","vt_code":3101,"vt_lvorder":0},"type":"Feature"},{"geometry":{"coordinates":[[[144.18558821082115,43.72338088414564],[144.18560430407524,43.72336440780595],[144.18562710285187,43.72324035051459],[144.1855265200138,43.723229689329116],[144.18549567461014,43.72336440780595],[144.18558821082115,43.72338088414564]]],"type":"Polygon"},"properties":{"layer":"BldA","prefCode":"01","sourceId":0,"tile":"16/59016/23900","vt_code":3101,"vt_lvorder":0},"type":"Feature"},{"geometry":{"coordinates":[[[144.18571963906288,43.72347683450437],[144.1857250034809,43.72347489611481],[144.1857585310936,43.72346520416604],[144.18578937649727,43.72332467073278],[144.18568208813667,43.72330819437764],[144.1856499016285,43.723460358191076],[144.18566599488258,43.72347101933549],[144.18570086359978,43.72347489611481],[144.18571963906288,43.72347683450437]]],"type":"Polygon"},"properties":{"layer":"BldA","prefCode":"01","sourceId":0,"tile":"16/59016/23900","vt_code":3101,"vt_lvorder":0},"type":"Feature"},{"geometry":{"coordinates":[[[144.1858671605587,43.72348264967269],[144.18591409921646,43.72347489611481],[144.18594494462013,43.72331982474644],[144.18584436178207,43.72330237919238],[144.1858135163784,43.72342062118154],[144.1858135163784,43.72347101933549],[144.185830950737,43.72347489611481],[144.1858671605587,43.72348264967269]]],"type":"Polygon"},"properties":{"layer":"BldA","prefCode":"01","sourceId":0,"tile":"16/59016/23900","vt_code":3101,"vt_lvorder":0},"type":"Feature"},{"geometry":{"coordinates":[[[144.18601468205452,43.723504941146004],[144.1860844194889,43.72349331081313],[144.18608710169792,43.72347489611481],[144.18611526489258,43.72333630109839],[144.18601468205452,43.72331982474644],[144.1859918832779,43.72340414485278],[144.18597847223282,43.72347489611481],[144.1859757900238,43.72349331081313],[144.18601468205452,43.723504941146004]]],"type":"Polygon"},"properties":{"layer":"BldA","prefCode":"01","sourceId":0,"tile":"16/59016/23900","vt_code":3101,"vt_lvorder":0},"type":"Feature"},{"geometry":{"coordinates":[[[144.18614611029625,43.72161013630213],[144.18617695569992,43.721592690250205],[144.18623194098473,43.721441490920725],[144.18613135814667,43.721424044819685],[144.18606966733932,43.72155392122774],[144.18606162071228,43.721592690250205],[144.18614611029625,43.72161013630213]]],"type":"Polygon"},"properties":{"layer":"BldA","prefCode":"01","sourceId":0,"tile":"16/59016/23900","vt_code":3101,"vt_lvorder":0},"type":"Feature"},{"geometry":{"coordinates":[[[144.1847151517868,43.72110710643311],[144.18479964137077,43.72105476782266],[144.18466687202454,43.72094039810736],[144.18458104133606,43.72098595217267],[144.1847151517868,43.72110710643311]]],"type":"Polygon"},"properties":{"layer":"BldA","prefCode":"01","sourceId":0,"tile":"16/59016/23900","vt_code":3101,"vt_lvorder":0},"type":"Feature"},{"geometry":{"coordinates":[[[144.18650284409523,43.721154598836364],[144.1865336894989,43.72114296804722],[144.18651893734932,43.72111486029744],[144.18654173612595,43.72108093713361],[144.18645590543747,43.72105864475834],[144.18630838394165,43.721036352374774],[144.18628558516502,43.72110904489929],[144.18650284409523,43.721154598836364]]],"type":"Polygon"},"properties":{"layer":"BldA","prefCode":"01","sourceId":0,"tile":"16/59016/23900","vt_code":3101,"vt_lvorder":0},"type":"Feature"},{"geometry":{"coordinates":[[[144.18792307376862,43.72219166845925],[144.18792843818665,43.72212188489844],[144.1879579424858,43.722007517220234],[144.18765753507614,43.721963902370184],[144.18764144182205,43.72203756298734],[144.18781980872154,43.72206567030423],[144.1878117620945,43.72216646884945],[144.1878667473793,43.7221780994399],[144.18787345290184,43.722182945518604],[144.18792307376862,43.72219166845925]]],"type":"Polygon"},"properties":{"layer":"BldA","prefCode":"01","sourceId":0,"tile":"16/59016/23900","vt_code":3101,"vt_lvorder":0},"type":"Feature"},{"geometry":{"coordinates":[[[144.18779969215393,43.72184759594817],[144.18793514370918,43.72161401320187],[144.187720566988,43.721542290516105],[144.18758243322372,43.72178362731981],[144.18779969215393,43.72184759594817]]],"type":"Polygon"},"properties":{"layer":"BldA","prefCode":"01","sourceId":0,"tile":"16/59016/23900","vt_code":3111,"vt_lvorder":0},"type":"Feature"},{"geometry":{"coordinates":[[[144.1883361339569,43.722265328796375],[144.18843269348145,43.72203271689689],[144.18819800019264,43.721974563780904],[144.18810948729515,43.72222365256413],[144.1883361339569,43.722265328796375]]],"type":"Polygon"},"properties":{"layer":"BldA","prefCode":"01","sourceId":0,"tile":"16/59016/23900","vt_code":3111,"vt_lvorder":0},"type":"Feature"},{"geometry":{"coordinates":[[[144.1885332763195,43.72198619440862],[144.18854802846909,43.72198134831401],[144.18857216835022,43.72176230442852],[144.18847024440765,43.72175067375734],[144.18844744563103,43.72197553299997],[144.18852522969246,43.72198134831401],[144.1885332763195,43.72198619440862]]],"type":"Polygon"},"properties":{"layer":"BldA","prefCode":"01","sourceId":0,"tile":"16/59016/23900","vt_code":3101,"vt_lvorder":0},"type":"Feature"},{"geometry":{"coordinates":[[[144.1819779574871,43.73254199637555],[144.18200880289078,43.73252455350728],[144.18209463357925,43.73230554817329],[144.1819390654564,43.73226581703129],[144.18191626667976,43.73231136248453],[144.18184652924538,43.732513893974165],[144.1819779574871,43.73254199637555]]],"type":"Polygon"},"properties":{"layer":"BldA","prefCode":"01","sourceId":0,"tile":"16/59015/23897","vt_code":3101,"vt_lvorder":0},"type":"Feature"},{"geometry":{"coordinates":[[[144.18205574154854,43.73216503547972],[144.18207049369812,43.73215340682823],[144.1821013391018,43.73197413149886],[144.18200075626373,43.73196250281031],[144.18196186423302,43.73215340682823],[144.18205574154854,43.73216503547972]]],"type":"Polygon"},"properties":{"layer":"BldA","prefCode":"01","sourceId":0,"tile":"16/59015/23897","vt_code":3101,"vt_lvorder":0},"type":"Feature"},{"geometry":{"coordinates":[[[144.18232664465904,43.73208072770534],[144.18234139680862,43.73206909903748],[144.18236553668976,43.73199641981226],[144.18238028883934,43.73190629745051],[144.1823735833168,43.73188982345574],[144.18227165937424,43.73187819475082],[144.18225690722466,43.731917926149976],[144.18224081397057,43.73203615113298],[144.18224081397057,43.73206909903748],[144.18232664465904,43.73208072770534]]],"type":"Polygon"},"properties":{"layer":"BldA","prefCode":"01","sourceId":0,"tile":"16/59015/23897","vt_code":3101,"vt_lvorder":0},"type":"Feature"},{"geometry":{"coordinates":[[[144.18251305818558,43.73170957827578],[144.18254256248474,43.731693104226906],[144.18255865573883,43.73163592955152],[144.18248891830444,43.73161945548239],[144.18227165937424,43.73157972388524],[144.18224081397057,43.731647558303486],[144.18240308761597,43.73168147548379],[144.1824272274971,43.73168147548379],[144.18241918087006,43.731687289855635],[144.18248891830444,43.73169794953587],[144.18251305818558,43.73170957827578]]],"type":"Polygon"},"properties":{"layer":"BldA","prefCode":"01","sourceId":0,"tile":"16/59015/23897","vt_code":3101,"vt_lvorder":0},"type":"Feature"},{"geometry":{"coordinates":[[[144.18224081397057,43.73116980855144],[144.18229579925537,43.731158179706725],[144.18232664465904,43.73098956120455],[144.18222606182098,43.730977932324826],[144.18218716979027,43.731130076655994],[144.1821952164173,43.73116399412936],[144.18224081397057,43.73116980855144]]],"type":"Polygon"},"properties":{"layer":"BldA","prefCode":"01","sourceId":0,"tile":"16/59015/23898","vt_code":3101,"vt_lvorder":0},"type":"Feature"},{"geometry":{"coordinates":[[[144.1820476949215,43.73094982918953],[144.18207049369812,43.73093916937613],[144.18207854032516,43.73087133415554],[144.18184652924538,43.73085485987608],[144.18182238936424,43.73088296305595],[144.18182238936424,43.73093335493166],[144.1820476949215,43.73094982918953]]],"type":"Polygon"},"properties":{"layer":"BldA","prefCode":"01","sourceId":0,"tile":"16/59015/23898","vt_code":3101,"vt_lvorder":0},"type":"Feature"},{"geometry":{"coordinates":[[[144.18206244707108,43.7306300339624],[144.1820865869522,43.73062421948791],[144.1821402311325,43.730449784991016],[144.1821402311325,43.730427496102024],[144.18203964829445,43.730410052617906],[144.1819779574871,43.73061840501287],[144.18206244707108,43.7306300339624]]],"type":"Polygon"},"properties":{"layer":"BldA","prefCode":"01","sourceId":0,"tile":"16/59015/23898","vt_code":3101,"vt_lvorder":0},"type":"Feature"},{"geometry":{"coordinates":[[[144.1823735833168,43.73087133415554],[144.18238833546638,43.73085485987608],[144.1824272274971,43.73068624051994],[144.18232664465904,43.73067461158132],[144.18227165937424,43.73085485987608],[144.18231055140495,43.73086551970448],[144.1823735833168,43.73087133415554]]],"type":"Polygon"},"properties":{"layer":"BldA","prefCode":"01","sourceId":0,"tile":"16/59015/23898","vt_code":3101,"vt_lvorder":0},"type":"Feature"},{"geometry":{"coordinates":[[[144.18243527412415,43.730601930663845],[144.18245807290077,43.73059030170886],[144.1824969649315,43.73043912508862],[144.18239638209343,43.73041586711317],[144.18234944343567,43.73058448723052],[144.18243527412415,43.730601930663845]]],"type":"Polygon"},"properties":{"layer":"BldA","prefCode":"01","sourceId":0,"tile":"16/59015/23898","vt_code":3101,"vt_lvorder":0},"type":"Feature"},{"geometry":{"coordinates":[[[144.18240308761597,43.72936440337306],[144.18243527412415,43.72933629948064],[144.18251305818558,43.729167675849226],[144.18247416615486,43.72914538648311],[144.18241918087006,43.72912794262559],[144.18238833546638,43.729178335977906],[144.182318598032,43.72932563938007],[144.18238028883934,43.72935858877571],[144.18240308761597,43.72936440337306]]],"type":"Polygon"},"properties":{"layer":"BldA","prefCode":"01","sourceId":0,"tile":"16/59015/23898","vt_code":3101,"vt_lvorder":0},"type":"Feature"},{"geometry":{"coordinates":[[[144.18186128139496,43.728694751867444],[144.18189212679863,43.72868409165269],[144.18191626667976,43.72865017277494],[144.18196186423302,43.728543570462676],[144.18196186423302,43.728520311751154],[144.18187737464905,43.72849802214413],[144.18178349733353,43.72867246232534],[144.18186128139496,43.728694751867444]]],"type":"Polygon"},"properties":{"layer":"BldA","prefCode":"01","sourceId":0,"tile":"16/59015/23898","vt_code":3101,"vt_lvorder":0},"type":"Feature"},{"geometry":{"coordinates":[[[144.1825895011425,43.72910565324469],[144.18262034654617,43.72903297042327],[144.18248891830444,43.72899905174308],[144.18245807290077,43.728987422476884],[144.1824272274971,43.729049445203856],[144.18243527412415,43.729061074458],[144.18247416615486,43.72907754923086],[144.1825895011425,43.72910565324469]]],"type":"Polygon"},"properties":{"layer":"BldA","prefCode":"01","sourceId":0,"tile":"16/59015/23898","vt_code":3101,"vt_lvorder":0},"type":"Feature"},{"geometry":{"coordinates":[[[141.70033916831017,44.06951297545091],[141.70051887631416,44.0695014125032],[141.70051887631416,44.06942818044855],[141.70049607753754,44.06941758106471],[141.70032307505608,44.06942818044855],[141.70032307505608,44.0694956310285],[141.70033916831017,44.06951297545091]]],"type":"Polygon"},"properties":{"layer":"BldA","prefCode":"01","sourceId":0,"tile":"16/58563/23812","vt_code":3101,"vt_lvorder":0},"type":"Feature"},{"geometry":{"coordinates":[[[141.70114248991013,44.06918053980302],[141.70116528868675,44.06916415886775],[141.7012122273445,44.06905720088486],[141.7011035978794,44.06902925687551],[141.7010486125946,44.0691525958519],[141.70114248991013,44.06918053980302]]],"type":"Polygon"},"properties":{"layer":"BldA","prefCode":"01","sourceId":0,"tile":"16/58563/23812","vt_code":3101,"vt_lvorder":0},"type":"Feature"},{"geometry":{"coordinates":[[[141.7009225487709,44.06889435457579],[141.70115992426872,44.06887797356132],[141.7011398077011,44.068728617043796],[141.7009037733078,44.068744998099596],[141.7009225487709,44.06889435457579]]],"type":"Polygon"},"properties":{"layer":"BldA","prefCode":"01","sourceId":0,"tile":"16/58563/23812","vt_code":3101,"vt_lvorder":0},"type":"Feature"},{"geometry":{"coordinates":[[[141.6990852355957,44.067818979535204],[141.69918581843376,44.067807416256564],[141.69918581843376,44.06777658083579],[141.6990691423416,44.06777658083579],[141.6990852355957,44.067818979535204]]],"type":"Polygon"},"properties":{"layer":"BldA","prefCode":"01","sourceId":0,"tile":"16/58563/23812","vt_code":3101,"vt_lvorder":0},"type":"Feature"},{"geometry":{"coordinates":[[[141.6990852355957,44.067818979535204],[141.69918581843376,44.067807416256564],[141.69918581843376,44.06770623747202],[141.69916301965714,44.06769563777982],[141.6990691423416,44.06770623747202],[141.6990691423416,44.06777369001426],[141.6990852355957,44.067818979535204]]],"type":"Polygon"},"properties":{"layer":"BldA","prefCode":"01","sourceId":0,"tile":"16/58563/23813","vt_code":3101,"vt_lvorder":0},"type":"Feature"},{"geometry":{"coordinates":[[[141.69925555586815,44.06754916911147],[141.69940441846848,44.067526042446495],[141.69942051172256,44.067509661053336],[141.69939637184143,44.067447989885494],[141.6993883252144,44.06743642653437],[141.6993735730648,44.06744220821021],[141.69923275709152,44.06747015296883],[141.69923275709152,44.067521224390156],[141.69925555586815,44.06754916911147]]],"type":"Polygon"},"properties":{"layer":"BldA","prefCode":"01","sourceId":0,"tile":"16/58563/23813","vt_code":3101,"vt_lvorder":0},"type":"Feature"},{"geometry":{"coordinates":[[[141.70013666152954,44.067301520604346],[141.70028552412987,44.0672899572246],[141.7003083229065,44.067273575766116],[141.7003083229065,44.06720034095505],[141.7001286149025,44.06720612265395],[141.70010581612587,44.06722250413111],[141.70011386275291,44.06727839384261],[141.70013666152954,44.067301520604346]]],"type":"Polygon"},"properties":{"layer":"BldA","prefCode":"01","sourceId":0,"tile":"16/58563/23813","vt_code":3101,"vt_lvorder":0},"type":"Feature"},{"geometry":{"coordinates":[[[141.70057386159897,44.06736319192479],[141.70060470700264,44.067351628557105],[141.70061945915222,44.06732368374252],[141.70061275362968,44.067262012380915],[141.7005416750908,44.06723984921964],[141.7004558444023,44.06724466729888],[141.70044913887978,44.06727839384261],[141.7004330456257,44.067307302293365],[141.70049607753754,44.06733524711567],[141.70057386159897,44.06736319192479]]],"type":"Polygon"},"properties":{"layer":"BldA","prefCode":"01","sourceId":0,"tile":"16/58563/23813","vt_code":3101,"vt_lvorder":0},"type":"Feature"},{"geometry":{"coordinates":[[[141.7004330456257,44.06688523751066],[141.70046389102936,44.0668736740496],[141.7004880309105,44.066788875266155],[141.7004558444023,44.066772493668985],[141.70041024684906,44.06676671192772],[141.70038610696793,44.06676671192772],[141.7003619670868,44.066800438743776],[141.70035526156425,44.066867892318236],[141.7004330456257,44.06688523751066]]],"type":"Polygon"},"properties":{"layer":"BldA","prefCode":"01","sourceId":0,"tile":"16/58563/23813","vt_code":3101,"vt_lvorder":0},"type":"Feature"},{"geometry":{"coordinates":[[[141.70905902981758,44.07590886645792],[141.7091864347458,44.07586551007826],[141.70914620161057,44.07580192066398],[141.70901879668236,44.075845277090224],[141.70905902981758,44.07590886645792]]],"type":"Polygon"},"properties":{"layer":"BldA","prefCode":"01","sourceId":0,"tile":"16/58565/23810","vt_code":3101,"vt_lvorder":0},"type":"Feature"},{"geometry":{"coordinates":[[[141.70921057462692,44.07636651519471],[141.70931920409203,44.07634339197501],[141.70926421880722,44.076220067984025],[141.70915558934212,44.076248008598256],[141.70921057462692,44.07636651519471]]],"type":"Polygon"},"properties":{"layer":"BldA","prefCode":"01","sourceId":0,"tile":"16/58565/23810","vt_code":3101,"vt_lvorder":0},"type":"Feature"},{"geometry":{"coordinates":[[[141.70920252799988,44.07615262506775],[141.70935809612274,44.07611312275252],[141.7093500494957,44.07604567971434],[141.70924812555313,44.076051460549195],[141.70916229486465,44.07607362041091],[141.70920252799988,44.07615262506775]]],"type":"Polygon"},"properties":{"layer":"BldA","prefCode":"01","sourceId":0,"tile":"16/58565/23810","vt_code":3101,"vt_lvorder":0},"type":"Feature"},{"geometry":{"coordinates":[[[141.71054631471634,44.07792442130867],[141.71064421534538,44.077908042793545],[141.71061605215073,44.0778194060448],[141.71051815152168,44.07783482114108],[141.71054631471634,44.07792442130867]]],"type":"Polygon"},"properties":{"layer":"BldA","prefCode":"01","sourceId":0,"tile":"16/58565/23810","vt_code":3101,"vt_lvorder":0},"type":"Feature"},{"geometry":{"coordinates":[[[141.7104497551918,44.07777894139798],[141.71056643128395,44.077767380065225],[141.71058923006058,44.077751001506634],[141.7105583846569,44.07767777965984],[141.71044170856476,44.07770571958576],[141.7104497551918,44.07777894139798]]],"type":"Polygon"},"properties":{"layer":"BldA","prefCode":"01","sourceId":0,"tile":"16/58565/23810","vt_code":3101,"vt_lvorder":0},"type":"Feature"},{"geometry":{"coordinates":[[[141.71047255396843,44.07761515564003],[141.7106133699417,44.07759299635561],[141.7106133699417,44.07753133569442],[141.71059727668762,44.07751399362188],[141.71045646071434,44.07753711638413],[141.71045646071434,44.077598777039306],[141.71047255396843,44.07761515564003]]],"type":"Polygon"},"properties":{"layer":"BldA","prefCode":"01","sourceId":0,"tile":"16/58565/23810","vt_code":3101,"vt_lvorder":0},"type":"Feature"},{"geometry":{"coordinates":[[[141.70915961265564,44.07582408061914],[141.70914620161057,44.07580192066398],[141.7090804874897,44.07582408061914],[141.70915961265564,44.07582408061914]]],"type":"Polygon"},"properties":{"layer":"BldA","prefCode":"01","sourceId":0,"tile":"16/58565/23811","vt_code":3101,"vt_lvorder":0},"type":"Feature"},{"geometry":{"coordinates":[[[142.25318402051926,44.26802019488357],[142.25323095917702,44.267998107027346],[142.25328594446182,44.267952970947526],[142.25331008434296,44.26791935895067],[142.2532618045807,44.26787998487278],[142.25323095917702,44.2678626986839],[142.2531209886074,44.2679587330022],[142.25311428308487,44.26798082087321],[142.25318402051926,44.26802019488357]]],"type":"Polygon"},"properties":{"layer":"BldA","prefCode":"01","sourceId":0,"tile":"16/58664/23762","vt_code":3101,"vt_lvorder":0},"type":"Feature"},{"geometry":{"coordinates":[[[142.25321620702744,44.267705202062224],[142.25334897637367,44.26761492941807],[142.25333288311958,44.26758707931903],[142.25328594446182,44.26756499130005],[142.25328594446182,44.26755346711295],[142.25325509905815,44.26756499130005],[142.2531370818615,44.26764950193647],[142.25321620702744,44.267705202062224]]],"type":"Polygon"},"properties":{"layer":"BldA","prefCode":"01","sourceId":0,"tile":"16/58664/23762","vt_code":3101,"vt_lvorder":0},"type":"Feature"},{"geometry":{"coordinates":[[[142.2536614537239,44.267643739851486],[142.25370839238167,44.26762069150588],[142.2537875175476,44.26755346711295],[142.25370839238167,44.267492004743545],[142.25369229912758,44.26749680649346],[142.25359171628952,44.26758707931903],[142.25358366966248,44.26759860349954],[142.2536614537239,44.267643739851486]]],"type":"Polygon"},"properties":{"layer":"BldA","prefCode":"01","sourceId":0,"tile":"16/58664/23762","vt_code":3101,"vt_lvorder":0},"type":"Feature"},{"geometry":{"coordinates":[[[142.2518067061901,44.2656346584536],[142.25191667675972,44.265606807416304],[142.2518925368786,44.265561669500244],[142.25186169147491,44.26544354244951],[142.25181475281715,44.265353266332006],[142.2517128288746,44.26537631556668],[142.25177586078644,44.26553958072019],[142.25178256630898,44.26559528284528],[142.2518067061901,44.2656346584536]]],"type":"Polygon"},"properties":{"layer":"BldA","prefCode":"01","sourceId":0,"tile":"16/58664/23762","vt_code":3101,"vt_lvorder":0},"type":"Feature"},{"geometry":{"coordinates":[[[142.25213527679443,44.265505006960815],[142.25222915410995,44.265455067050276],[142.25217416882515,44.265392642102434],[142.2521272301674,44.265353266332006],[142.2520413994789,44.265404166713175],[142.25212052464485,44.26548291815946],[142.25213527679443,44.265505006960815]]],"type":"Polygon"},"properties":{"layer":"BldA","prefCode":"01","sourceId":0,"tile":"16/58664/23762","vt_code":3101,"vt_lvorder":0},"type":"Feature"},{"geometry":{"coordinates":[[[142.25293457508087,44.265500205048184],[142.25307539105415,44.265427215927886],[142.2529962658882,44.265364790950464],[142.25286349654198,44.26544354244951],[142.25293457508087,44.265500205048184]]],"type":"Polygon"},"properties":{"layer":"BldA","prefCode":"01","sourceId":0,"tile":"16/58664/23762","vt_code":3101,"vt_lvorder":0},"type":"Feature"},{"geometry":{"coordinates":[[[142.2526676952839,44.265370553258855],[142.25271463394165,44.26535902864152],[142.2527776658535,44.26531389053521],[142.25280851125717,44.26530332629255],[142.25280851125717,44.26528027702926],[142.25274682044983,44.2652303369278],[142.25268378853798,44.26526875239423],[142.25261270999908,44.265319652848575],[142.25262075662613,44.265331177473634],[142.2526516020298,44.265353266332006],[142.2526676952839,44.265370553258855]]],"type":"Polygon"},"properties":{"layer":"BldA","prefCode":"01","sourceId":0,"tile":"16/58664/23762","vt_code":3101,"vt_lvorder":0},"type":"Feature"},{"geometry":{"coordinates":[[[142.25327119231224,44.265455067050276],[142.25343480706215,44.2654099290177],[142.25341871380806,44.265370553258855],[142.25339591503143,44.265347504021925],[142.2533878684044,44.265331177473634],[142.25322425365448,44.26538784018062],[142.2532470524311,44.26543201784648],[142.25327119231224,44.265455067050276]]],"type":"Polygon"},"properties":{"layer":"BldA","prefCode":"01","sourceId":0,"tile":"16/58664/23762","vt_code":3101,"vt_lvorder":0},"type":"Feature"},{"geometry":{"coordinates":[[[142.25352063775063,44.265297563977576],[142.25358366966248,44.26528603934593],[142.25363060832024,44.26526875239423],[142.25357562303543,44.26516791174131],[142.2535675764084,44.26514582281329],[142.25353673100471,44.26514582281329],[142.25345894694328,44.265173674069],[142.25352063775063,44.265297563977576]]],"type":"Polygon"},"properties":{"layer":"BldA","prefCode":"01","sourceId":0,"tile":"16/58664/23762","vt_code":3101,"vt_lvorder":0},"type":"Feature"},{"geometry":{"coordinates":[[[142.25397527217865,44.26807109295543],[142.25409999489784,44.267970257109845],[142.2540222108364,44.267925121008645],[142.25399002432823,44.26793088306605],[142.25388139486313,44.26802019488357],[142.25397527217865,44.26807109295543]]],"type":"Polygon"},"properties":{"layer":"BldA","prefCode":"01","sourceId":0,"tile":"16/58664/23762","vt_code":3101,"vt_lvorder":0},"type":"Feature"},{"geometry":{"coordinates":[[[142.25438967347145,44.26616382565509],[142.25449159741402,44.26615230119328],[142.25448355078697,44.26603417532943],[142.25435882806778,44.2660284130861],[142.25436687469482,44.26605146205604],[142.25438967347145,44.26616382565509]]],"type":"Polygon"},"properties":{"layer":"BldA","prefCode":"01","sourceId":0,"tile":"16/58664/23762","vt_code":3101,"vt_lvorder":0},"type":"Feature"},{"geometry":{"coordinates":[[[142.25435882806778,44.265848822885744],[142.25447550415993,44.265843060624235],[142.2544687986374,44.2657134095911],[142.25435078144073,44.265719171865314],[142.25435882806778,44.2657979228896],[142.25435882806778,44.265848822885744]]],"type":"Polygon"},"properties":{"layer":"BldA","prefCode":"01","sourceId":0,"tile":"16/58664/23762","vt_code":3101,"vt_lvorder":0},"type":"Feature"},{"geometry":{"coordinates":[[[142.37356826663017,44.38699243912163],[142.37359911203384,44.386975187999575],[142.37362325191498,44.38695314489177],[142.37363800406456,44.38694739451446],[142.37365409731865,44.386930143379125],[142.37351328134537,44.3868573051961],[142.37344220280647,44.38692535139619],[142.37356826663017,44.38699243912163]]],"type":"Polygon"},"properties":{"layer":"BldA","prefCode":"01","sourceId":0,"tile":"16/58686/23731","vt_code":3101,"vt_lvorder":0},"type":"Feature"},{"geometry":{"coordinates":[[[142.37261071801186,44.38672792135805],[142.37263351678848,44.386691502152054],[142.37268447875977,44.386614830065376],[142.37255975604057,44.386614830065376],[142.3725101351738,44.386691502152054],[142.3725087940693,44.38669437735335],[142.37261071801186,44.38672792135805]]],"type":"Polygon"},"properties":{"layer":"BldA","prefCode":"01","sourceId":0,"tile":"16/58686/23731","vt_code":3101,"vt_lvorder":0},"type":"Feature"},{"geometry":{"coordinates":[[[142.37302646040916,44.38673942215524],[142.37305864691734,44.38672217095861],[142.3730707168579,44.386691502152054],[142.37308144569397,44.38666562533403],[142.37294867634773,44.386621538876966],[142.37291648983955,44.38666562533403],[142.37289369106293,44.386688626950615],[142.37290039658546,44.386691502152054],[142.37302646040916,44.38673942215524]]],"type":"Polygon"},"properties":{"layer":"BldA","prefCode":"01","sourceId":0,"tile":"16/58686/23731","vt_code":3101,"vt_lvorder":0},"type":"Feature"},{"geometry":{"coordinates":[[[142.37261071801186,44.38672792135805],[142.37263351678848,44.386691502152054],[142.37272068858147,44.38655924273972],[142.3726187646389,44.38652474023519],[142.3725101351738,44.386691502152054],[142.3725087940693,44.38669437735335],[142.37261071801186,44.38672792135805]]],"type":"Polygon"},"properties":{"layer":"BldA","prefCode":"01","sourceId":0,"tile":"16/58686/23732","vt_code":3101,"vt_lvorder":0},"type":"Feature"},{"geometry":{"coordinates":[[[142.60214880108833,44.734091407988146],[142.60233789682388,44.73403996243938],[142.6021434366703,44.73367793691311],[142.60195568203926,44.733729382783935],[142.60214880108833,44.734091407988146]]],"type":"Polygon"},"properties":{"layer":"BldA","prefCode":"01","sourceId":0,"tile":"16/58727/23643","vt_code":3111,"vt_lvorder":0},"type":"Feature"},{"geometry":{"coordinates":[[[142.60257795453072,44.73252896720679],[142.60259941220284,44.73243845867296],[142.6025390625,44.73243560050643],[142.60226145386696,44.732422262394074],[142.60224536061287,44.73250038557983],[142.60234728455544,44.732506101906345],[142.6025390625,44.732525156324016],[142.60257795453072,44.73252896720679]]],"type":"Polygon"},"properties":{"layer":"BldA","prefCode":"01","sourceId":0,"tile":"16/58727/23643","vt_code":3101,"vt_lvorder":0},"type":"Feature"},{"geometry":{"coordinates":[[[142.60368704795837,44.735267974250085],[142.60379031300545,44.7352460627085],[142.60379031300545,44.735211766365865],[142.60370314121246,44.73507172275567],[142.60363206267357,44.73508220222123],[142.60359317064285,44.73509935043351],[142.60368704795837,44.735267974250085]]],"type":"Polygon"},"properties":{"layer":"BldA","prefCode":"01","sourceId":0,"tile":"16/58728/23642","vt_code":3101,"vt_lvorder":0},"type":"Feature"},{"geometry":{"coordinates":[[[142.60395526885986,44.735325134754284],[142.60404244065285,44.735290838458546],[142.60394051671028,44.73512221470864],[142.60386809706688,44.73513936290905],[142.60382920503616,44.73515555842701],[142.60393247008324,44.73531941870642],[142.60395526885986,44.735325134754284]]],"type":"Polygon"},"properties":{"layer":"BldA","prefCode":"01","sourceId":0,"tile":"16/58728/23642","vt_code":3101,"vt_lvorder":0},"type":"Feature"},{"geometry":{"coordinates":[[[142.60257795453072,44.73252896720679],[142.60259941220284,44.73243845867296],[142.6025390625,44.732436553228624],[142.6024317741394,44.7324317896175],[142.6024317741394,44.73251467639508],[142.6025390625,44.732525156324016],[142.60257795453072,44.73252896720679]]],"type":"Polygon"},"properties":{"layer":"BldA","prefCode":"01","sourceId":0,"tile":"16/58728/23643","vt_code":3101,"vt_lvorder":0},"type":"Feature"},{"geometry":{"coordinates":[[[142.60372325778008,44.7351041138249],[142.60370314121246,44.73507172275567],[142.60363206267357,44.73508220222123],[142.60359317064285,44.73509935043351],[142.60359585285187,44.7351041138249],[142.60372325778008,44.7351041138249]]],"type":"Polygon"},"properties":{"layer":"BldA","prefCode":"01","sourceId":0,"tile":"16/58728/23643","vt_code":3101,"vt_lvorder":0},"type":"Feature"},{"geometry":{"coordinates":[[[142.60305672883987,44.73476114864137],[142.6032793521881,44.734646826461514],[142.6031868159771,44.73455536855491],[142.60296419262886,44.73466969091556],[142.60305672883987,44.73476114864137]]],"type":"Polygon"},"properties":{"layer":"BldA","prefCode":"01","sourceId":0,"tile":"16/58728/23643","vt_code":3101,"vt_lvorder":0},"type":"Feature"},{"geometry":{"coordinates":[[[142.60343492031097,44.73473447348629],[142.60357707738876,44.73469446073059],[142.60356098413467,44.734649684518764],[142.603530138731,44.7346211039399],[142.60339602828026,44.73466111674635],[142.60343492031097,44.73473447348629]]],"type":"Polygon"},"properties":{"layer":"BldA","prefCode":"01","sourceId":0,"tile":"16/58728/23643","vt_code":3101,"vt_lvorder":0},"type":"Feature"},{"geometry":{"coordinates":[[[142.6035851240158,44.734919293950945],[142.60388419032097,44.7348297418408],[142.60388419032097,44.73480687745003],[142.6038372516632,44.73475066911762],[142.60356903076172,44.73483545793708],[142.6035462319851,44.73484689012795],[142.60356098413467,44.7348745179132],[142.60356903076172,44.73491453054432],[142.6035851240158,44.734919293950945]]],"type":"Polygon"},"properties":{"layer":"BldA","prefCode":"01","sourceId":0,"tile":"16/58728/23643","vt_code":3101,"vt_lvorder":0},"type":"Feature"},{"geometry":{"coordinates":[[[142.6028260588646,44.73394755087572],[142.60294944047928,44.73392849692671],[142.60290920734406,44.73379607180763],[142.60278582572937,44.73381512580028],[142.6028260588646,44.73394755087572]]],"type":"Polygon"},"properties":{"layer":"BldA","prefCode":"01","sourceId":0,"tile":"16/58728/23643","vt_code":3101,"vt_lvorder":0},"type":"Feature"},{"geometry":{"coordinates":[[[142.6043763756752,44.73483736330238],[142.60464325547218,44.734797350617875],[142.60461911559105,44.7347173251658],[142.604341506958,44.73475924327356],[142.60434955358505,44.73478687110069],[142.6043602824211,44.73478496573373],[142.6043763756752,44.73483736330238]]],"type":"Polygon"},"properties":{"layer":"BldA","prefCode":"01","sourceId":0,"tile":"16/58728/23643","vt_code":3101,"vt_lvorder":0},"type":"Feature"},{"geometry":{"coordinates":[[[142.60464191436768,44.73478877646759],[142.60488331317902,44.73477924963246],[142.60487660765648,44.734699224155335],[142.60463520884514,44.73470875100365],[142.60464191436768,44.73478877646759]]],"type":"Polygon"},"properties":{"layer":"BldA","prefCode":"01","sourceId":0,"tile":"16/58728/23643","vt_code":3101,"vt_lvorder":0},"type":"Feature"},{"geometry":{"coordinates":[[[142.60341882705688,44.73302914339204],[142.60355964303017,44.73300151472515],[142.60350063443184,44.73284336417106],[142.60335847735405,44.7328709929135],[142.60341882705688,44.73302914339204]]],"type":"Polygon"},"properties":{"layer":"BldA","prefCode":"01","sourceId":0,"tile":"16/58728/23643","vt_code":3111,"vt_lvorder":0},"type":"Feature"},{"geometry":{"coordinates":[[[142.60336384177208,44.73241654605926],[142.60337993502617,44.73233175369325],[142.60321497917175,44.73230412469321],[142.6031881570816,44.732385106207715],[142.60336384177208,44.73241654605926]]],"type":"Polygon"},"properties":{"layer":"BldA","prefCode":"01","sourceId":0,"tile":"16/58728/23643","vt_code":3101,"vt_lvorder":0},"type":"Feature"},{"geometry":{"coordinates":[[[142.6036038994789,44.73249371653151],[142.6036374270916,44.73240606611065],[142.60342821478844,44.73236605174392],[142.60339468717575,44.73245274950351],[142.6036038994789,44.73249371653151]]],"type":"Polygon"},"properties":{"layer":"BldA","prefCode":"01","sourceId":0,"tile":"16/58728/23643","vt_code":3101,"vt_lvorder":0},"type":"Feature"},{"geometry":{"coordinates":[[[142.381734251976,44.75883045942364],[142.38175436854362,44.75875237181368],[142.38162830471992,44.75873618290572],[142.3816081881523,44.75881331825001],[142.381734251976,44.75883045942364]]],"type":"Polygon"},"properties":{"layer":"BldA","prefCode":"01","sourceId":0,"tile":"16/58687/23636","vt_code":3101,"vt_lvorder":0},"type":"Feature"},{"geometry":{"coordinates":[[[142.38193944096565,44.759162806729584],[142.38213524222374,44.758436211143476],[142.38213658332825,44.758431449674376],[142.38200917840004,44.75841335608822],[142.3820024728775,44.758436211143476],[142.38181069493294,44.759145665654536],[142.38193944096565,44.759162806729584]]],"type":"Polygon"},"properties":{"layer":"BldA","prefCode":"01","sourceId":0,"tile":"16/58687/23636","vt_code":3101,"vt_lvorder":0},"type":"Feature"},{"geometry":{"coordinates":[[[142.38228008151054,44.75839621479085],[142.3822894692421,44.758360027590804],[142.38213121891022,44.758360027590804],[142.3821271955967,44.75837526430937],[142.38228008151054,44.75839621479085]]],"type":"Polygon"},"properties":{"layer":"BldA","prefCode":"01","sourceId":0,"tile":"16/58687/23636","vt_code":3111,"vt_lvorder":0},"type":"Feature"},{"geometry":{"coordinates":[[[142.38211378455162,44.758512394595705],[142.38213658332825,44.758431449674376],[142.38200917840004,44.75841335608822],[142.3820024728775,44.758436211143476],[142.3819823563099,44.758512394595705],[142.38211378455162,44.758512394595705]]],"type":"Polygon"},"properties":{"layer":"BldA","prefCode":"01","sourceId":0,"tile":"16/58687/23637","vt_code":3101,"vt_lvorder":0},"type":"Feature"},{"geometry":{"coordinates":[[[142.38228008151054,44.75839621479085],[142.38232970237732,44.75821527856399],[142.38217815756798,44.75819337571914],[142.3821271955967,44.75837526430937],[142.38228008151054,44.75839621479085]]],"type":"Polygon"},"properties":{"layer":"BldA","prefCode":"01","sourceId":0,"tile":"16/58687/23637","vt_code":3111,"vt_lvorder":0},"type":"Feature"},{"geometry":{"coordinates":[[[142.55004957318306,44.75228406583511],[142.55018904805183,44.75217073069884],[142.55011528730392,44.75212406322519],[142.54999995231628,44.75221835053107],[142.54997581243515,44.75223835084891],[142.55004957318306,44.75228406583511]]],"type":"Polygon"},"properties":{"layer":"BldA","prefCode":"01","sourceId":0,"tile":"16/58718/23638","vt_code":3101,"vt_lvorder":0},"type":"Feature"},{"geometry":{"coordinates":[[[142.5496231019497,44.75213644439534],[142.5498041510582,44.751927868944136],[142.54971027374268,44.7519002493074],[142.5495359301567,44.752085967300395],[142.54957482218742,44.75211453924634],[142.5496231019497,44.75213644439534]]],"type":"Polygon"},"properties":{"layer":"BldA","prefCode":"01","sourceId":0,"tile":"16/58718/23638","vt_code":3101,"vt_lvorder":0},"type":"Feature"},{"geometry":{"coordinates":[[[142.5500723719597,44.750859265099244],[142.5501662492752,44.750814501405415],[142.55000934004784,44.750634493861064],[142.5500012934208,44.750624017214236],[142.54999995231628,44.75062211236916],[142.5499315559864,44.750558300022625],[142.5498215854168,44.750558300022625],[142.5498041510582,44.750572586374986],[142.549859136343,44.750634493861064],[142.55002543330193,44.75082021592144],[142.5500723719597,44.750859265099244]]],"type":"Polygon"},"properties":{"layer":"BldA","prefCode":"01","sourceId":0,"tile":"16/58718/23638","vt_code":3101,"vt_lvorder":0},"type":"Feature"},{"geometry":{"coordinates":[[[142.5500763952732,44.75071068759906],[142.55000934004784,44.750634493861064],[142.5500012934208,44.750624017214236],[142.54999995231628,44.75062211236916],[142.54988327622414,44.75051067882259],[142.5498041510582,44.750572586374986],[142.549859136343,44.750634493861064],[142.54992619156837,44.75071068759906],[142.5500763952732,44.75071068759906]]],"type":"Polygon"},"properties":{"layer":"BldA","prefCode":"01","sourceId":0,"tile":"16/58718/23639","vt_code":3101,"vt_lvorder":0},"type":"Feature"},{"geometry":{"coordinates":[[[142.5490638613701,44.75047353425933],[142.5491362810135,44.75043353239527],[142.5490316748619,44.75033733732313],[142.5489592552185,44.750376386827156],[142.5490638613701,44.75047353425933]]],"type":"Polygon"},"properties":{"layer":"BldA","prefCode":"01","sourceId":0,"tile":"16/58718/23639","vt_code":3101,"vt_lvorder":0},"type":"Feature"},{"geometry":{"coordinates":[[[142.549047768116,44.750150661280756],[142.54914164543152,44.75013923211572],[142.5491577386856,44.75012875537912],[142.5491027534008,44.74997065166889],[142.54907861351967,44.74997065166889],[142.5489927828312,44.7499877954656],[142.549047768116,44.750150661280756]]],"type":"Polygon"},"properties":{"layer":"BldA","prefCode":"01","sourceId":0,"tile":"16/58718/23639","vt_code":3101,"vt_lvorder":0},"type":"Feature"},{"geometry":{"coordinates":[[[142.578943669796,44.76036076482181],[142.57895305752754,44.76034362410216],[142.57900804281235,44.76029886775467],[142.57899194955826,44.76027696569964],[142.57895976305008,44.7602655385372],[142.57886588573456,44.76021982986484],[142.5788028538227,44.760281727016654],[142.578943669796,44.76036076482181]]],"type":"Polygon"},"properties":{"layer":"BldA","prefCode":"01","sourceId":0,"tile":"16/58723/23636","vt_code":3101,"vt_lvorder":0},"type":"Feature"},{"geometry":{"coordinates":[[[142.57893562316895,44.75967322752278],[142.57901072502136,44.75959704560112],[142.57856413722038,44.75937516518196],[142.57849037647247,44.75945134739617],[142.57893562316895,44.75967322752278]]],"type":"Polygon"},"properties":{"layer":"BldA","prefCode":"01","sourceId":0,"tile":"16/58723/23636","vt_code":3101,"vt_lvorder":0},"type":"Feature"},{"geometry":{"coordinates":[[[142.57811352610588,44.75905234193455],[142.57821813225746,44.758982825188035],[142.5780263543129,44.75883712543424],[142.57792174816132,44.75890759464208],[142.57811352610588,44.75905234193455]]],"type":"Polygon"},"properties":{"layer":"BldA","prefCode":"01","sourceId":0,"tile":"16/58723/23636","vt_code":3111,"vt_lvorder":0},"type":"Feature"},{"geometry":{"coordinates":[[[142.5783334672451,44.75925232114995],[142.57841929793358,44.759193279739314],[142.57826372981071,44.759077101303525],[142.57817789912224,44.75913614283288],[142.5783334672451,44.75925232114995]]],"type":"Polygon"},"properties":{"layer":"BldA","prefCode":"01","sourceId":0,"tile":"16/58723/23636","vt_code":3111,"vt_lvorder":0},"type":"Feature"},{"geometry":{"coordinates":[[[142.57902413606644,44.75933802631611],[142.5791233778,44.759265653073044],[142.5784930586815,44.758833316285425],[142.57839381694794,44.75890759464208],[142.57864862680435,44.75908281500256],[142.57853463292122,44.759167568138416],[142.57864192128181,44.75924184606537],[142.57875859737396,44.75915518847463],[142.57902413606644,44.75933802631611]]],"type":"Polygon"},"properties":{"layer":"BldA","prefCode":"01","sourceId":0,"tile":"16/58723/23636","vt_code":3101,"vt_lvorder":0},"type":"Feature"},{"geometry":{"coordinates":[[[142.5789262354374,44.75905615106893],[142.5791059434414,44.75891997435891],[142.5788390636444,44.75873999206094],[142.5786580145359,44.75887616919515],[142.5789262354374,44.75905615106893]]],"type":"Polygon"},"properties":{"layer":"BldA","prefCode":"01","sourceId":0,"tile":"16/58723/23636","vt_code":3101,"vt_lvorder":0},"type":"Feature"},{"geometry":{"coordinates":[[[142.57978186011314,44.75979892747393],[142.57982075214386,44.759764645696194],[142.579844892025,44.75973036389811],[142.57971078157425,44.759657991146476],[142.57969468832016,44.75966370478807],[142.5796316564083,44.7597198889002],[142.57978186011314,44.75979892747393]]],"type":"Polygon"},"properties":{"layer":"BldA","prefCode":"01","sourceId":0,"tile":"16/58723/23636","vt_code":3101,"vt_lvorder":0},"type":"Feature"},{"geometry":{"coordinates":[[[142.57993206381798,44.75968179798268],[142.57999375462532,44.759578000105],[142.57989317178726,44.759548479573624],[142.57987305521965,44.75958085692982],[142.57985696196556,44.75957609555505],[142.57981538772583,44.759646563861615],[142.57993206381798,44.75968179798268]]],"type":"Polygon"},"properties":{"layer":"BldA","prefCode":"01","sourceId":0,"tile":"16/58723/23636","vt_code":3101,"vt_lvorder":0},"type":"Feature"},{"geometry":{"coordinates":[[[142.5806736946106,44.759518006751215],[142.5806736946106,44.75941801768982],[142.58056640625,44.759367546955005],[142.58056238293648,44.759365642398116],[142.58049935102463,44.759371356068606],[142.58048459887505,44.75939325846693],[142.58049130439758,44.7594332541294],[142.58056640625,44.75946848838053],[142.5806736946106,44.759518006751215]]],"type":"Polygon"},"properties":{"layer":"BldA","prefCode":"01","sourceId":0,"tile":"16/58723/23636","vt_code":3101,"vt_lvorder":0},"type":"Feature"},{"geometry":{"coordinates":[[[142.58069649338722,44.759528481785736],[142.58075952529907,44.75951705447525],[142.58076757192612,44.75946087016589],[142.58056640625,44.759367546955005],[142.58056238293648,44.759365642398116],[142.58049935102463,44.759371356068606],[142.58048459887505,44.75939325846693],[142.58049130439758,44.7594332541294],[142.58056640625,44.75946848838053],[142.58069649338722,44.759528481785736]]],"type":"Polygon"},"properties":{"layer":"BldA","prefCode":"01","sourceId":0,"tile":"16/58724/23636","vt_code":3101,"vt_lvorder":0},"type":"Feature"},{"geometry":{"coordinates":[[[142.5767643749714,44.77079661436738],[142.57679119706154,44.770709022016774],[142.5766061246395,44.77068045926503],[142.57657930254936,44.77076805165895],[142.5767643749714,44.77079661436738]]],"type":"Polygon"},"properties":{"layer":"BldA","prefCode":"01","sourceId":0,"tile":"16/58723/23633","vt_code":3101,"vt_lvorder":0},"type":"Feature"},{"geometry":{"coordinates":[[[142.57741078734398,44.7706995011011],[142.577595859766,44.770348178215094],[142.57734909653664,44.770286291848485],[142.57718414068222,44.77064142348147],[142.57741078734398,44.7706995011011]]],"type":"Polygon"},"properties":{"layer":"BldA","prefCode":"01","sourceId":0,"tile":"16/58723/23633","vt_code":3101,"vt_lvorder":0},"type":"Feature"},{"geometry":{"coordinates":[[[142.57795125246048,44.77041196870819],[142.57800087332726,44.770299621225355],[142.57770583033562,44.77023202221089],[142.57765620946884,44.77034151353265],[142.57795125246048,44.77041196870819]]],"type":"Polygon"},"properties":{"layer":"BldA","prefCode":"01","sourceId":0,"tile":"16/58723/23633","vt_code":3101,"vt_lvorder":0},"type":"Feature"},{"geometry":{"coordinates":[[[142.57765889167786,44.77023297431023],[142.5777044892311,44.77013681219716],[142.57773265242577,44.77007778190983],[142.57796332240105,44.77013681219716],[142.5779901444912,44.770143476903236],[142.5779928267002,44.77013681219716],[142.57802367210388,44.7700682608901],[142.57799416780472,44.77006064407318],[142.57760122418404,44.77006064407318],[142.57756635546684,44.77013681219716],[142.57753551006317,44.770204411323064],[142.57765889167786,44.77023297431023]]],"type":"Polygon"},"properties":{"layer":"BldA","prefCode":"01","sourceId":0,"tile":"16/58723/23633","vt_code":3101,"vt_lvorder":0},"type":"Feature"},{"geometry":{"coordinates":[[[142.5782771408558,44.77019489032421],[142.57831066846848,44.77013681219716],[142.57832542061806,44.770112057567886],[142.5781537592411,44.77006064407318],[142.57814973592758,44.77006064407318],[142.57810547947884,44.77013681219716],[142.57810279726982,44.770143476903236],[142.5782771408558,44.77019489032421]]],"type":"Polygon"},"properties":{"layer":"BldA","prefCode":"01","sourceId":0,"tile":"16/58723/23633","vt_code":3101,"vt_lvorder":0},"type":"Feature"},{"geometry":{"coordinates":[[[142.5768005847931,44.769468433482665],[142.57684752345085,44.769385599684504],[142.57667183876038,44.76933418554314],[142.57662490010262,44.76941797152781],[142.5768005847931,44.769468433482665]]],"type":"Polygon"},"properties":{"layer":"BldA","prefCode":"01","sourceId":0,"tile":"16/58723/23634","vt_code":3101,"vt_lvorder":0},"type":"Feature"},{"geometry":{"coordinates":[[[142.5776682794094,44.7702129802207],[142.5777044892311,44.77013681219716],[142.57773265242577,44.77007778190983],[142.57796332240105,44.77013681219716],[142.5779901444912,44.770143476903236],[142.5779928267002,44.77013681219716],[142.57802367210388,44.7700682608901],[142.57764548063278,44.76996733798441],[142.57756635546684,44.77013681219716],[142.57753551006317,44.770204411323064],[142.57757171988487,44.7702129802207],[142.5776682794094,44.7702129802207]]],"type":"Polygon"},"properties":{"layer":"BldA","prefCode":"01","sourceId":0,"tile":"16/58723/23634","vt_code":3101,"vt_lvorder":0},"type":"Feature"},{"geometry":{"coordinates":[[[142.57726460695267,44.768432526402776],[142.5773625075817,44.768316366546046],[142.5772538781166,44.76826971211159],[142.57715597748756,44.768385872062154],[142.57726460695267,44.768432526402776]]],"type":"Polygon"},"properties":{"layer":"BldA","prefCode":"01","sourceId":0,"tile":"16/58723/23634","vt_code":3101,"vt_lvorder":0},"type":"Feature"},{"geometry":{"coordinates":[[[142.5782771408558,44.77019489032421],[142.57831066846848,44.77013681219716],[142.57832542061806,44.770112057567886],[142.5781510770321,44.770059691971],[142.57810547947884,44.77013681219716],[142.57810279726982,44.770143476903236],[142.5782771408558,44.77019489032421]]],"type":"Polygon"},"properties":{"layer":"BldA","prefCode":"01","sourceId":0,"tile":"16/58723/23634","vt_code":3101,"vt_lvorder":0},"type":"Feature"},{"geometry":{"coordinates":[[[142.57880553603172,44.769387503911084],[142.57897585630417,44.769329424972184],[142.57892221212387,44.769247543090245],[142.57875055074692,44.76930562211149],[142.57880553603172,44.769387503911084]]],"type":"Polygon"},"properties":{"layer":"BldA","prefCode":"01","sourceId":0,"tile":"16/58723/23634","vt_code":3101,"vt_lvorder":0},"type":"Feature"},{"geometry":{"coordinates":[[[142.57794857025146,44.76898761495177],[142.5780263543129,44.76895905134872],[142.5779391825199,44.768842892550865],[142.577862739563,44.76887240833312],[142.57794857025146,44.76898761495177]]],"type":"Polygon"},"properties":{"layer":"BldA","prefCode":"01","sourceId":0,"tile":"16/58723/23634","vt_code":3101,"vt_lvorder":0},"type":"Feature"},{"geometry":{"coordinates":[[[142.57830396294594,44.76890763682767],[142.57841929793358,44.76886955196775],[142.57834151387215,44.76874672812342],[142.5782261788845,44.768783860941106],[142.57830396294594,44.76890763682767]]],"type":"Polygon"},"properties":{"layer":"BldA","prefCode":"01","sourceId":0,"tile":"16/58723/23634","vt_code":3101,"vt_lvorder":0},"type":"Feature"},{"geometry":{"coordinates":[[[142.57792711257935,44.76836302094279],[142.57803305983543,44.76831351015317],[142.57792979478836,44.768200206455695],[142.57782384753227,44.76824971734244],[142.57792711257935,44.76836302094279]]],"type":"Polygon"},"properties":{"layer":"BldA","prefCode":"01","sourceId":0,"tile":"16/58723/23634","vt_code":3101,"vt_lvorder":0},"type":"Feature"},{"geometry":{"coordinates":[[[142.57850110530853,44.76904855059103],[142.57876127958298,44.76894191318012],[142.57870629429817,44.76888573803628],[142.57866740226746,44.76888573803628],[142.57845416665077,44.76898095011232],[142.57850110530853,44.76904855059103]]],"type":"Polygon"},"properties":{"layer":"BldA","prefCode":"01","sourceId":0,"tile":"16/58723/23634","vt_code":3101,"vt_lvorder":0},"type":"Feature"},{"geometry":{"coordinates":[[[142.57862582802773,44.769197080942405],[142.57877603173256,44.76914090604674],[142.57882297039032,44.769112342519506],[142.57886990904808,44.76909044380573],[142.57880687713623,44.76902855609148],[142.57857084274292,44.76912376793209],[142.57862582802773,44.769197080942405]]],"type":"Polygon"},"properties":{"layer":"BldA","prefCode":"01","sourceId":0,"tile":"16/58723/23634","vt_code":3101,"vt_lvorder":0},"type":"Feature"},{"geometry":{"coordinates":[[[142.57848769426346,44.76883813193941],[142.57866069674492,44.76878100457137],[142.57860705256462,44.76869912191197],[142.57843539118767,44.768756249361005],[142.57848769426346,44.76883813193941]]],"type":"Polygon"},"properties":{"layer":"BldA","prefCode":"01","sourceId":0,"tile":"16/58723/23634","vt_code":3101,"vt_lvorder":0},"type":"Feature"},{"geometry":{"coordinates":[[[142.57859900593758,44.76829161113653],[142.578766644001,44.768228770434],[142.57870763540268,44.768148791259165],[142.57853999733925,44.76821163204871],[142.57859900593758,44.76829161113653]]],"type":"Polygon"},"properties":{"layer":"BldA","prefCode":"01","sourceId":0,"tile":"16/58723/23634","vt_code":3101,"vt_lvorder":0},"type":"Feature"},{"geometry":{"coordinates":[[[142.57908314466476,44.7685782019585],[142.57926151156425,44.76853345199028],[142.57921993732452,44.768448712593774],[142.57904022932053,44.768493462627646],[142.57908314466476,44.7685782019585]]],"type":"Polygon"},"properties":{"layer":"BldA","prefCode":"01","sourceId":0,"tile":"16/58723/23634","vt_code":3101,"vt_lvorder":0},"type":"Feature"},{"geometry":{"coordinates":[[[142.579213231802,44.76906664084656],[142.5793245434761,44.76902284337605],[142.5792333483696,44.76890478046405],[142.57912203669548,44.768947625903564],[142.579213231802,44.76906664084656]]],"type":"Polygon"},"properties":{"layer":"BldA","prefCode":"01","sourceId":0,"tile":"16/58723/23634","vt_code":3101,"vt_lvorder":0},"type":"Feature"},{"geometry":{"coordinates":[[[142.57935270667076,44.768901924100284],[142.57951766252518,44.76885146165049],[142.57947072386742,44.76878862155704],[142.5794157385826,44.76879528641868],[142.5793044269085,44.768834323449965],[142.57935270667076,44.768901924100284]]],"type":"Polygon"},"properties":{"layer":"BldA","prefCode":"01","sourceId":0,"tile":"16/58723/23634","vt_code":3101,"vt_lvorder":0},"type":"Feature"},{"geometry":{"coordinates":[[[142.57808938622475,44.76820687138523],[142.57820203900337,44.768166881796496],[142.5781175494194,44.76804596072879],[142.57800355553627,44.76808595040124],[142.57808938622475,44.76820687138523]]],"type":"Polygon"},"properties":{"layer":"BldA","prefCode":"01","sourceId":0,"tile":"16/58723/23634","vt_code":3101,"vt_lvorder":0},"type":"Feature"},{"geometry":{"coordinates":[[[142.57850110530853,44.76815355192743],[142.57860839366913,44.76810594522709],[142.57850915193558,44.76799168898618],[142.57840052247047,44.76803929578069],[142.57850110530853,44.76815355192743]]],"type":"Polygon"},"properties":{"layer":"BldA","prefCode":"01","sourceId":0,"tile":"16/58723/23634","vt_code":3101,"vt_lvorder":0},"type":"Feature"},{"geometry":{"coordinates":[[[142.5783522427082,44.76792313513315],[142.5784219801426,44.76788790603814],[142.57834285497665,44.76780792639133],[142.57827311754227,44.76784315553512],[142.5783522427082,44.76792313513315]]],"type":"Polygon"},"properties":{"layer":"BldA","prefCode":"01","sourceId":0,"tile":"16/58723/23634","vt_code":3101,"vt_lvorder":0},"type":"Feature"},{"geometry":{"coordinates":[[[142.5791086256504,44.76813355711807],[142.5792896747589,44.76809166320933],[142.5792494416237,44.76800597102865],[142.5790697336197,44.76804786499954],[142.5791086256504,44.76813355711807]]],"type":"Polygon"},"properties":{"layer":"BldA","prefCode":"01","sourceId":0,"tile":"16/58723/23634","vt_code":3101,"vt_lvorder":0},"type":"Feature"},{"geometry":{"coordinates":[[[142.5784420967102,44.76693004727494],[142.57847025990486,44.76684244906053],[142.57828518748283,44.76681198008525],[142.57825702428818,44.766900530500145],[142.5784420967102,44.76693004727494]]],"type":"Polygon"},"properties":{"layer":"BldA","prefCode":"01","sourceId":0,"tile":"16/58723/23634","vt_code":3101,"vt_lvorder":0},"type":"Feature"},{"geometry":{"coordinates":[[[142.57855877280235,44.766683438918875],[142.57857754826546,44.76661678783111],[142.57842868566513,44.7665948881712],[142.57840856909752,44.766661539284236],[142.57855877280235,44.766683438918875]]],"type":"Polygon"},"properties":{"layer":"BldA","prefCode":"01","sourceId":0,"tile":"16/58723/23634","vt_code":3101,"vt_lvorder":0},"type":"Feature"},{"geometry":{"coordinates":[[[142.5782784819603,44.766385412743844],[142.5782959163189,44.7662968615393],[142.57822886109352,44.76629019638938],[142.57821276783943,44.76637874760414],[142.5782784819603,44.766385412743844]]],"type":"Polygon"},"properties":{"layer":"BldA","prefCode":"01","sourceId":0,"tile":"16/58723/23634","vt_code":3101,"vt_lvorder":0},"type":"Feature"},{"geometry":{"coordinates":[[[142.5784032046795,44.76641873843082],[142.57841527462006,44.76634923054764],[142.5783348083496,44.766342565403754],[142.57832944393158,44.76636922597466],[142.57829189300537,44.7663663694855],[142.57828652858734,44.766396838695826],[142.57832676172256,44.766400647345996],[142.57832407951355,44.766411121132634],[142.5784032046795,44.76641873843082]]],"type":"Polygon"},"properties":{"layer":"BldA","prefCode":"01","sourceId":0,"tile":"16/58723/23634","vt_code":3101,"vt_lvorder":0},"type":"Feature"},{"geometry":{"coordinates":[[[142.57885113358498,44.76721950129956],[142.57888197898865,44.76713190352411],[142.57869690656662,44.76709953039956],[142.57866740226746,44.76718712822411],[142.57885113358498,44.76721950129956]]],"type":"Polygon"},"properties":{"layer":"BldA","prefCode":"01","sourceId":0,"tile":"16/58723/23634","vt_code":3101,"vt_lvorder":0},"type":"Feature"},{"geometry":{"coordinates":[[[142.57891818881035,44.767021453965725],[142.57895305752754,44.76693480804365],[142.57877066731453,44.766898626191576],[142.57873579859734,44.76698527216792],[142.57891818881035,44.767021453965725]]],"type":"Polygon"},"properties":{"layer":"BldA","prefCode":"01","sourceId":0,"tile":"16/58723/23634","vt_code":3101,"vt_lvorder":0},"type":"Feature"},{"geometry":{"coordinates":[[[142.57903888821602,44.76726234798917],[142.57904693484306,44.76724330501994],[142.5790898501873,44.76725187435687],[142.57911533117294,44.76718712822411],[142.57907643914223,44.76717951102725],[142.57908180356026,44.767168085230075],[142.57901206612587,44.76715475513051],[142.57897451519966,44.76724901791137],[142.57903888821602,44.76726234798917]]],"type":"Polygon"},"properties":{"layer":"BldA","prefCode":"01","sourceId":0,"tile":"16/58723/23634","vt_code":3101,"vt_lvorder":0},"type":"Feature"},{"geometry":{"coordinates":[[[142.57902547717094,44.76651014593071],[142.57902950048447,44.766496815679325],[142.5790697336197,44.76650252864459],[142.57907912135124,44.76647301165133],[142.57904022932053,44.766467298683146],[142.57904827594757,44.76644063815752],[142.5789289176464,44.76642254707954],[142.5789088010788,44.76649205487451],[142.57902547717094,44.76651014593071]]],"type":"Polygon"},"properties":{"layer":"BldA","prefCode":"01","sourceId":0,"tile":"16/58723/23634","vt_code":3101,"vt_lvorder":0},"type":"Feature"},{"geometry":{"coordinates":[[[142.58010238409042,44.7679859761682],[142.5802257657051,44.76796788557421],[142.5801882147789,44.76783553842477],[142.5800634920597,44.76785362906021],[142.58010238409042,44.7679859761682]]],"type":"Polygon"},"properties":{"layer":"BldA","prefCode":"01","sourceId":0,"tile":"16/58723/23634","vt_code":3101,"vt_lvorder":0},"type":"Feature"},{"geometry":{"coordinates":[[[142.58029282093048,44.76789457100371],[142.58040815591812,44.767881241071805],[142.58038938045502,44.76780221355518],[142.58027404546738,44.767816495644496],[142.58029282093048,44.76789457100371]]],"type":"Polygon"},"properties":{"layer":"BldA","prefCode":"01","sourceId":0,"tile":"16/58723/23634","vt_code":3101,"vt_lvorder":0},"type":"Feature"},{"geometry":{"coordinates":[[[142.57938891649246,44.766567275544695],[142.57940366864204,44.766495863518394],[142.57927492260933,44.76647110732867],[142.57921859622002,44.76647301165133],[142.57920920848846,44.766545375866016],[142.5792708992958,44.76655489746647],[142.57938891649246,44.766567275544695]]],"type":"Polygon"},"properties":{"layer":"BldA","prefCode":"01","sourceId":0,"tile":"16/58723/23634","vt_code":3101,"vt_lvorder":0},"type":"Feature"},{"geometry":{"coordinates":[[[142.5796490907669,44.76659012737447],[142.5796665251255,44.766511098091414],[142.5795941054821,44.766503480805405],[142.579578012228,44.76658251009888],[142.5796490907669,44.76659012737447]]],"type":"Polygon"},"properties":{"layer":"BldA","prefCode":"01","sourceId":0,"tile":"16/58723/23634","vt_code":3101,"vt_lvorder":0},"type":"Feature"},{"geometry":{"coordinates":[[[142.57982343435287,44.7666558263347],[142.57988512516022,44.76664820906779],[142.57992133498192,44.766500624322894],[142.57988914847374,44.76649015055247],[142.57980331778526,44.76649872000114],[142.57976710796356,44.766647256909344],[142.57982343435287,44.7666558263347]]],"type":"Polygon"},"properties":{"layer":"BldA","prefCode":"01","sourceId":0,"tile":"16/58723/23634","vt_code":3101,"vt_lvorder":0},"type":"Feature"},{"geometry":{"coordinates":[[[142.5799159705639,44.76644635112833],[142.57993072271347,44.766385412743844],[142.57992133498192,44.76638350841829],[142.57992535829544,44.766363512996215],[142.57985293865204,44.766354943527496],[142.57983416318893,44.76643682950999],[142.5799159705639,44.76644635112833]]],"type":"Polygon"},"properties":{"layer":"BldA","prefCode":"01","sourceId":0,"tile":"16/58723/23634","vt_code":3101,"vt_lvorder":0},"type":"Feature"},{"geometry":{"coordinates":[[[142.58053556084633,44.76790504451948],[142.58056640625,44.76790123596851],[142.5806736946106,44.76788409748604],[142.5806736946106,44.76779174002076],[142.58056640625,44.76780887853063],[142.58050873875618,44.76781744778366],[142.58053556084633,44.76790504451948]]],"type":"Polygon"},"properties":{"layer":"BldA","prefCode":"01","sourceId":0,"tile":"16/58723/23634","vt_code":3101,"vt_lvorder":0},"type":"Feature"},{"geometry":{"coordinates":[[[142.57829189300537,44.76631304832877],[142.5782959163189,44.7662968615393],[142.57822886109352,44.76629019638938],[142.5782234966755,44.76631304832877],[142.57829189300537,44.76631304832877]]],"type":"Polygon"},"properties":{"layer":"BldA","prefCode":"01","sourceId":0,"tile":"16/58723/23635","vt_code":3101,"vt_lvorder":0},"type":"Feature"},{"geometry":{"coordinates":[[[142.57793381810188,44.76491144598669],[142.5781551003456,44.76486669317774],[142.57812291383743,44.764793374671136],[142.57801294326782,44.764810514070625],[142.5779029726982,44.76483812753688],[142.57793381810188,44.76491144598669]]],"type":"Polygon"},"properties":{"layer":"BldA","prefCode":"01","sourceId":0,"tile":"16/58723/23635","vt_code":3101,"vt_lvorder":0},"type":"Feature"},{"geometry":{"coordinates":[[[142.58053556084633,44.76790504451948],[142.58072063326836,44.76787648038109],[142.5806938111782,44.767787931462315],[142.58056640625,44.76780887853063],[142.58050873875618,44.76781744778366],[142.58053556084633,44.76790504451948]]],"type":"Polygon"},"properties":{"layer":"BldA","prefCode":"01","sourceId":0,"tile":"16/58724/23634","vt_code":3101,"vt_lvorder":0},"type":"Feature"},{"geometry":{"coordinates":[[[142.57473662495613,44.77009396763978],[142.57477551698685,44.770088255029734],[142.57477149367332,44.77006064407318],[142.57456228137016,44.77006064407318],[142.57456228137016,44.77006540458387],[142.57473662495613,44.77009396763978]]],"type":"Polygon"},"properties":{"layer":"BldA","prefCode":"01","sourceId":0,"tile":"16/58722/23633","vt_code":3101,"vt_lvorder":0},"type":"Feature"},{"geometry":{"coordinates":[[[142.57473662495613,44.77009396763978],[142.57477551698685,44.770088255029734],[142.5747674703598,44.77002065576788],[142.5747285783291,44.77000923053271],[142.5746574997902,44.77000351791428],[142.5745703279972,44.76998733215898],[142.57456228137016,44.77006540458387],[142.57473662495613,44.77009396763978]]],"type":"Polygon"},"properties":{"layer":"BldA","prefCode":"01","sourceId":0,"tile":"16/58722/23634","vt_code":3101,"vt_lvorder":0},"type":"Feature"},{"geometry":{"coordinates":[[[142.5767120718956,44.77094514022348],[142.57673755288124,44.77085659600909],[142.5765511393547,44.770828985419854],[142.57652565836906,44.770917529676574],[142.5767120718956,44.77094514022348]]],"type":"Polygon"},"properties":{"layer":"BldA","prefCode":"01","sourceId":0,"tile":"16/58723/23633","vt_code":3101,"vt_lvorder":0},"type":"Feature"},{"geometry":{"coordinates":[[[142.5760817527771,44.76995972115418],[142.5761367380619,44.769830234886626],[142.57601603865623,44.769804528019556],[142.57596105337143,44.76993401434475],[142.5760817527771,44.76995972115418]]],"type":"Polygon"},"properties":{"layer":"BldA","prefCode":"01","sourceId":0,"tile":"16/58723/23634","vt_code":3101,"vt_lvorder":0},"type":"Feature"},{"geometry":{"coordinates":[[[142.57643043994904,44.769708365193154],[142.5765162706375,44.76962077119214],[142.57645457983017,44.76959030368239],[142.5763687491417,44.76967789772961],[142.57643043994904,44.769708365193154]]],"type":"Polygon"},"properties":{"layer":"BldA","prefCode":"01","sourceId":0,"tile":"16/58723/23634","vt_code":3101,"vt_lvorder":0},"type":"Feature"},{"geometry":{"coordinates":[[[142.5765484571457,44.76985403753112],[142.5766745209694,44.76975216214385],[142.57657930254936,44.76969313146339],[142.57645323872566,44.76979405484821],[142.5765484571457,44.76985403753112]]],"type":"Polygon"},"properties":{"layer":"BldA","prefCode":"01","sourceId":0,"tile":"16/58723/23634","vt_code":3101,"vt_lvorder":0},"type":"Feature"},{"geometry":{"coordinates":[[[140.27587965130806,42.12488932912059],[140.27598559856415,42.12487241961825],[140.27605265378952,42.12485053672616],[140.2760151028633,42.124770962509395],[140.27585685253143,42.12480478156373],[140.27584210038185,42.12481671769625],[140.27587965130806,42.12488932912059]]],"type":"Polygon"},"properties":{"layer":"BldA","prefCode":"01","sourceId":0,"tile":"16/58304/24297","vt_code":3101,"vt_lvorder":0},"type":"Feature"},{"geometry":{"coordinates":[[[140.27524396777153,42.124602861647894],[140.27534320950508,42.1245740158931],[140.27528285980225,42.12443973375825],[140.2752748131752,42.12445067527618],[140.2751849591732,42.12446758489109],[140.27522921562195,42.12459092547509],[140.27524396777153,42.124602861647894]]],"type":"Polygon"},"properties":{"layer":"BldA","prefCode":"01","sourceId":0,"tile":"16/58304/24297","vt_code":3101,"vt_lvorder":0},"type":"Feature"},{"geometry":{"coordinates":[[[140.27730524539948,42.12315657900512],[140.27734279632568,42.12313966904031],[140.2774178981781,42.123066060905614],[140.27740985155106,42.12305511914857],[140.27734279632568,42.12300438915936],[140.277311950922,42.12299344739166],[140.2771992981434,42.122925807331185],[140.27710005640984,42.12302129916027],[140.27719125151634,42.123088939118794],[140.27730524539948,42.12315657900512]]],"type":"Polygon"},"properties":{"layer":"BldA","prefCode":"01","sourceId":0,"tile":"16/58304/24297","vt_code":3101,"vt_lvorder":0},"type":"Feature"},{"geometry":{"coordinates":[[[140.27762711048126,42.12287706665461],[140.27771696448326,42.12286612486491],[140.27775585651398,42.12282633652284],[140.27750506997108,42.12267315117257],[140.27748361229897,42.122657235790264],[140.27746886014938,42.12267315117257],[140.2774380147457,42.12270796605742],[140.27744472026825,42.122769638092215],[140.27762711048126,42.12287706665461]]],"type":"Polygon"},"properties":{"layer":"BldA","prefCode":"01","sourceId":0,"tile":"16/58304/24297","vt_code":3101,"vt_lvorder":0},"type":"Feature"},{"geometry":{"coordinates":[[[140.2779959142208,42.122902929059094],[140.27804017066956,42.12288601902658],[140.27823731303215,42.12272786026875],[140.27816221117973,42.12267713001752],[140.27813136577606,42.122689066550876],[140.27792751789093,42.12285219894803],[140.2779959142208,42.122902929059094]]],"type":"Polygon"},"properties":{"layer":"BldA","prefCode":"01","sourceId":0,"tile":"16/58304/24297","vt_code":3101,"vt_lvorder":0},"type":"Feature"},{"geometry":{"coordinates":[[[140.27856588363647,42.123331646610865],[140.27863964438438,42.12326500161343],[140.27840360999107,42.12312076966254],[140.27833119034767,42.12318741481169],[140.27856588363647,42.123331646610865]]],"type":"Polygon"},"properties":{"layer":"BldA","prefCode":"01","sourceId":0,"tile":"16/58304/24297","vt_code":3101,"vt_lvorder":0},"type":"Feature"},{"geometry":{"coordinates":[[[140.2790379524231,42.12368973793414],[140.2790379524231,42.12353555997362],[140.2789306640625,42.12345896820213],[140.2789105474949,42.12344404771639],[140.27880728244781,42.12352362359974],[140.2789306640625,42.123612151652516],[140.2790379524231,42.12368973793414]]],"type":"Polygon"},"properties":{"layer":"BldA","prefCode":"01","sourceId":0,"tile":"16/58304/24297","vt_code":3111,"vt_lvorder":0},"type":"Feature"},{"geometry":{"coordinates":[[[140.2779047191143,42.12270597663595],[140.27794361114502,42.12267315117257],[140.27797982096672,42.12264330982747],[140.27796506881714,42.12262142616546],[140.27792751789093,42.122593574221064],[140.27773573994637,42.122593574221064],[140.277851074934,42.12267315117257],[140.27787521481514,42.122689066550876],[140.2779047191143,42.12270597663595]]],"type":"Polygon"},"properties":{"layer":"BldA","prefCode":"01","sourceId":0,"tile":"16/58304/24297","vt_code":3101,"vt_lvorder":0},"type":"Feature"},{"geometry":{"coordinates":[[[140.2776351571083,42.122752728024125],[140.27750506997108,42.12267315117257],[140.27748361229897,42.122657235790264],[140.27746886014938,42.12267315117257],[140.2774380147457,42.12270796605742],[140.27744203805923,42.122752728024125],[140.2776351571083,42.122752728024125]]],"type":"Polygon"},"properties":{"layer":"BldA","prefCode":"01","sourceId":0,"tile":"16/58304/24298","vt_code":3101,"vt_lvorder":0},"type":"Feature"},{"geometry":{"coordinates":[[[140.27820512652397,42.122752728024125],[140.27823731303215,42.12272786026875],[140.27816221117973,42.12267713001752],[140.27813136577606,42.122689066550876],[140.27805089950562,42.122752728024125],[140.27820512652397,42.122752728024125]]],"type":"Polygon"},"properties":{"layer":"BldA","prefCode":"01","sourceId":0,"tile":"16/58304/24298","vt_code":3101,"vt_lvorder":0},"type":"Feature"},{"geometry":{"coordinates":[[[140.2771657705307,42.122578653531534],[140.2772556245327,42.12256771169031],[140.27728646993637,42.12252792316083],[140.27690157294273,42.122297149197166],[140.27687072753906,42.12227427069808],[140.2768398821354,42.122263328804294],[140.27679562568665,42.12230809108511],[140.27680233120918,42.12236478992877],[140.27685597538948,42.12239861026748],[140.27688547968864,42.12240955213791],[140.2771657705307,42.122578653531534]]],"type":"Polygon"},"properties":{"layer":"BldA","prefCode":"01","sourceId":0,"tile":"16/58304/24298","vt_code":3101,"vt_lvorder":0},"type":"Feature"},{"geometry":{"coordinates":[[[140.27744337916374,42.122452324886],[140.2775801718235,42.122361805780365],[140.2775801718235,42.122345890319856],[140.27751177549362,42.12230013334862],[140.27748093008995,42.12231206995299],[140.27736023068428,42.12240159441415],[140.27744337916374,42.122452324886]]],"type":"Polygon"},"properties":{"layer":"BldA","prefCode":"01","sourceId":0,"tile":"16/58304/24298","vt_code":3101,"vt_lvorder":0},"type":"Feature"},{"geometry":{"coordinates":[[[140.27736827731133,42.12226631295732],[140.27754932641983,42.12224442916511],[140.2775265276432,42.12215987807871],[140.2773454785347,42.12217678830502],[140.27736023068428,42.122261339368855],[140.27736827731133,42.12226631295732]]],"type":"Polygon"},"properties":{"layer":"BldA","prefCode":"01","sourceId":0,"tile":"16/58304/24298","vt_code":3101,"vt_lvorder":0},"type":"Feature"},{"geometry":{"coordinates":[[[140.2779047191143,42.12270597663595],[140.27794361114502,42.12267315117257],[140.27797982096672,42.12264330982747],[140.27796506881714,42.12262142616546],[140.27791947126389,42.12258760594567],[140.27764052152634,42.12241253628407],[140.27757212519646,42.122486145178],[140.277851074934,42.12267315117257],[140.27787521481514,42.122689066550876],[140.2779047191143,42.12270597663595]]],"type":"Polygon"},"properties":{"layer":"BldA","prefCode":"01","sourceId":0,"tile":"16/58304/24298","vt_code":3101,"vt_lvorder":0},"type":"Feature"},{"geometry":{"coordinates":[[[140.27812466025352,42.12253687558215],[140.2781917154789,42.12247520332079],[140.27804017066956,42.12236777407703],[140.27792751789093,42.12229515976279],[140.2779047191143,42.12228919145929],[140.27780681848526,42.122215582336544],[140.27778401970863,42.122232492547994],[140.27773842215538,42.12228322315523],[140.2779047191143,42.12240159441415],[140.27793556451797,42.12241253628407],[140.27812466025352,42.12253687558215]]],"type":"Polygon"},"properties":{"layer":"BldA","prefCode":"01","sourceId":0,"tile":"16/58304/24298","vt_code":3101,"vt_lvorder":0},"type":"Feature"},{"geometry":{"coordinates":[[[140.27915999293327,42.12377627636695],[140.27926325798035,42.12369570610572],[140.2789306640625,42.12345896820213],[140.2789105474949,42.12344404771639],[140.2788233757019,42.123511687223605],[140.2788233757019,42.12353555997362],[140.2789306640625,42.123612151652516],[140.27915999293327,42.12377627636695]]],"type":"Polygon"},"properties":{"layer":"BldA","prefCode":"01","sourceId":0,"tile":"16/58305/24297","vt_code":3111,"vt_lvorder":0},"type":"Feature"},{"geometry":{"coordinates":[[[140.33270224928856,42.17331552944655],[140.3327478468418,42.17324694921718],[140.33260568976402,42.173194271599186],[140.33256009221077,42.17326384580234],[140.33270224928856,42.17331552944655]]],"type":"Polygon"},"properties":{"layer":"BldA","prefCode":"01","sourceId":0,"tile":"16/58314/24285","vt_code":3101,"vt_lvorder":0},"type":"Feature"},{"geometry":{"coordinates":[[[140.333142131567,42.173468592298974],[140.33317029476166,42.17342187835082],[140.33306434750557,42.1733851035163],[140.3330348432064,42.17343181749162],[140.333142131567,42.173468592298974]]],"type":"Polygon"},"properties":{"layer":"BldA","prefCode":"01","sourceId":0,"tile":"16/58314/24285","vt_code":3101,"vt_lvorder":0},"type":"Feature"},{"geometry":{"coordinates":[[[140.33509209752083,42.174588722808146],[140.33511489629745,42.17456586320014],[140.33516719937325,42.17439690062383],[140.33503845334053,42.17437404094649],[140.3349781036377,42.17456586320014],[140.33509209752083,42.174588722808146]]],"type":"Polygon"},"properties":{"layer":"BldA","prefCode":"01","sourceId":0,"tile":"16/58315/24285","vt_code":3101,"vt_lvorder":0},"type":"Feature"},{"geometry":{"coordinates":[[[140.33461466431618,42.173935729882906],[140.3346374630928,42.173912870038876],[140.33467635512352,42.17385621734632],[140.3344939649105,42.17378863161162],[140.33444166183472,42.17386814423318],[140.33461466431618,42.173935729882906]]],"type":"Polygon"},"properties":{"layer":"BldA","prefCode":"01","sourceId":0,"tile":"16/58315/24285","vt_code":3101,"vt_lvorder":0},"type":"Feature"},{"geometry":{"coordinates":[[[140.33495530486107,42.17495944486276],[140.3356821835041,42.17493757927909],[140.33567413687706,42.17483620238332],[140.33494859933853,42.17485906189361],[140.33495530486107,42.17495944486276]]],"type":"Polygon"},"properties":{"layer":"BldA","prefCode":"01","sourceId":0,"tile":"16/58315/24285","vt_code":3101,"vt_lvorder":0},"type":"Feature"},{"geometry":{"coordinates":[[[140.33568888902664,42.17491571368787],[140.33592358231544,42.17489384808908],[140.33590346574783,42.17477458105354],[140.33566743135452,42.17479644669356],[140.33568888902664,42.17491571368787]]],"type":"Polygon"},"properties":{"layer":"BldA","prefCode":"01","sourceId":0,"tile":"16/58315/24285","vt_code":3111,"vt_lvorder":0},"type":"Feature"},{"geometry":{"coordinates":[[[140.3352288901806,42.17465630768785],[140.3356070816517,42.17461158240789],[140.33557623624802,42.17448734535318],[140.33519804477692,42.174532070720986],[140.3352288901806,42.17465630768785]]],"type":"Polygon"},"properties":{"layer":"BldA","prefCode":"01","sourceId":0,"tile":"16/58315/24285","vt_code":3101,"vt_lvorder":0},"type":"Feature"},{"geometry":{"coordinates":[[[140.33534958958626,42.174352175160436],[140.33563658595085,42.17434621176293],[140.33563658595085,42.17423986441291],[140.33534958958626,42.174244833919225],[140.33534958958626,42.174352175160436]]],"type":"Polygon"},"properties":{"layer":"BldA","prefCode":"01","sourceId":0,"tile":"16/58315/24285","vt_code":3101,"vt_lvorder":0},"type":"Feature"},{"geometry":{"coordinates":[[[140.33496469259262,42.17286826574214],[140.33501029014587,42.17285733258976],[140.33502504229546,42.17278974578766],[140.33488154411316,42.17277284907585],[140.33485874533653,42.17285236297442],[140.33496469259262,42.17286826574214]]],"type":"Polygon"},"properties":{"layer":"BldA","prefCode":"01","sourceId":0,"tile":"16/58315/24285","vt_code":3101,"vt_lvorder":0},"type":"Feature"},{"geometry":{"coordinates":[[[140.33477693796158,42.17281956350337],[140.33499017357826,42.17184551085281],[140.3347970545292,42.17181370479908],[140.33459454774857,42.17279869110384],[140.33477693796158,42.17281956350337]]],"type":"Polygon"},"properties":{"layer":"BldA","prefCode":"01","sourceId":0,"tile":"16/58315/24285","vt_code":3111,"vt_lvorder":0},"type":"Feature"},{"geometry":{"coordinates":[[[140.33507868647575,42.17271023181038],[140.33522486686707,42.17202740141536],[140.3350518643856,42.172001559072235],[140.33490166068077,42.17268935937477],[140.33507868647575,42.17271023181038]]],"type":"Polygon"},"properties":{"layer":"BldA","prefCode":"01","sourceId":0,"tile":"16/58315/24285","vt_code":3111,"vt_lvorder":0},"type":"Feature"},{"geometry":{"coordinates":[[[140.33498749136925,42.17178189872935],[140.33502504229546,42.17177096538918],[140.33504113554955,42.17170337742622],[140.33487483859062,42.17168151071685],[140.334852039814,42.171760032047125],[140.33498749136925,42.17178189872935]]],"type":"Polygon"},"properties":{"layer":"BldA","prefCode":"01","sourceId":0,"tile":"16/58315/24285","vt_code":3101,"vt_lvorder":0},"type":"Feature"},{"geometry":{"coordinates":[[[140.33553063869476,42.17309090407035],[140.3355534374714,42.17307997095645],[140.33557623624802,42.1729895242145],[140.33547028899193,42.172972627556064],[140.33544078469276,42.17307400743899],[140.33553063869476,42.17309090407035]]],"type":"Polygon"},"properties":{"layer":"BldA","prefCode":"01","sourceId":0,"tile":"16/58315/24285","vt_code":3101,"vt_lvorder":0},"type":"Feature"},{"geometry":{"coordinates":[[[140.33551588654518,42.17290504087717],[140.33557623624802,42.17290007126558],[140.3355909883976,42.17279869110384],[140.3355386853218,42.172787757939446],[140.33547833561897,42.17279272755986],[140.33546224236488,42.172894107731146],[140.33551588654518,42.17290504087717]]],"type":"Polygon"},"properties":{"layer":"BldA","prefCode":"01","sourceId":0,"tile":"16/58315/24285","vt_code":3101,"vt_lvorder":0},"type":"Feature"},{"geometry":{"coordinates":[[[140.3352865576744,42.17296567010717],[140.33547967672348,42.172048274069404],[140.3353187441826,42.1720333650315],[140.3351041674614,42.17292889500738],[140.3352865576744,42.17296567010717]]],"type":"Polygon"},"properties":{"layer":"BldA","prefCode":"01","sourceId":0,"tile":"16/58315/24285","vt_code":3111,"vt_lvorder":0},"type":"Feature"},{"geometry":{"coordinates":[[[142.7267588675022,42.346017422290075],[142.72685140371323,42.34597579198703],[142.72675350308418,42.34585486571233],[142.72664085030556,42.34590541688824],[142.72669047117233,42.345966871204226],[142.72671192884445,42.34595795042015],[142.7267588675022,42.346017422290075]]],"type":"Polygon"},"properties":{"layer":"BldA","prefCode":"01","sourceId":0,"tile":"16/58750/24243","vt_code":3101,"vt_lvorder":0},"type":"Feature"},{"geometry":{"coordinates":[[[143.1426903605461,42.471552842932425],[143.14280435442924,42.47154690763805],[143.14280435442924,42.47128278646862],[143.1426903605461,42.47128872178805],[143.1426903605461,42.471552842932425]]],"type":"Polygon"},"properties":{"layer":"BldA","prefCode":"01","sourceId":0,"tile":"16/58826/24212","vt_code":3101,"vt_lvorder":0},"type":"Feature"},{"geometry":{"coordinates":[[[143.14311683177948,42.47158647625658],[143.14329117536545,42.47158153018063],[143.14329117536545,42.47149645761315],[143.14311683177948,42.47150239291231],[143.14311683177948,42.47158647625658]]],"type":"Polygon"},"properties":{"layer":"BldA","prefCode":"01","sourceId":0,"tile":"16/58826/24212","vt_code":3101,"vt_lvorder":0},"type":"Feature"},{"geometry":{"coordinates":[[[143.14296394586563,42.47139555744136],[143.1433206796646,42.471389622132065],[143.1433206796646,42.471305538523346],[143.14296394586563,42.47131147384061],[143.14296394586563,42.47139555744136]]],"type":"Polygon"},"properties":{"layer":"BldA","prefCode":"01","sourceId":0,"tile":"16/58826/24212","vt_code":3101,"vt_lvorder":0},"type":"Feature"},{"geometry":{"coordinates":[[[143.14276680350304,42.47108593138897],[143.142941147089,42.47108098527347],[143.1429424881935,42.47099591202565],[143.14276680350304,42.47100184737227],[143.14276680350304,42.47108593138897]]],"type":"Polygon"},"properties":{"layer":"BldA","prefCode":"01","sourceId":0,"tile":"16/58826/24212","vt_code":3101,"vt_lvorder":0},"type":"Feature"},{"geometry":{"coordinates":[[[143.14316242933273,42.47109186672706],[143.1433367729187,42.47108593138897],[143.1433367729187,42.47100184737227],[143.14316242933273,42.47100679349403],[143.14316242933273,42.47109186672706]]],"type":"Polygon"},"properties":{"layer":"BldA","prefCode":"01","sourceId":0,"tile":"16/58826/24212","vt_code":3101,"vt_lvorder":0},"type":"Feature"},{"geometry":{"coordinates":[[[143.14278960227966,42.470866323484074],[143.1433206796646,42.47086137735122],[143.14332872629166,42.47078223917236],[143.1427976489067,42.47078817453924],[143.14278960227966,42.470866323484074]]],"type":"Polygon"},"properties":{"layer":"BldA","prefCode":"01","sourceId":0,"tile":"16/58826/24212","vt_code":3101,"vt_lvorder":0},"type":"Feature"},{"geometry":{"coordinates":[[[141.19413122534752,42.72154756970046],[141.1943256855011,42.721460867184774],[141.1942720413208,42.72140470753609],[141.19407758116722,42.72148451333743],[141.19413122534752,42.72154756970046]]],"type":"Polygon"},"properties":{"layer":"BldA","prefCode":"01","sourceId":0,"tile":"16/58471/24150","vt_code":3101,"vt_lvorder":0},"type":"Feature"},{"geometry":{"coordinates":[[[141.19424924254417,42.721692402041654],[141.19444772601128,42.721618508032265],[141.1943981051445,42.72154658444528],[141.19419559836388,42.721628360571934],[141.19424924254417,42.721692402041654]]],"type":"Polygon"},"properties":{"layer":"BldA","prefCode":"01","sourceId":0,"tile":"16/58471/24150","vt_code":3101,"vt_lvorder":0},"type":"Feature"},{"geometry":{"coordinates":[[[142.9397289454937,42.709335115431244],[142.93974369764328,42.709299639254134],[142.9397664964199,42.70930456650217],[142.93979465961456,42.70923854134604],[142.9397316277027,42.70922474503589],[142.93969005346298,42.70932723183808],[142.9397289454937,42.709335115431244]]],"type":"Polygon"},"properties":{"layer":"BldA","prefCode":"01","sourceId":0,"tile":"16/58789/24153","vt_code":3101,"vt_lvorder":0},"type":"Feature"},{"geometry":{"coordinates":[[[142.93994218111038,42.70920602146721],[142.93995693325996,42.70917645792621],[142.93996766209602,42.709179414280946],[142.93998509645462,42.70914295256272],[142.93986171483994,42.709109447181156],[142.9398362338543,42.70916069069859],[142.93989792466164,42.7091774433778],[142.9398912191391,42.70919222514983],[142.93994218111038,42.70920602146721]]],"type":"Polygon"},"properties":{"layer":"BldA","prefCode":"01","sourceId":0,"tile":"16/58789/24153","vt_code":3101,"vt_lvorder":0},"type":"Feature"},{"geometry":{"coordinates":[[[142.93995827436447,42.70900498911075],[142.93999448418617,42.70894684727844],[142.93991670012474,42.70892122543673],[142.93988049030304,42.70897838183832],[142.93995827436447,42.70900498911075]]],"type":"Polygon"},"properties":{"layer":"BldA","prefCode":"01","sourceId":0,"tile":"16/58789/24153","vt_code":3101,"vt_lvorder":0},"type":"Feature"},{"geometry":{"coordinates":[[[142.9400722682476,42.7087418722487],[142.94018492102623,42.708725119451934],[142.94016882777214,42.708667962817145],[142.94005617499352,42.70868570108875],[142.9400722682476,42.7087418722487]]],"type":"Polygon"},"properties":{"layer":"BldA","prefCode":"01","sourceId":0,"tile":"16/58789/24153","vt_code":3101,"vt_lvorder":0},"type":"Feature"},{"geometry":{"coordinates":[[[142.94041693210602,42.70885224350267],[142.94051349163055,42.7087872033232],[142.94038742780685,42.7086876720075],[142.94029220938683,42.708752712291265],[142.94041693210602,42.70885224350267]]],"type":"Polygon"},"properties":{"layer":"BldA","prefCode":"01","sourceId":0,"tile":"16/58789/24153","vt_code":3101,"vt_lvorder":0},"type":"Feature"},{"geometry":{"coordinates":[[[142.9426485300064,42.70913506894516],[142.9428805410862,42.70909565084231],[142.94285774230957,42.7090246981941],[142.94262573122978,42.70906510179538],[142.9426485300064,42.70913506894516]]],"type":"Polygon"},"properties":{"layer":"BldA","prefCode":"01","sourceId":0,"tile":"16/58789/24153","vt_code":3101,"vt_lvorder":0},"type":"Feature"},{"geometry":{"coordinates":[[[142.94090643525124,42.708529012847556],[142.94101640582085,42.70850339083339],[142.9409922659397,42.70844524853123],[142.9408822953701,42.708469885106595],[142.94090643525124,42.708529012847556]]],"type":"Polygon"},"properties":{"layer":"BldA","prefCode":"01","sourceId":0,"tile":"16/58789/24153","vt_code":3101,"vt_lvorder":0},"type":"Feature"},{"geometry":{"coordinates":[[[142.9424151778221,42.70839301895912],[142.9424849152565,42.70833389108861],[142.94209331274033,42.7080796406036],[142.94202357530594,42.70813778324822],[142.9424151778221,42.70839301895912]]],"type":"Polygon"},"properties":{"layer":"BldA","prefCode":"01","sourceId":0,"tile":"16/58789/24153","vt_code":3101,"vt_lvorder":0},"type":"Feature"},{"geometry":{"coordinates":[[[142.94234409928322,42.70864036994013],[142.94269680976868,42.70858419868832],[142.9426646232605,42.70847382695774],[142.94231191277504,42.70852999830943],[142.94234409928322,42.70864036994013]]],"type":"Polygon"},"properties":{"layer":"BldA","prefCode":"01","sourceId":0,"tile":"16/58789/24153","vt_code":3101,"vt_lvorder":0},"type":"Feature"},{"geometry":{"coordinates":[[[142.94269010424614,42.70831615271648],[142.9429516196251,42.708245199177234],[142.94288858771324,42.70811905935166],[142.9426284134388,42.708190013035086],[142.94269010424614,42.70831615271648]]],"type":"Polygon"},"properties":{"layer":"BldA","prefCode":"01","sourceId":0,"tile":"16/58789/24153","vt_code":3101,"vt_lvorder":0},"type":"Feature"},{"geometry":{"coordinates":[[[142.9432225227356,42.709229672289865],[142.9432225227356,42.70895670183012],[142.94313937425613,42.70897049819985],[142.9432225227356,42.709229672289865]]],"type":"Polygon"},"properties":{"layer":"BldA","prefCode":"01","sourceId":0,"tile":"16/58789/24153","vt_code":3101,"vt_lvorder":0},"type":"Feature"},{"geometry":{"coordinates":[[[142.94323191046715,42.70925825035523],[142.94334456324577,42.70923854134604],[142.94325068593025,42.7089507890993],[142.94313937425613,42.70897049819985],[142.94323191046715,42.70925825035523]]],"type":"Polygon"},"properties":{"layer":"BldA","prefCode":"01","sourceId":0,"tile":"16/58790/24153","vt_code":3101,"vt_lvorder":0},"type":"Feature"},{"geometry":{"coordinates":[[[142.19399571418762,42.917435105982825],[142.194152623415,42.91727599930201],[142.1940252184868,42.91720724937455],[142.19389379024506,42.91733983845169],[142.1939916908741,42.91739287400266],[142.19396620988846,42.91741939176102],[142.19399571418762,42.917435105982825]]],"type":"Polygon"},"properties":{"layer":"BldA","prefCode":"01","sourceId":0,"tile":"16/58653/24101","vt_code":3101,"vt_lvorder":0},"type":"Feature"},{"geometry":{"coordinates":[[[142.19414055347443,42.91713948151383],[142.19430282711983,42.91693912392452],[142.194245159626,42.91691358810653],[142.1940815448761,42.917113945778866],[142.19414055347443,42.91713948151383]]],"type":"Polygon"},"properties":{"layer":"BldA","prefCode":"01","sourceId":0,"tile":"16/58653/24101","vt_code":3101,"vt_lvorder":0},"type":"Feature"},{"geometry":{"coordinates":[[[142.19457775354385,42.91699510625771],[142.19466090202332,42.91689590945711],[142.1944946050644,42.91682126621474],[142.19445571303368,42.91686840932571],[142.1944758296013,42.91687724865499],[142.19443157315254,42.91692930245732],[142.19457775354385,42.91699510625771]]],"type":"Polygon"},"properties":{"layer":"BldA","prefCode":"01","sourceId":0,"tile":"16/58653/24101","vt_code":3101,"vt_lvorder":0},"type":"Feature"},{"geometry":{"coordinates":[[[142.1946957707405,42.916880195097804],[142.19482451677322,42.916725997734574],[142.19470113515854,42.91667001515691],[142.19457238912582,42.916824212660224],[142.1946957707405,42.916880195097804]]],"type":"Polygon"},"properties":{"layer":"BldA","prefCode":"01","sourceId":0,"tile":"16/58653/24101","vt_code":3111,"vt_lvorder":4},"type":"Feature"},{"geometry":{"coordinates":[[[142.19598725438118,42.91618483068669],[142.19608649611473,42.916178937734415],[142.1960824728012,42.91612786545782],[142.1959751844406,42.91612786545782],[142.19597920775414,42.916178937734415],[142.19598725438118,42.91618483068669]]],"type":"Polygon"},"properties":{"layer":"BldA","prefCode":"01","sourceId":0,"tile":"16/58653/24101","vt_code":3101,"vt_lvorder":0},"type":"Feature"},{"geometry":{"coordinates":[[[142.19598725438118,42.91618483068669],[142.196044921875,42.91618188421062],[142.19608649611473,42.916178937734415],[142.1960784494877,42.91605518560659],[142.1959711611271,42.91605518560659],[142.19597920775414,42.916178937734415],[142.19598725438118,42.91618483068669]]],"type":"Polygon"},"properties":{"layer":"BldA","prefCode":"01","sourceId":0,"tile":"16/58653/24102","vt_code":3101,"vt_lvorder":0},"type":"Feature"},{"geometry":{"coordinates":[[[143.81516844034195,42.87667957624978],[143.81523817777634,42.876614712202645],[143.81501823663712,42.87646729366017],[143.81495654582977,42.876539037394835],[143.81516844034195,42.87667957624978]]],"type":"Polygon"},"properties":{"layer":"BldA","prefCode":"01","sourceId":0,"tile":"16/58948/24111","vt_code":3101,"vt_lvorder":0},"type":"Feature"},{"geometry":{"coordinates":[[[143.81534948945045,42.876895789247754],[143.81541922688484,42.87682797707084],[143.81520465016365,42.87671004267261],[143.81513625383377,42.87677785497914],[143.81534948945045,42.876895789247754]]],"type":"Polygon"},"properties":{"layer":"BldA","prefCode":"01","sourceId":0,"tile":"16/58948/24111","vt_code":3101,"vt_lvorder":0},"type":"Feature"},{"geometry":{"coordinates":[[[143.8156633079052,42.87705303458864],[143.81573304533958,42.87698522258453],[143.8155037164688,42.87687318519706],[143.81544202566147,42.87694001454038],[143.8156633079052,42.87705303458864]]],"type":"Polygon"},"properties":{"layer":"BldA","prefCode":"01","sourceId":0,"tile":"16/58948/24111","vt_code":3101,"vt_lvorder":0},"type":"Feature"},{"geometry":{"coordinates":[[[143.81548762321472,42.87608007261117],[143.81558686494827,42.87604076069367],[143.815538585186,42.87596410238255],[143.81549566984177,42.87589432358064],[143.81539642810822,42.87593363559142],[143.81541520357132,42.87596410238255],[143.81548762321472,42.87608007261117]]],"type":"Polygon"},"properties":{"layer":"BldA","prefCode":"01","sourceId":0,"tile":"16/58948/24111","vt_code":3101,"vt_lvorder":0},"type":"Feature"},{"geometry":{"coordinates":[[[143.81595835089684,42.87679652792002],[143.81600931286812,42.87674738858978],[143.81588727235794,42.87667859346169],[143.81583631038666,42.87672773284671],[143.81595835089684,42.87679652792002]]],"type":"Polygon"},"properties":{"layer":"BldA","prefCode":"01","sourceId":0,"tile":"16/58948/24111","vt_code":3101,"vt_lvorder":0},"type":"Feature"},{"geometry":{"coordinates":[[[143.816260099411,42.87674345744166],[143.81634324789047,42.87668154182589],[143.81621450185776,42.87656950388707],[143.81628289818764,42.87652429553835],[143.81635934114456,42.87659112525952],[143.81644383072853,42.87653019228137],[143.81614476442337,42.87626582108257],[143.81605356931686,42.87632184035309],[143.8161675632,42.87642306802875],[143.81609112024307,42.87647908715653],[143.81592348217964,42.87634444460574],[143.81583228707314,42.87640046380489],[143.81583228707314,42.8764171712755],[143.8157021999359,42.876495794605844],[143.81578668951988,42.87655771040799],[143.8159154355526,42.87647319040863],[143.816260099411,42.87674345744166]]],"type":"Polygon"},"properties":{"layer":"BldA","prefCode":"01","sourceId":0,"tile":"16/58948/24111","vt_code":3101,"vt_lvorder":0},"type":"Feature"},{"geometry":{"coordinates":[[[143.81652563810349,42.87611643611254],[143.8165283203125,42.876110539329986],[143.81655782461166,42.8760348639039],[143.8165283203125,42.87602896711354],[143.8163284957409,42.87598474116799],[143.8162922859192,42.87606729624073],[143.81652563810349,42.87611643611254]]],"type":"Polygon"},"properties":{"layer":"BldA","prefCode":"01","sourceId":0,"tile":"16/58948/24111","vt_code":3101,"vt_lvorder":0},"type":"Feature"},{"geometry":{"coordinates":[[[143.8166356086731,42.87657441783602],[143.8166356086731,42.876455500161555],[143.8165283203125,42.87638670470806],[143.81648138165474,42.87635623812558],[143.8164223730564,42.876431913157575],[143.8165283203125,42.876502674142486],[143.8166356086731,42.87657441783602]]],"type":"Polygon"},"properties":{"layer":"BldA","prefCode":"01","sourceId":0,"tile":"16/58948/24111","vt_code":3101,"vt_lvorder":0},"type":"Feature"},{"geometry":{"coordinates":[[[143.81594225764275,42.87596410238255],[143.8160589337349,42.87593363559142],[143.81602942943573,42.87588547837477],[143.8158993422985,42.87588547837477],[143.81594225764275,42.87596410238255]]],"type":"Polygon"},"properties":{"layer":"BldA","prefCode":"01","sourceId":0,"tile":"16/58948/24111","vt_code":3101,"vt_lvorder":0},"type":"Feature"},{"geometry":{"coordinates":[[[143.81558150053024,42.876042726290144],[143.81558686494827,42.87604076069367],[143.815538585186,42.87596410238255],[143.81549566984177,42.87589432358064],[143.81539642810822,42.87593363559142],[143.81541520357132,42.87596410238255],[143.8154634833336,42.876042726290144],[143.81558150053024,42.876042726290144]]],"type":"Polygon"},"properties":{"layer":"BldA","prefCode":"01","sourceId":0,"tile":"16/58948/24112","vt_code":3101,"vt_lvorder":0},"type":"Feature"},{"geometry":{"coordinates":[[[143.81655380129814,42.876042726290144],[143.81655782461166,42.8760348639039],[143.8163284957409,42.87598474116799],[143.81630301475525,42.876042726290144],[143.81655380129814,42.876042726290144]]],"type":"Polygon"},"properties":{"layer":"BldA","prefCode":"01","sourceId":0,"tile":"16/58948/24112","vt_code":3101,"vt_lvorder":0},"type":"Feature"},{"geometry":{"coordinates":[[[143.81594225764275,42.87596410238255],[143.8160589337349,42.87593363559142],[143.8159690797329,42.87578228421254],[143.81585910916328,42.87580980267268],[143.81594225764275,42.87596410238255]]],"type":"Polygon"},"properties":{"layer":"BldA","prefCode":"01","sourceId":0,"tile":"16/58948/24112","vt_code":3101,"vt_lvorder":0},"type":"Feature"},{"geometry":{"coordinates":[[[143.81656989455223,42.87567908987774],[143.8166356086731,42.87566041659873],[143.8166356086731,42.875578843787274],[143.81653234362602,42.875608327948434],[143.81656989455223,42.87567908987774]]],"type":"Polygon"},"properties":{"layer":"BldA","prefCode":"01","sourceId":0,"tile":"16/58948/24112","vt_code":3101,"vt_lvorder":0},"type":"Feature"},{"geometry":{"coordinates":[[[143.8164210319519,42.87654689971685],[143.81644383072853,42.87653019228137],[143.8164210319519,42.876510536469134],[143.8164210319519,42.87654689971685]]],"type":"Polygon"},"properties":{"layer":"BldA","prefCode":"01","sourceId":0,"tile":"16/58949/24111","vt_code":3101,"vt_lvorder":0},"type":"Feature"},{"geometry":{"coordinates":[[[143.81652563810349,42.87611643611254],[143.8165283203125,42.876110539329986],[143.81655782461166,42.8760348639039],[143.8165283203125,42.87602896711354],[143.8164210319519,42.87600537994653],[143.8164210319519,42.87609481457377],[143.81652563810349,42.87611643611254]]],"type":"Polygon"},"properties":{"layer":"BldA","prefCode":"01","sourceId":0,"tile":"16/58949/24111","vt_code":3101,"vt_lvorder":0},"type":"Feature"},{"geometry":{"coordinates":[[[143.81671741604805,42.876628471248644],[143.81679520010948,42.87655771040799],[143.81666645407677,42.87647515599133],[143.8165283203125,42.87638670470806],[143.81648138165474,42.87635623812558],[143.8164223730564,42.876431913157575],[143.8165283203125,42.876502674142486],[143.81671741604805,42.876628471248644]]],"type":"Polygon"},"properties":{"layer":"BldA","prefCode":"01","sourceId":0,"tile":"16/58949/24111","vt_code":3101,"vt_lvorder":0},"type":"Feature"},{"geometry":{"coordinates":[[[143.81687566637993,42.87642601640516],[143.81697088479996,42.876358203712],[143.81673753261566,42.87618130068342],[143.81666645407677,42.87623338885007],[143.81664365530014,42.87624911357098],[143.81687566637993,42.87642601640516]]],"type":"Polygon"},"properties":{"layer":"BldA","prefCode":"01","sourceId":0,"tile":"16/58949/24111","vt_code":3101,"vt_lvorder":0},"type":"Feature"},{"geometry":{"coordinates":[[[143.81703794002533,42.876306115650706],[143.81709158420563,42.87626680387722],[143.8168340921402,42.87607515862285],[143.8167804479599,42.876113487721334],[143.81703794002533,42.876306115650706]]],"type":"Polygon"},"properties":{"layer":"BldA","prefCode":"01","sourceId":0,"tile":"16/58949/24111","vt_code":3101,"vt_lvorder":0},"type":"Feature"},{"geometry":{"coordinates":[[[143.81715595722198,42.87624518239113],[143.81718680262566,42.87622159530676],[143.8171599805355,42.876201939396225],[143.8172109425068,42.87616459314896],[143.81695345044136,42.875976878774345],[143.8168716430664,42.876037812298854],[143.81715595722198,42.87624518239113]]],"type":"Polygon"},"properties":{"layer":"BldA","prefCode":"01","sourceId":0,"tile":"16/58949/24111","vt_code":3101,"vt_lvorder":0},"type":"Feature"},{"geometry":{"coordinates":[[[143.81655380129814,42.876042726290144],[143.81655782461166,42.8760348639039],[143.8164210319519,42.87600537994653],[143.8164210319519,42.876042726290144],[143.81655380129814,42.876042726290144]]],"type":"Polygon"},"properties":{"layer":"BldA","prefCode":"01","sourceId":0,"tile":"16/58949/24112","vt_code":3101,"vt_lvorder":0},"type":"Feature"},{"geometry":{"coordinates":[[[143.81704330444336,42.876042726290144],[143.81695345044136,42.875976878774345],[143.8168716430664,42.876037812298854],[143.81687834858894,42.876042726290144],[143.81704330444336,42.876042726290144]]],"type":"Polygon"},"properties":{"layer":"BldA","prefCode":"01","sourceId":0,"tile":"16/58949/24112","vt_code":3101,"vt_lvorder":0},"type":"Feature"},{"geometry":{"coordinates":[[[143.81656989455223,42.87567908987774],[143.81677642464638,42.875620121608954],[143.81673887372017,42.87554935961203],[143.81653234362602,42.875608327948434],[143.81656989455223,42.87567908987774]]],"type":"Polygon"},"properties":{"layer":"BldA","prefCode":"01","sourceId":0,"tile":"16/58949/24112","vt_code":3101,"vt_lvorder":0},"type":"Feature"},{"geometry":{"coordinates":[[[143.85791078209877,42.90514732547197],[143.85800331830978,42.905113926087715],[143.85799124836922,42.905097226388804],[143.85800331830978,42.905093297047216],[143.85798454284668,42.905065791649164],[143.8579697906971,42.90507070332829],[143.85794028639793,42.90502649820207],[143.85785177350044,42.905057932961746],[143.85791078209877,42.90514732547197]]],"type":"Polygon"},"properties":{"layer":"BldA","prefCode":"01","sourceId":0,"tile":"16/58956/24104","vt_code":3101,"vt_lvorder":0},"type":"Feature"},{"geometry":{"coordinates":[[[143.85955229401588,42.90449406952508],[143.85965824127197,42.90443905818197],[143.8596461713314,42.90442628768458],[143.85966360569,42.904417446569454],[143.85964214801788,42.90439485260281],[143.85961934924126,42.90440664076036],[143.85957643389702,42.904361452810875],[143.85947450995445,42.90441548187703],[143.85955229401588,42.90449406952508]]],"type":"Polygon"},"properties":{"layer":"BldA","prefCode":"01","sourceId":0,"tile":"16/58956/24104","vt_code":3101,"vt_lvorder":0},"type":"Feature"},{"geometry":{"coordinates":[[[143.85961532592773,42.90428777673527],[143.8596837222576,42.90425142983887],[143.85959520936012,42.90416105367927],[143.85952681303024,42.904197400628945],[143.85961532592773,42.90428777673527]]],"type":"Polygon"},"properties":{"layer":"BldA","prefCode":"01","sourceId":0,"tile":"16/58956/24104","vt_code":3101,"vt_lvorder":0},"type":"Feature"},{"geometry":{"coordinates":[[[143.86049777269363,42.904067730331924],[143.86050447821617,42.90405790681346],[143.86048167943954,42.90405790681346],[143.86049777269363,42.904067730331924]]],"type":"Polygon"},"properties":{"layer":"BldA","prefCode":"01","sourceId":0,"tile":"16/58956/24104","vt_code":3101,"vt_lvorder":0},"type":"Feature"},{"geometry":{"coordinates":[[[143.8596475124359,42.90421508292104],[143.85959520936012,42.90416105367927],[143.85952681303024,42.904197400628945],[143.85954290628433,42.90421508292104],[143.8596475124359,42.90421508292104]]],"type":"Polygon"},"properties":{"layer":"BldA","prefCode":"01","sourceId":0,"tile":"16/58956/24105","vt_code":3101,"vt_lvorder":0},"type":"Feature"},{"geometry":{"coordinates":[[[143.85641545057297,42.90336829190532],[143.85646104812622,42.90334962700714],[143.8564395904541,42.903320156103774],[143.8564597070217,42.90331131483002],[143.85641813278198,42.90325433770205],[143.8563510775566,42.90328086154404],[143.85641545057297,42.90336829190532]]],"type":"Polygon"},"properties":{"layer":"BldA","prefCode":"01","sourceId":0,"tile":"16/58956/24105","vt_code":3101,"vt_lvorder":0},"type":"Feature"},{"geometry":{"coordinates":[[[143.86049777269363,42.904067730331924],[143.86055275797844,42.903999948022665],[143.8604736328125,42.903953777421506],[143.86037975549698,42.90389876559626],[143.86032611131668,42.90396065389621],[143.8604736328125,42.90405299505364],[143.86049777269363,42.904067730331924]]],"type":"Polygon"},"properties":{"layer":"BldA","prefCode":"01","sourceId":0,"tile":"16/58956/24105","vt_code":3101,"vt_lvorder":0},"type":"Feature"},{"geometry":{"coordinates":[[[143.8604012131691,42.90373765925423],[143.8604736328125,42.903674788372406],[143.86055275797844,42.90360405855371],[143.8604736328125,42.90355592293625],[143.86046424508095,42.90355002877642],[143.8603113591671,42.9036787178044],[143.8604012131691,42.90373765925423]]],"type":"Polygon"},"properties":{"layer":"BldA","prefCode":"01","sourceId":0,"tile":"16/58956/24105","vt_code":3101,"vt_lvorder":0},"type":"Feature"},{"geometry":{"coordinates":[[[143.8605809211731,42.90391448326563],[143.8605809211731,42.90381330069896],[143.86055544018745,42.9037975830038],[143.86050179600716,42.90386438318056],[143.8605809211731,42.90391448326563]]],"type":"Polygon"},"properties":{"layer":"BldA","prefCode":"01","sourceId":0,"tile":"16/58956/24105","vt_code":3101,"vt_lvorder":0},"type":"Feature"},{"geometry":{"coordinates":[[[143.8605809211731,42.901033171038534],[143.8605809211731,42.90093296614473],[143.86051788926125,42.90091037090107],[143.86049509048462,42.90094671976724],[143.86048302054405,42.900942790161125],[143.8604736328125,42.900957526182786],[143.86046156287193,42.90097619180517],[143.8604736328125,42.90098110381012],[143.86050045490265,42.90098994541804],[143.8604924082756,42.901002716627254],[143.8605809211731,42.901033171038534]]],"type":"Polygon"},"properties":{"layer":"BldA","prefCode":"01","sourceId":0,"tile":"16/58956/24105","vt_code":3101,"vt_lvorder":0},"type":"Feature"},{"geometry":{"coordinates":[[[143.86049777269363,42.904067730331924],[143.86055275797844,42.903999948022665],[143.8604736328125,42.903953777421506],[143.86037975549698,42.90389876559626],[143.8603663444519,42.90391448326563],[143.8603663444519,42.90398619508125],[143.8604736328125,42.90405299505364],[143.86049777269363,42.904067730331924]]],"type":"Polygon"},"properties":{"layer":"BldA","prefCode":"01","sourceId":0,"tile":"16/58957/24105","vt_code":3101,"vt_lvorder":0},"type":"Feature"},{"geometry":{"coordinates":[[[143.8604012131691,42.90373765925423],[143.8604736328125,42.903674788372406],[143.86055275797844,42.90360405855371],[143.8604736328125,42.90355592293625],[143.86046424508095,42.90355002877642],[143.8603663444519,42.90363254696266],[143.8603663444519,42.903715065038455],[143.8604012131691,42.90373765925423]]],"type":"Polygon"},"properties":{"layer":"BldA","prefCode":"01","sourceId":0,"tile":"16/58957/24105","vt_code":3101,"vt_lvorder":0},"type":"Feature"},{"geometry":{"coordinates":[[[143.8607069849968,42.90399208919938],[143.86076867580414,42.903921359744714],[143.86055544018745,42.9037975830038],[143.86050179600716,42.90386438318056],[143.8607069849968,42.90399208919938]]],"type":"Polygon"},"properties":{"layer":"BldA","prefCode":"01","sourceId":0,"tile":"16/58957/24105","vt_code":3101,"vt_lvorder":0},"type":"Feature"},{"geometry":{"coordinates":[[[143.86109188199043,42.90120705561481],[143.86118844151497,42.90114418215231],[143.8610664010048,42.90104495983887],[143.86097118258476,42.901107833402556],[143.86109188199043,42.90120705561481]]],"type":"Polygon"},"properties":{"layer":"BldA","prefCode":"01","sourceId":0,"tile":"16/58957/24105","vt_code":3101,"vt_lvorder":0},"type":"Feature"},{"geometry":{"coordinates":[[[143.86059299111366,42.901037100638895],[143.86062249541283,42.90099191021963],[143.8606359064579,42.90099682222333],[143.86066004633904,42.90095949098541],[143.86051788926125,42.90091037090107],[143.86049509048462,42.90094671976724],[143.86048302054405,42.900942790161125],[143.8604736328125,42.900957526182786],[143.86046156287193,42.90097619180517],[143.8604736328125,42.90098110381012],[143.86050045490265,42.90098994541804],[143.8604924082756,42.901002716627254],[143.86059299111366,42.901037100638895]]],"type":"Polygon"},"properties":{"layer":"BldA","prefCode":"01","sourceId":0,"tile":"16/58957/24105","vt_code":3101,"vt_lvorder":0},"type":"Feature"},{"geometry":{"coordinates":[[[143.86082366108894,42.90116481251426],[143.8609068095684,42.9011029214077],[143.8607780635357,42.90101352303297],[143.86070027947426,42.90107541422928],[143.86082366108894,42.90116481251426]]],"type":"Polygon"},"properties":{"layer":"BldA","prefCode":"01","sourceId":0,"tile":"16/58957/24105","vt_code":3101,"vt_lvorder":0},"type":"Feature"},{"geometry":{"coordinates":[[[143.86098325252533,42.901058713436406],[143.8610677421093,42.90099583982262],[143.86093765497208,42.90090644129264],[143.86086121201515,42.900968332596435],[143.86098325252533,42.901058713436406]]],"type":"Polygon"},"properties":{"layer":"BldA","prefCode":"01","sourceId":0,"tile":"16/58957/24105","vt_code":3101,"vt_lvorder":0},"type":"Feature"},{"geometry":{"coordinates":[[[143.86120587587357,42.90090054687951],[143.86128902435303,42.90083865550767],[143.8611589372158,42.90074925674978],[143.86108249425888,42.90081114821136],[143.86120587587357,42.90090054687951]]],"type":"Polygon"},"properties":{"layer":"BldA","prefCode":"01","sourceId":0,"tile":"16/58957/24105","vt_code":3101,"vt_lvorder":0},"type":"Feature"},{"geometry":{"coordinates":[[[143.86135876178741,42.900793464942964],[143.86144191026688,42.900731573463624],[143.86131182312965,42.90064217455047],[143.86123538017273,42.90070406611954],[143.86135876178741,42.900793464942964]]],"type":"Polygon"},"properties":{"layer":"BldA","prefCode":"01","sourceId":0,"tile":"16/58957/24105","vt_code":3101,"vt_lvorder":0},"type":"Feature"},{"geometry":{"coordinates":[[[143.8618241250515,42.9009123357052],[143.86192336678505,42.90080525378912],[143.86183217167854,42.90076006319993],[143.861732929945,42.900867145194496],[143.8618241250515,42.9009123357052]]],"type":"Polygon"},"properties":{"layer":"BldA","prefCode":"01","sourceId":0,"tile":"16/58957/24105","vt_code":3101,"vt_lvorder":0},"type":"Feature"},{"geometry":{"coordinates":[[[143.8614110648632,42.90058421254849],[143.86152103543282,42.900474182835524],[143.86143118143082,42.900425062364555],[143.8613198697567,42.90053410975711],[143.8614110648632,42.90058421254849]]],"type":"Polygon"},"properties":{"layer":"BldA","prefCode":"01","sourceId":0,"tile":"16/58957/24105","vt_code":3101,"vt_lvorder":0},"type":"Feature"},{"geometry":{"coordinates":[[[143.8618080317974,42.90063529770562],[143.86190459132195,42.90053607457323],[143.86134266853333,42.90023840421797],[143.8612823188305,42.90030029619236],[143.86147141456604,42.900400502114394],[143.86148616671562,42.90038478354916],[143.86156931519508,42.90042800959392],[143.8615170121193,42.900481059698336],[143.8618080317974,42.90063529770562]]],"type":"Polygon"},"properties":{"layer":"BldA","prefCode":"01","sourceId":0,"tile":"16/58957/24105","vt_code":3101,"vt_lvorder":0},"type":"Feature"},{"geometry":{"coordinates":[[[143.63782480359077,43.282972555959006],[143.63787844777107,43.28296084044644],[143.63789454102516,43.28293252794843],[143.63788649439812,43.282899333968466],[143.63771751523018,43.28284856666996],[143.63770946860313,43.28283782742831],[143.6376330256462,43.28283782742831],[143.63761022686958,43.28288273697169],[143.63761022686958,43.28291007319926],[143.63782480359077,43.282972555959006]]],"type":"Polygon"},"properties":{"layer":"BldA","prefCode":"01","sourceId":0,"tile":"16/58916/24010","vt_code":3101,"vt_lvorder":0},"type":"Feature"},{"geometry":{"coordinates":[[[143.63817885518074,43.28307409030673],[143.63820165395737,43.28306237481372],[143.6382257938385,43.28299501068511],[143.63803267478943,43.28293838570772],[143.63800182938576,43.282989152931286],[143.63800182938576,43.28302332315404],[143.63807156682014,43.28303992011247],[143.63817885518074,43.28307409030673]]],"type":"Polygon"},"properties":{"layer":"BldA","prefCode":"01","sourceId":0,"tile":"16/58916/24010","vt_code":3101,"vt_lvorder":0},"type":"Feature"},{"geometry":{"coordinates":[[[144.2280288040638,43.140504663570866],[144.2281199991703,43.140492920659206],[144.22815084457397,43.14047628486383],[144.22820448875427,43.14046454194672],[144.22819778323174,43.14041463452386],[144.22818168997765,43.140386255775034],[144.22811329364777,43.14039702012958],[144.22800600528717,43.14041952741025],[144.22800600528717,43.14045377760405],[144.2280288040638,43.140504663570866]]],"type":"Polygon"},"properties":{"layer":"BldA","prefCode":"01","sourceId":0,"tile":"16/59023/24046","vt_code":3101,"vt_lvorder":0},"type":"Feature"},{"geometry":{"coordinates":[[[144.22998815774918,43.14263694322502],[144.2300297319889,43.141964681347304],[144.22940477728844,43.14191771080882],[144.22939538955688,43.142168219930404],[144.22965958714485,43.142183876716416],[144.2296341061592,43.142610522592086],[144.22998815774918,43.14263694322502]]],"type":"Polygon"},"properties":{"layer":"BldA","prefCode":"01","sourceId":0,"tile":"16/59024/24045","vt_code":3111,"vt_lvorder":0},"type":"Feature"},{"geometry":{"coordinates":[[[144.2300297319889,43.1418296409519],[144.230045825243,43.14137167565084],[144.22942087054253,43.14134525447112],[144.22940477728844,43.14180909130037],[144.2300297319889,43.1418296409519]]],"type":"Polygon"},"properties":{"layer":"BldA","prefCode":"01","sourceId":0,"tile":"16/59024/24045","vt_code":3111,"vt_lvorder":0},"type":"Feature"},{"geometry":{"coordinates":[[[144.23097252845764,43.142517561015076],[144.23097789287567,43.14230325957796],[144.23027515411377,43.14227194606306],[144.23025369644165,43.14249603305076],[144.23097252845764,43.142517561015076]]],"type":"Polygon"},"properties":{"layer":"BldA","prefCode":"01","sourceId":0,"tile":"16/59024/24045","vt_code":3111,"vt_lvorder":0},"type":"Feature"},{"geometry":{"coordinates":[[[144.2303690314293,43.14143821783067],[144.2305527627468,43.14143234646477],[144.2305527627468,43.14134819015832],[144.2303690314293,43.14135406153229],[144.2303690314293,43.14143821783067]]],"type":"Polygon"},"properties":{"layer":"BldA","prefCode":"01","sourceId":0,"tile":"16/59024/24045","vt_code":3101,"vt_lvorder":0},"type":"Feature"},{"geometry":{"coordinates":[[[144.23026844859123,43.14126892655444],[144.23044547438622,43.141264033736014],[144.23044547438622,43.141179877197885],[144.23026844859123,43.14118477002303],[144.23026844859123,43.14126892655444]]],"type":"Polygon"},"properties":{"layer":"BldA","prefCode":"01","sourceId":0,"tile":"16/59024/24045","vt_code":3101,"vt_lvorder":0},"type":"Feature"},{"geometry":{"coordinates":[[[144.2310918867588,43.142209318985145],[144.23108652234077,43.14191281804232],[144.23025906085968,43.141892268418744],[144.23024833202362,43.142183876716416],[144.2310918867588,43.142209318985145]]],"type":"Polygon"},"properties":{"layer":"BldA","prefCode":"01","sourceId":0,"tile":"16/59024/24045","vt_code":3111,"vt_lvorder":0},"type":"Feature"},{"geometry":{"coordinates":[[[144.2311079800129,43.14179832719442],[144.23111334443092,43.14161631566154],[144.230228215456,43.14156934485542],[144.23023760318756,43.14176701342091],[144.2311079800129,43.14179832719442]]],"type":"Polygon"},"properties":{"layer":"BldA","prefCode":"01","sourceId":0,"tile":"16/59024/24045","vt_code":3111,"vt_lvorder":0},"type":"Feature"},{"geometry":{"coordinates":[[[144.23010885715485,43.140509556450056],[144.23028454184532,43.14046454194672],[144.23025369644165,43.14039212724139],[144.2301920056343,43.14039702012958],[144.23007801175117,43.140425398873404],[144.2301008105278,43.140504663570866],[144.23010885715485,43.140509556450056]]],"type":"Polygon"},"properties":{"layer":"BldA","prefCode":"01","sourceId":0,"tile":"16/59024/24046","vt_code":3101,"vt_lvorder":0},"type":"Feature"},{"geometry":{"coordinates":[[[144.23041462898254,43.14043714179803],[144.2304991185665,43.14041952741025],[144.23058360815048,43.14039702012958],[144.2305527627468,43.14032460534427],[144.2304991185665,43.140329498237875],[144.23049241304398,43.14034124118092],[144.23038378357887,43.14036374848212],[144.23039987683296,43.14041463452386],[144.23041462898254,43.14043714179803]]],"type":"Polygon"},"properties":{"layer":"BldA","prefCode":"01","sourceId":0,"tile":"16/59024/24046","vt_code":3101,"vt_lvorder":0},"type":"Feature"},{"geometry":{"coordinates":[[[144.23232436180115,43.15258985959811],[144.2324396967888,43.15251648087188],[144.2322787642479,43.15237070154106],[144.23216342926025,43.15243233982404],[144.23232436180115,43.15258985959811]]],"type":"Polygon"},"properties":{"layer":"BldA","prefCode":"01","sourceId":0,"tile":"16/59024/24043","vt_code":3101,"vt_lvorder":0},"type":"Feature"},{"geometry":{"coordinates":[[[144.23257783055305,43.1524832158203],[144.23267036676407,43.15243233982404],[144.23255503177643,43.15233156609102],[144.23247054219246,43.152387334099735],[144.23257783055305,43.1524832158203]]],"type":"Polygon"},"properties":{"layer":"BldA","prefCode":"01","sourceId":0,"tile":"16/59024/24043","vt_code":3101,"vt_lvorder":0},"type":"Feature"},{"geometry":{"coordinates":[[[144.23137351870537,43.1514539470419],[144.2315424978733,43.15134730128198],[144.23141911625862,43.15124554735591],[144.23125013709068,43.15135219329339],[144.23137351870537,43.1514539470419]]],"type":"Polygon"},"properties":{"layer":"BldA","prefCode":"01","sourceId":0,"tile":"16/59024/24043","vt_code":3101,"vt_lvorder":0},"type":"Feature"},{"geometry":{"coordinates":[[[144.2317570745945,43.151318927608095],[144.23189520835876,43.151239676931944],[144.23182681202888,43.151172167015645],[144.23168867826462,43.15125728820219],[144.2317570745945,43.151318927608095]]],"type":"Polygon"},"properties":{"layer":"BldA","prefCode":"01","sourceId":0,"tile":"16/59024/24043","vt_code":3101,"vt_lvorder":0},"type":"Feature"},{"geometry":{"coordinates":[[[144.23193007707596,43.15226797093128],[144.23234179615974,43.15203902780825],[144.2322264611721,43.15192651271125],[144.23181608319283,43.15215349947697],[144.23193007707596,43.15226797093128]]],"type":"Polygon"},"properties":{"layer":"BldA","prefCode":"01","sourceId":0,"tile":"16/59024/24043","vt_code":3111,"vt_lvorder":0},"type":"Feature"},{"geometry":{"coordinates":[[[144.23233911395073,43.151871722675985],[144.2329117655754,43.15156450621123],[144.23258855938911,43.15125533139463],[144.23202127218246,43.15156450621123],[144.23233911395073,43.151871722675985]]],"type":"Polygon"},"properties":{"layer":"BldA","prefCode":"01","sourceId":0,"tile":"16/59024/24043","vt_code":3111,"vt_lvorder":0},"type":"Feature"},{"geometry":{"coordinates":[[[144.23302307724953,43.15255072428842],[144.23326179385185,43.15240983696603],[144.23319205641747,43.152348198660356],[144.23295468091965,43.15248810774079],[144.23302307724953,43.15255072428842]]],"type":"Polygon"},"properties":{"layer":"BldA","prefCode":"01","sourceId":0,"tile":"16/59024/24043","vt_code":3101,"vt_lvorder":0},"type":"Feature"},{"geometry":{"coordinates":[[[144.23356756567955,43.15240983696603],[144.23366010189056,43.15235896090868],[144.233468323946,43.15216230498106],[144.23337578773499,43.15221318120212],[144.23356756567955,43.15240983696603]]],"type":"Polygon"},"properties":{"layer":"BldA","prefCode":"01","sourceId":0,"tile":"16/59024/24043","vt_code":3101,"vt_lvorder":0},"type":"Feature"},{"geometry":{"coordinates":[[[144.23281252384186,43.152377550242235],[144.2332161962986,43.15216426175958],[144.2330914735794,43.15203902780825],[144.23326581716537,43.15194216699802],[144.23298820853233,43.15167702197467],[144.23241421580315,43.151979345913034],[144.23281252384186,43.152377550242235]]],"type":"Polygon"},"properties":{"layer":"BldA","prefCode":"01","sourceId":0,"tile":"16/59024/24043","vt_code":3111,"vt_lvorder":0},"type":"Feature"},{"geometry":{"coordinates":[[[144.09123212099075,43.17908849227798],[144.0912938117981,43.1790444841471],[144.0912938117981,43.17901025557892],[144.0911865234375,43.17893690858252],[144.09117311239243,43.17892712897634],[144.0911503136158,43.17893299674024],[144.09108862280846,43.17897798291137],[144.09110471606255,43.179000475984495],[144.0911865234375,43.17905719761038],[144.09123212099075,43.17908849227798]]],"type":"Polygon"},"properties":{"layer":"BldA","prefCode":"01","sourceId":0,"tile":"16/58998/24036","vt_code":3101,"vt_lvorder":0},"type":"Feature"},{"geometry":{"coordinates":[[[144.0914735198021,43.17925376697515],[144.09154191613197,43.17920291326982],[144.09153521060944,43.179180420271265],[144.09139171242714,43.1790777347378],[144.09130588173866,43.179146191779296],[144.0914735198021,43.17925376697515]]],"type":"Polygon"},"properties":{"layer":"BldA","prefCode":"01","sourceId":0,"tile":"16/58999/24036","vt_code":3101,"vt_lvorder":0},"type":"Feature"},{"geometry":{"coordinates":[[[144.0921038389206,43.179298752909936],[144.0921574831009,43.179259634707655],[144.09218028187752,43.17925376697515],[144.0921950340271,43.17923127399533],[144.09206494688988,43.17914716973648],[144.0920488536358,43.17914130199316],[144.09198850393295,43.17920291326982],[144.09201130270958,43.179225406260095],[144.0921038389206,43.179298752909936]]],"type":"Polygon"},"properties":{"layer":"BldA","prefCode":"01","sourceId":0,"tile":"16/58999/24036","vt_code":3101,"vt_lvorder":0},"type":"Feature"},{"geometry":{"coordinates":[[[144.09270197153091,43.18015347937354],[144.09276366233826,43.18013098672516],[144.09279450774193,43.180091869056064],[144.0926295518875,43.179980383561656],[144.09254506230354,43.18004688370563],[144.09270197153091,43.18015347937354]]],"type":"Polygon"},"properties":{"layer":"BldA","prefCode":"01","sourceId":0,"tile":"16/58999/24036","vt_code":3101,"vt_lvorder":0},"type":"Feature"},{"geometry":{"coordinates":[[[144.09301713109016,43.18014761172694],[144.09314051270485,43.18005275136191],[144.0931324660778,43.180041016048776],[144.09308686852455,43.18000189832204],[144.09305602312088,43.180007765982644],[144.09294873476028,43.180091869056064],[144.09301713109016,43.18014761172694]]],"type":"Polygon"},"properties":{"layer":"BldA","prefCode":"01","sourceId":0,"tile":"16/58999/24036","vt_code":3101,"vt_lvorder":0},"type":"Feature"},{"geometry":{"coordinates":[[[144.0929138660431,43.17943468846803],[144.09297823905945,43.1793711215181],[144.09286424517632,43.17928212767703],[144.09277841448784,43.17934080494945],[144.0929138660431,43.17943468846803]]],"type":"Polygon"},"properties":{"layer":"BldA","prefCode":"01","sourceId":0,"tile":"16/58999/24036","vt_code":3101,"vt_lvorder":0},"type":"Feature"},{"geometry":{"coordinates":[[[144.09311771392822,43.1793711215181],[144.09321293234825,43.17930462063812],[144.09308686852455,43.179226384216],[144.0930077433586,43.179281149722016],[144.09311771392822,43.1793711215181]]],"type":"Polygon"},"properties":{"layer":"BldA","prefCode":"01","sourceId":0,"tile":"16/58999/24036","vt_code":3101,"vt_lvorder":0},"type":"Feature"},{"geometry":{"coordinates":[[[144.0933094918728,43.180106538184916],[144.09337654709816,43.180047861648376],[144.09330815076828,43.17999603066087],[144.09323304891586,43.18005764107505],[144.0933094918728,43.180106538184916]]],"type":"Polygon"},"properties":{"layer":"BldA","prefCode":"01","sourceId":0,"tile":"16/58999/24036","vt_code":3101,"vt_lvorder":0},"type":"Feature"},{"geometry":{"coordinates":[[[144.09363940358162,43.17961952122336],[144.09367829561234,43.17960778582696],[144.09367829561234,43.17954030725387],[144.09359380602837,43.1795295497933],[144.09350126981735,43.1795295497933],[144.09348651766777,43.17958529297755],[144.09348651766777,43.179601918127915],[144.09363940358162,43.17961952122336]]],"type":"Polygon"},"properties":{"layer":"BldA","prefCode":"01","sourceId":0,"tile":"16/58999/24036","vt_code":3101,"vt_lvorder":0},"type":"Feature"},{"geometry":{"coordinates":[[[144.09331753849983,43.179225406260095],[144.09340471029282,43.17915597135039],[144.0932933986187,43.17907969065434],[144.09321829676628,43.17914716973648],[144.09331753849983,43.179225406260095]]],"type":"Polygon"},"properties":{"layer":"BldA","prefCode":"01","sourceId":0,"tile":"16/58999/24036","vt_code":3101,"vt_lvorder":0},"type":"Feature"},{"geometry":{"coordinates":[[[144.09369304776192,43.17950118920635],[144.09371718764305,43.179421975083336],[144.09363940358162,43.17940534988398],[144.09358575940132,43.17941121760192],[144.0935629606247,43.179478696317666],[144.09369304776192,43.17949532149705],[144.09369304776192,43.17950118920635]]],"type":"Polygon"},"properties":{"layer":"BldA","prefCode":"01","sourceId":0,"tile":"16/58999/24036","vt_code":3101,"vt_lvorder":0},"type":"Feature"},{"geometry":{"coordinates":[[[144.09123212099075,43.17908849227798],[144.09131795167923,43.17902688088586],[144.0911865234375,43.17893690858252],[144.09117311239243,43.17892712897634],[144.0911503136158,43.17893299674024],[144.09108862280846,43.17897798291137],[144.09110471606255,43.179000475984495],[144.0911865234375,43.17905719761038],[144.09123212099075,43.17908849227798]]],"type":"Polygon"},"properties":{"layer":"BldA","prefCode":"01","sourceId":0,"tile":"16/58999/24036","vt_code":3101,"vt_lvorder":0},"type":"Feature"},{"geometry":{"coordinates":[[[144.09150168299675,43.17888409869055],[144.09157678484917,43.17881172950515],[144.09144267439842,43.17870806538744],[144.0914198756218,43.17871393317239],[144.09137293696404,43.178764787284976],[144.09139573574066,43.17879803802799],[144.09150168299675,43.17888409869055]]],"type":"Polygon"},"properties":{"layer":"BldA","prefCode":"01","sourceId":0,"tile":"16/58999/24036","vt_code":3101,"vt_lvorder":0},"type":"Feature"},{"geometry":{"coordinates":[[[144.09161165356636,43.17915792726442],[144.09164249897003,43.17914130199316],[144.09169614315033,43.17909631594237],[144.09168809652328,43.17907969065434],[144.0915285050869,43.17897504903164],[144.09144669771194,43.179033726599165],[144.09161165356636,43.17915792726442]]],"type":"Polygon"},"properties":{"layer":"BldA","prefCode":"01","sourceId":0,"tile":"16/58999/24036","vt_code":3101,"vt_lvorder":0},"type":"Feature"},{"geometry":{"coordinates":[[[144.09174978733063,43.17903959435282],[144.09179538488388,43.17902296904934],[144.0918342769146,43.178994608227086],[144.09182623028755,43.17897211515179],[144.09167602658272,43.1788655174214],[144.09166663885117,43.17887334111436],[144.09158617258072,43.178931040819],[144.09174978733063,43.17903959435282]]],"type":"Polygon"},"properties":{"layer":"BldA","prefCode":"01","sourceId":0,"tile":"16/58999/24036","vt_code":3101,"vt_lvorder":0},"type":"Feature"},{"geometry":{"coordinates":[[[144.09190133213997,43.178950600028536],[144.09196704626083,43.17889290034238],[144.09180343151093,43.17876967710126],[144.09172296524048,43.17883617856386],[144.09190133213997,43.178950600028536]]],"type":"Polygon"},"properties":{"layer":"BldA","prefCode":"01","sourceId":0,"tile":"16/58999/24036","vt_code":3101,"vt_lvorder":0},"type":"Feature"},{"geometry":{"coordinates":[[[144.09213334321976,43.178891922381126],[144.09220308065414,43.17881466339271],[144.09211054444313,43.178736426342795],[144.0920153260231,43.1788136854302],[144.09213334321976,43.178891922381126]]],"type":"Polygon"},"properties":{"layer":"BldA","prefCode":"01","sourceId":0,"tile":"16/58999/24036","vt_code":3101,"vt_lvorder":0},"type":"Feature"},{"geometry":{"coordinates":[[[144.0922500193119,43.179201935313536],[144.0923398733139,43.1791383681213],[144.09220308065414,43.17904252822943],[144.0921252965927,43.179109029394866],[144.0922500193119,43.179201935313536]]],"type":"Polygon"},"properties":{"layer":"BldA","prefCode":"01","sourceId":0,"tile":"16/58999/24036","vt_code":3101,"vt_lvorder":0},"type":"Feature"},{"geometry":{"coordinates":[[[144.09240156412125,43.17908262452902],[144.09247934818268,43.179006343741335],[144.09234926104546,43.17890463587619],[144.09226208925247,43.178978960871234],[144.09240156412125,43.17908262452902]]],"type":"Polygon"},"properties":{"layer":"BldA","prefCode":"01","sourceId":0,"tile":"16/58999/24036","vt_code":3101,"vt_lvorder":0},"type":"Feature"},{"geometry":{"coordinates":[[[144.0936903655529,43.17901905721257],[144.09376546740532,43.17896918127179],[144.09362196922302,43.1788518259563],[144.0935468673706,43.17890170199294],[144.0936903655529,43.17901905721257]]],"type":"Polygon"},"properties":{"layer":"BldA","prefCode":"01","sourceId":0,"tile":"16/58999/24036","vt_code":3101,"vt_lvorder":0},"type":"Feature"},{"geometry":{"coordinates":[[[144.09295544028282,43.17529976501443],[144.0931485593319,43.1752215234609],[144.0933094918728,43.17514230378581],[144.09323304891586,43.17504743564463],[144.09284815192223,43.175215655340345],[144.09295544028282,43.17529976501443]]],"type":"Polygon"},"properties":{"layer":"BldA","prefCode":"01","sourceId":0,"tile":"16/58999/24037","vt_code":3101,"vt_lvorder":0},"type":"Feature"},{"geometry":{"coordinates":[[[144.09360989928246,43.1742826169993],[144.09363940358162,43.17427088057718],[144.0936702489853,43.17422589093816],[144.09366354346275,43.17420339610622],[144.09362465143204,43.174186769485985],[144.09359380602837,43.17418090126599],[144.09352406859398,43.174158406417476],[144.09347042441368,43.17422589093816],[144.09347847104073,43.174237627368925],[144.09360989928246,43.1742826169993]]],"type":"Polygon"},"properties":{"layer":"BldA","prefCode":"01","sourceId":0,"tile":"16/58999/24037","vt_code":3101,"vt_lvorder":0},"type":"Feature"},{"geometry":{"coordinates":[[[144.09264966845512,43.18229122109171],[144.09271404147148,43.18223156874699],[144.09255847334862,43.18212302088822],[144.09249544143677,43.18218462915607],[144.09264966845512,43.18229122109171]]],"type":"Polygon"},"properties":{"layer":"BldA","prefCode":"01","sourceId":0,"tile":"16/58999/24035","vt_code":3101,"vt_lvorder":0},"type":"Feature"},{"geometry":{"coordinates":[[[144.0929862856865,43.18259926096061],[144.09305602312088,43.18256014487293],[144.09307077527046,43.1825317856937],[144.09299433231354,43.182476045199564],[144.09292459487915,43.18243692903294],[144.09289374947548,43.18244768598126],[144.09284010529518,43.182492669562784],[144.0929862856865,43.18259926096061]]],"type":"Polygon"},"properties":{"layer":"BldA","prefCode":"01","sourceId":0,"tile":"16/58999/24035","vt_code":3101,"vt_lvorder":0},"type":"Feature"},{"geometry":{"coordinates":[[[144.09316331148148,43.18247017777616],[144.0932022035122,43.18244768598126],[144.09322500228882,43.182442796459526],[144.0932397544384,43.182408569796465],[144.09310966730118,43.182307845505264],[144.0930788218975,43.182312735037804],[144.0930251777172,43.1823694535866],[144.0930399298668,43.18239194541034],[144.09316331148148,43.18247017777616]]],"type":"Polygon"},"properties":{"layer":"BldA","prefCode":"01","sourceId":0,"tile":"16/58999/24035","vt_code":3101,"vt_lvorder":0},"type":"Feature"},{"geometry":{"coordinates":[[[144.09334033727646,43.18236358615297],[144.09337788820267,43.182352829189824],[144.09342482686043,43.1823019780657],[144.09335508942604,43.182245259454206],[144.09327864646912,43.18218951869847],[144.09324780106544,43.18220125359864],[144.09320890903473,43.18222863502362],[144.09319415688515,43.18225112689922],[144.09334033727646,43.18236358615297]]],"type":"Polygon"},"properties":{"layer":"BldA","prefCode":"01","sourceId":0,"tile":"16/58999/24035","vt_code":3101,"vt_lvorder":0},"type":"Feature"},{"geometry":{"coordinates":[[[144.09260004758835,43.18127125576607],[144.09266039729118,43.18121844789313],[144.09256651997566,43.181148037324824],[144.09249812364578,43.18120475695565],[144.09260004758835,43.18127125576607]]],"type":"Polygon"},"properties":{"layer":"BldA","prefCode":"01","sourceId":0,"tile":"16/58999/24035","vt_code":3101,"vt_lvorder":0},"type":"Feature"},{"geometry":{"coordinates":[[[144.0932558476925,43.18182377984575],[144.09330144524574,43.181789552835646],[144.09347042441368,43.181637975846],[144.09339398145676,43.18158223453582],[144.0932397544384,43.18148053096152],[144.0930251777172,43.18165460043743],[144.0930399298668,43.18167709252452],[144.0932558476925,43.18182377984575]]],"type":"Polygon"},"properties":{"layer":"BldA","prefCode":"01","sourceId":0,"tile":"16/58999/24035","vt_code":3101,"vt_lvorder":0},"type":"Feature"},{"geometry":{"coordinates":[[[144.09274756908417,43.18118324261913],[144.0927891433239,43.181147059399684],[144.09281060099602,43.18112847881921],[144.09272745251656,43.18106882533841],[144.09270733594894,43.18106882533841],[144.09264966845512,43.18111869956406],[144.09269258379936,43.181147059399684],[144.09274756908417,43.18118324261913]]],"type":"Polygon"},"properties":{"layer":"BldA","prefCode":"01","sourceId":0,"tile":"16/58999/24035","vt_code":3101,"vt_lvorder":0},"type":"Feature"},{"geometry":{"coordinates":[[[144.09265235066414,43.18122529336072],[144.09266039729118,43.18121844789313],[144.09256651997566,43.181148037324824],[144.09249812364578,43.18120475695565],[144.09252896904945,43.18122529336072],[144.09265235066414,43.18122529336072]]],"type":"Polygon"},"properties":{"layer":"BldA","prefCode":"01","sourceId":0,"tile":"16/58999/24036","vt_code":3101,"vt_lvorder":0},"type":"Feature"},{"geometry":{"coordinates":[[[144.0925021469593,43.181024818634896],[144.0925718843937,43.18097396640465],[144.0925571322441,43.180951474058524],[144.0923412144184,43.18079402740371],[144.09218028187752,43.1806874328541],[144.09213334321976,43.18065907280498],[144.0921038389206,43.18067080799931],[144.09206494688988,43.18070992529749],[144.09211054444313,43.1807490425706],[144.09207969903946,43.1807715349913],[144.09207969903946,43.18078327016402],[144.09206494688988,43.18079402740371],[144.09213334321976,43.1808615045912],[144.09216418862343,43.18087323974664],[144.09218028187752,43.180883996970465],[144.0921950340271,43.180883996970465],[144.0923412144184,43.18100232630751],[144.09237205982208,43.18099645874248],[144.09241765737534,43.18096320919667],[144.0925021469593,43.181024818634896]]],"type":"Polygon"},"properties":{"layer":"BldA","prefCode":"01","sourceId":0,"tile":"16/58999/24036","vt_code":3101,"vt_lvorder":0},"type":"Feature"},{"geometry":{"coordinates":[[[144.09238010644913,43.1804742431966],[144.09248739480972,43.18039503033601],[144.09242570400238,43.18034515551921],[144.0923948585987,43.180355912836085],[144.09231036901474,43.180423390507784],[144.09238010644913,43.1804742431966]]],"type":"Polygon"},"properties":{"layer":"BldA","prefCode":"01","sourceId":0,"tile":"16/58999/24036","vt_code":3101,"vt_lvorder":0},"type":"Feature"},{"geometry":{"coordinates":[[[144.0925168991089,43.180530963453386],[144.0926080942154,43.18045566241137],[144.0925370156765,43.18040285383299],[144.09243777394295,43.180477177004285],[144.0925168991089,43.180530963453386]]],"type":"Polygon"},"properties":{"layer":"BldA","prefCode":"01","sourceId":0,"tile":"16/58999/24036","vt_code":3101,"vt_lvorder":0},"type":"Feature"},{"geometry":{"coordinates":[[[144.09223392605782,43.180406765581104],[144.09233316779137,43.18034515551921],[144.0923573076725,43.18032266294145],[144.092266112566,43.18025616309784],[144.09215480089188,43.18034515551921],[144.09223392605782,43.180406765581104]]],"type":"Polygon"},"properties":{"layer":"BldA","prefCode":"01","sourceId":0,"tile":"16/58999/24036","vt_code":3101,"vt_lvorder":0},"type":"Feature"},{"geometry":{"coordinates":[[[144.09274756908417,43.18118324261913],[144.0927891433239,43.181147059399684],[144.09281060099602,43.18112847881921],[144.0927167236805,43.18106100192677],[144.09264966845512,43.18111869956406],[144.09269258379936,43.181147059399684],[144.09274756908417,43.18118324261913]]],"type":"Polygon"},"properties":{"layer":"BldA","prefCode":"01","sourceId":0,"tile":"16/58999/24036","vt_code":3101,"vt_lvorder":0},"type":"Feature"},{"geometry":{"coordinates":[[[144.0925893187523,43.18033928789103],[144.09267649054527,43.18027474394379],[144.09260541200638,43.18022389108881],[144.0925195813179,43.180292346845256],[144.0925893187523,43.18033928789103]]],"type":"Polygon"},"properties":{"layer":"BldA","prefCode":"01","sourceId":0,"tile":"16/58999/24036","vt_code":3101,"vt_lvorder":0},"type":"Feature"},{"geometry":{"coordinates":[[[144.09274891018867,43.18041752288712],[144.09279450774193,43.18040089795884],[144.09288704395294,43.18033342026228],[144.09281060099602,43.180282567456175],[144.09277975559235,43.180293324784074],[144.09274891018867,43.18031092768019],[144.0926791727543,43.180360802524945],[144.09269526600838,43.18038427302603],[144.09274891018867,43.18041752288712]]],"type":"Polygon"},"properties":{"layer":"BldA","prefCode":"01","sourceId":0,"tile":"16/58999/24036","vt_code":3101,"vt_lvorder":0},"type":"Feature"},{"geometry":{"coordinates":[[[144.09287363290787,43.18030017035539],[144.09293800592422,43.180246383702965],[144.09283876419067,43.18017303819148],[144.09277573227882,43.18023758224624],[144.09287363290787,43.18030017035539]]],"type":"Polygon"},"properties":{"layer":"BldA","prefCode":"01","sourceId":0,"tile":"16/58999/24036","vt_code":3101,"vt_lvorder":0},"type":"Feature"},{"geometry":{"coordinates":[[[144.09299969673157,43.18037253777661],[144.09309223294258,43.18030506004872],[144.09301713109016,43.18025029546111],[144.09292325377464,43.18032168500309],[144.09299969673157,43.18037253777661]]],"type":"Polygon"},"properties":{"layer":"BldA","prefCode":"01","sourceId":0,"tile":"16/58999/24036","vt_code":3101,"vt_lvorder":0},"type":"Feature"},{"geometry":{"coordinates":[[[144.09317538142204,43.180243449884195],[144.09324511885643,43.18018477347924],[144.093170017004,43.18013098672516],[144.09310162067413,43.18018379553868],[144.09317538142204,43.180243449884195]]],"type":"Polygon"},"properties":{"layer":"BldA","prefCode":"01","sourceId":0,"tile":"16/58999/24036","vt_code":3101,"vt_lvorder":0},"type":"Feature"},{"geometry":{"coordinates":[[[144.0821260213852,43.188779288006664],[144.08218100667,43.18872453102068],[144.08210188150406,43.188682485444524],[144.08204689621925,43.188737242468235],[144.0821260213852,43.188779288006664]]],"type":"Polygon"},"properties":{"layer":"BldA","prefCode":"01","sourceId":0,"tile":"16/58997/24034","vt_code":3101,"vt_lvorder":0},"type":"Feature"},{"geometry":{"coordinates":[[[144.0827737748623,43.18877537679501],[144.08281669020653,43.18872942003928],[144.08274427056313,43.18869324129235],[144.0827013552189,43.188740175878834],[144.0827737748623,43.18877537679501]]],"type":"Polygon"},"properties":{"layer":"BldA","prefCode":"01","sourceId":0,"tile":"16/58997/24034","vt_code":3101,"vt_lvorder":0},"type":"Feature"},{"geometry":{"coordinates":[[[144.08242240548134,43.18723336207278],[144.08259138464928,43.18722847293434],[144.08258333802223,43.18715513581086],[144.08243715763092,43.18715513581086],[144.08242911100388,43.18717175889991],[144.08242240548134,43.18723336207278]]],"type":"Polygon"},"properties":{"layer":"BldA","prefCode":"01","sourceId":0,"tile":"16/58997/24034","vt_code":3101,"vt_lvorder":0},"type":"Feature"},{"geometry":{"coordinates":[[[144.0832257270813,43.18820922626413],[144.08328339457512,43.18811926749248],[144.0832257270813,43.18809873340647],[144.08316805958748,43.1881896700207],[144.0832257270813,43.18820922626413]]],"type":"Polygon"},"properties":{"layer":"BldA","prefCode":"01","sourceId":0,"tile":"16/58997/24034","vt_code":3101,"vt_lvorder":0},"type":"Feature"},{"geometry":{"coordinates":[[[144.08307418227196,43.18762155841438],[144.08309698104858,43.18750324190683],[144.08300578594208,43.18748661890806],[144.0829749405384,43.18760493544782],[144.08307418227196,43.18762155841438]]],"type":"Polygon"},"properties":{"layer":"BldA","prefCode":"01","sourceId":0,"tile":"16/58997/24034","vt_code":3101,"vt_lvorder":0},"type":"Feature"},{"geometry":{"coordinates":[[[144.0763659775257,43.206362539467754],[144.07651081681252,43.206357651861765],[144.07650545239449,43.206227641398634],[144.07635927200317,43.2062315514918],[144.0763659775257,43.206362539467754]]],"type":"Polygon"},"properties":{"layer":"BldA","prefCode":"01","sourceId":0,"tile":"16/58996/24029","vt_code":3101,"vt_lvorder":0},"type":"Feature"},{"geometry":{"coordinates":[[[144.07687157392502,43.20657563870822],[144.07710760831833,43.20655413331406],[144.07708883285522,43.20644171863026],[144.0768527984619,43.20646322406405],[144.07687157392502,43.20657563870822]]],"type":"Polygon"},"properties":{"layer":"BldA","prefCode":"01","sourceId":0,"tile":"16/58996/24029","vt_code":3111,"vt_lvorder":0},"type":"Feature"},{"geometry":{"coordinates":[[[144.07682329416275,43.206314640912154],[144.07703518867493,43.20628922533676],[144.07697349786758,43.20600769825493],[144.0767602622509,43.20603213642117],[144.07682329416275,43.206314640912154]]],"type":"Polygon"},"properties":{"layer":"BldA","prefCode":"01","sourceId":0,"tile":"16/58996/24029","vt_code":3111,"vt_lvorder":0},"type":"Feature"},{"geometry":{"coordinates":[[[144.2001123726368,43.200893063399946],[144.20013517141342,43.20083440684361],[144.19999971985817,43.20080703376469],[144.19994339346886,43.20079530244139],[144.19992059469223,43.20085298142589],[144.2001123726368,43.200893063399946]]],"type":"Polygon"},"properties":{"layer":"BldA","prefCode":"01","sourceId":0,"tile":"16/59018/24031","vt_code":3101,"vt_lvorder":0},"type":"Feature"},{"geometry":{"coordinates":[[[144.20109406113625,43.20095954076229],[144.2011557519436,43.200947809468325],[144.2011570930481,43.20088915296461],[144.2010498046875,43.200831474014315],[144.20098543167114,43.200796280051755],[144.20093178749084,43.200801168103325],[144.20090898871422,43.2008295187947],[144.20091703534126,43.20086373512883],[144.2010498046875,43.20093607817209],[144.20109406113625,43.20095954076229]]],"type":"Polygon"},"properties":{"layer":"BldA","prefCode":"01","sourceId":0,"tile":"16/59018/24031","vt_code":3101,"vt_lvorder":0},"type":"Feature"},{"geometry":{"coordinates":[[[144.20090228319168,43.1977988530834],[144.20093312859535,43.19775388078133],[144.20102432370186,43.197562259296696],[144.20093312859535,43.19752901877383],[144.20080170035362,43.19777050098378],[144.20090228319168,43.1977988530834]]],"type":"Polygon"},"properties":{"layer":"BldA","prefCode":"01","sourceId":0,"tile":"16/59018/24031","vt_code":3101,"vt_lvorder":0},"type":"Feature"},{"geometry":{"coordinates":[[[144.20084729790688,43.197472314310666],[144.20087814331055,43.19735401689893],[144.20079499483109,43.197331530588116],[144.200778901577,43.1973481509056],[144.20075610280037,43.19744982804344],[144.20084729790688,43.197472314310666]]],"type":"Polygon"},"properties":{"layer":"BldA","prefCode":"01","sourceId":0,"tile":"16/59018/24031","vt_code":3101,"vt_lvorder":0},"type":"Feature"},{"geometry":{"coordinates":[[[144.20089423656464,43.19726993760735],[144.20091703534126,43.19726407160594],[144.2009398341179,43.197174126180386],[144.20091703534126,43.19715750581549],[144.2008861899376,43.19715750581549],[144.200871437788,43.19714577379049],[144.20084729790688,43.19715163980327],[144.20084193348885,43.197167282501276],[144.2008177936077,43.197241585261985],[144.20089423656464,43.19726407160594],[144.20089423656464,43.19726993760735]]],"type":"Polygon"},"properties":{"layer":"BldA","prefCode":"01","sourceId":0,"tile":"16/59018/24031","vt_code":3101,"vt_lvorder":0},"type":"Feature"},{"geometry":{"coordinates":[[[144.20111685991287,43.197404855484145],[144.2011570930481,43.197326642258574],[144.2011570930481,43.19713697477026],[144.2011396586895,43.197140885446075],[144.2010498046875,43.197311977267624],[144.20101761817932,43.19737063721029],[144.2010498046875,43.197382369192056],[144.20111685991287,43.197404855484145]]],"type":"Polygon"},"properties":{"layer":"BldA","prefCode":"01","sourceId":0,"tile":"16/59018/24031","vt_code":3101,"vt_lvorder":0},"type":"Feature"},{"geometry":{"coordinates":[[[144.20092105865479,43.19724549593109],[144.2009398341179,43.197174126180386],[144.20091703534126,43.19715750581549],[144.2008861899376,43.19715750581549],[144.200871437788,43.19714577379049],[144.20084729790688,43.19715163980327],[144.20084193348885,43.197167282501276],[144.2008177936077,43.197241585261985],[144.20082986354828,43.19724549593109],[144.20092105865479,43.19724549593109]]],"type":"Polygon"},"properties":{"layer":"BldA","prefCode":"01","sourceId":0,"tile":"16/59018/24032","vt_code":3101,"vt_lvorder":0},"type":"Feature"},{"geometry":{"coordinates":[[[144.2011570930481,43.19724549593109],[144.2011570930481,43.19713697477026],[144.2011396586895,43.197140885446075],[144.2010846734047,43.19724549593109],[144.2011570930481,43.19724549593109]]],"type":"Polygon"},"properties":{"layer":"BldA","prefCode":"01","sourceId":0,"tile":"16/59018/24032","vt_code":3101,"vt_lvorder":0},"type":"Feature"},{"geometry":{"coordinates":[[[144.20097067952156,43.19706756023284],[144.20102432370186,43.19705582819054],[144.201048463583,43.1969942349315],[144.20093312859535,43.196971748488096],[144.20087814331055,43.196977614517614],[144.20085534453392,43.19704507381647],[144.20097067952156,43.19706756023284]]],"type":"Polygon"},"properties":{"layer":"BldA","prefCode":"01","sourceId":0,"tile":"16/59018/24032","vt_code":3101,"vt_lvorder":0},"type":"Feature"},{"geometry":{"coordinates":[[[144.20109406113625,43.20095954076229],[144.2011557519436,43.200947809468325],[144.20117050409317,43.200925324481894],[144.20116245746613,43.20089110818231],[144.2010498046875,43.200831474014315],[144.20098543167114,43.200796280051755],[144.2009425163269,43.200800190493034],[144.2009425163269,43.20087839926615],[144.2010498046875,43.20093607817209],[144.20109406113625,43.20095954076229]]],"type":"Polygon"},"properties":{"layer":"BldA","prefCode":"01","sourceId":0,"tile":"16/59019/24031","vt_code":3101,"vt_lvorder":0},"type":"Feature"},{"geometry":{"coordinates":[[[144.2009425163269,43.19773432759618],[144.20102432370186,43.197562259296696],[144.2009425163269,43.19753292942451],[144.2009425163269,43.19773432759618]]],"type":"Polygon"},"properties":{"layer":"BldA","prefCode":"01","sourceId":0,"tile":"16/59019/24031","vt_code":3101,"vt_lvorder":0},"type":"Feature"},{"geometry":{"coordinates":[[[144.20127779245377,43.201009398736524],[144.20145481824875,43.200976160091564],[144.20142397284508,43.200896973835036],[144.20125499367714,43.200925324481894],[144.20127779245377,43.201009398736524]]],"type":"Polygon"},"properties":{"layer":"BldA","prefCode":"01","sourceId":0,"tile":"16/59019/24031","vt_code":3101,"vt_lvorder":0},"type":"Feature"},{"geometry":{"coordinates":[[[144.20111685991287,43.197404855484145],[144.20123755931854,43.197167282501276],[144.20124024152756,43.197163371827145],[144.20116379857063,43.19713501943226],[144.2011396586895,43.197140885446075],[144.20112490653992,43.197167282501276],[144.20106321573257,43.197286557941624],[144.2010498046875,43.197311977267624],[144.20101761817932,43.19737063721029],[144.2010498046875,43.197382369192056],[144.20111685991287,43.197404855484145]]],"type":"Polygon"},"properties":{"layer":"BldA","prefCode":"01","sourceId":0,"tile":"16/59019/24031","vt_code":3101,"vt_lvorder":0},"type":"Feature"},{"geometry":{"coordinates":[[[144.20356839895248,43.19859172887838],[144.2035911977291,43.1985575112701],[144.2035911977291,43.198512539527194],[144.20341417193413,43.198461701864865],[144.20338332653046,43.1985350254028],[144.20356839895248,43.19859172887838]]],"type":"Polygon"},"properties":{"layer":"BldA","prefCode":"01","sourceId":0,"tile":"16/59019/24031","vt_code":3101,"vt_lvorder":0},"type":"Feature"},{"geometry":{"coordinates":[[[144.2043435573578,43.19883320688262],[144.2043824493885,43.19876574956062],[144.20435965061188,43.198749129629256],[144.2042362689972,43.198726643832565],[144.20420542359352,43.19879898940977],[144.20430600643158,43.198827341031496],[144.2043435573578,43.19883320688262]]],"type":"Polygon"},"properties":{"layer":"BldA","prefCode":"01","sourceId":0,"tile":"16/59019/24031","vt_code":3101,"vt_lvorder":0},"type":"Feature"},{"geometry":{"coordinates":[[[144.20435965061188,43.19868753807944],[144.20439049601555,43.19866505226005],[144.20440524816513,43.1986200805964],[144.20425906777382,43.19856337714717],[144.20421347022057,43.198552623038786],[144.20417457818985,43.19862496882232],[144.20435965061188,43.19868753807944]]],"type":"Polygon"},"properties":{"layer":"BldA","prefCode":"01","sourceId":0,"tile":"16/59019/24031","vt_code":3101,"vt_lvorder":0},"type":"Feature"},{"geometry":{"coordinates":[[[144.20435160398483,43.198472455989275],[144.2043824493885,43.198397177078604],[144.20426845550537,43.19835611581546],[144.20423224568367,43.198430417128534],[144.20435160398483,43.198472455989275]]],"type":"Polygon"},"properties":{"layer":"BldA","prefCode":"01","sourceId":0,"tile":"16/59019/24031","vt_code":3101,"vt_lvorder":0},"type":"Feature"},{"geometry":{"coordinates":[[[144.20462787151337,43.19877650363144],[144.20465871691704,43.19875988370302],[144.20467481017113,43.19870904624676],[144.20465871691704,43.19869242629995],[144.2045594751835,43.19866505226005],[144.20451387763023,43.19864745465648],[144.20448303222656,43.19873153204994],[144.20462787151337,43.19877650363144]]],"type":"Polygon"},"properties":{"layer":"BldA","prefCode":"01","sourceId":0,"tile":"16/59019/24031","vt_code":3101,"vt_lvorder":0},"type":"Feature"},{"geometry":{"coordinates":[[[144.2049054801464,43.19897398714046],[144.20493498444557,43.19895736726582],[144.20495107769966,43.1989065299741],[144.204743206501,43.19883320688262],[144.20468151569366,43.19881658696963],[144.20465067029,43.19888893244019],[144.2049054801464,43.19897398714046]]],"type":"Polygon"},"properties":{"layer":"BldA","prefCode":"01","sourceId":0,"tile":"16/59019/24031","vt_code":3101,"vt_lvorder":0},"type":"Feature"},{"geometry":{"coordinates":[[[144.20472040772438,43.19873739791027],[144.20487463474274,43.198726643832565],[144.2048665881157,43.19864745465648],[144.20472040772438,43.19864745465648],[144.20472040772438,43.19873739791027]]],"type":"Polygon"},"properties":{"layer":"BldA","prefCode":"01","sourceId":0,"tile":"16/59019/24031","vt_code":3101,"vt_lvorder":0},"type":"Feature"},{"geometry":{"coordinates":[[[144.20469760894775,43.19837762409959],[144.20471236109734,43.19836100406251],[144.20472845435143,43.19829941212092],[144.2046895623207,43.19828279206253],[144.20461311936378,43.198265194348714],[144.20453667640686,43.198242708373684],[144.2045058310032,43.19831603217477],[144.2046520113945,43.19836686995847],[144.20469760894775,43.19837762409959]]],"type":"Polygon"},"properties":{"layer":"BldA","prefCode":"01","sourceId":0,"tile":"16/59019/24031","vt_code":3101,"vt_lvorder":0},"type":"Feature"},{"geometry":{"coordinates":[[[144.20513480901718,43.19853013716967],[144.20515894889832,43.19852427128941],[144.20518174767494,43.198462679512616],[144.20514285564423,43.198445081850686],[144.20507311820984,43.19843432772145],[144.20500472187996,43.19841770769981],[144.2049738764763,43.19848516540658],[144.2051039636135,43.19852427128941],[144.20513480901718,43.19853013716967]]],"type":"Polygon"},"properties":{"layer":"BldA","prefCode":"01","sourceId":0,"tile":"16/59019/24031","vt_code":3101,"vt_lvorder":0},"type":"Feature"},{"geometry":{"coordinates":[[[144.20602798461914,43.19760820940143],[144.20608028769493,43.19748111328254],[144.20599982142448,43.197463515337525],[144.2059475183487,43.19759061149306],[144.20602798461914,43.19760820940143]]],"type":"Polygon"},"properties":{"layer":"BldA","prefCode":"01","sourceId":0,"tile":"16/59019/24031","vt_code":3101,"vt_lvorder":0},"type":"Feature"},{"geometry":{"coordinates":[[[144.20544862747192,43.19720736689658],[144.20547142624855,43.197167282501276],[144.2055183649063,43.197089068971195],[144.20514419674873,43.197089068971195],[144.2051213979721,43.197129153417876],[144.20527964830399,43.197167282501276],[144.20544862747192,43.19720736689658]]],"type":"Polygon"},"properties":{"layer":"BldA","prefCode":"01","sourceId":0,"tile":"16/59019/24031","vt_code":3111,"vt_lvorder":0},"type":"Feature"},{"geometry":{"coordinates":[[[144.20591533184052,43.19717510384876],[144.20592069625854,43.197167282501276],[144.2059823870659,43.19709493498942],[144.2059689760208,43.197089068971195],[144.2058563232422,43.197089068971195],[144.205824136734,43.19712524274131],[144.20590057969093,43.197167282501276],[144.20591533184052,43.19717510384876]]],"type":"Polygon"},"properties":{"layer":"BldA","prefCode":"01","sourceId":0,"tile":"16/59019/24031","vt_code":3101,"vt_lvorder":0},"type":"Feature"},{"geometry":{"coordinates":[[[144.20119732618332,43.19724549593109],[144.20123755931854,43.197167282501276],[144.20124024152756,43.197163371827145],[144.20116379857063,43.19713501943226],[144.2011396586895,43.197140885446075],[144.20112490653992,43.197167282501276],[144.2010846734047,43.19724549593109],[144.20119732618332,43.19724549593109]]],"type":"Polygon"},"properties":{"layer":"BldA","prefCode":"01","sourceId":0,"tile":"16/59019/24032","vt_code":3101,"vt_lvorder":0},"type":"Feature"},{"geometry":{"coordinates":[[[144.20097067952156,43.19706756023284],[144.20102432370186,43.19705582819054],[144.201048463583,43.1969942349315],[144.2009425163269,43.19697370383133],[144.2009425163269,43.19706267188216],[144.20097067952156,43.19706756023284]]],"type":"Polygon"},"properties":{"layer":"BldA","prefCode":"01","sourceId":0,"tile":"16/59019/24032","vt_code":3101,"vt_lvorder":0},"type":"Feature"},{"geometry":{"coordinates":[[[144.2019309103489,43.19499193131602],[144.202039539814,43.19498117657819],[144.202039539814,43.19491371499769],[144.2018772661686,43.19491371499769],[144.2018772661686,43.194987042799056],[144.2019309103489,43.19499193131602]]],"type":"Polygon"},"properties":{"layer":"BldA","prefCode":"01","sourceId":0,"tile":"16/59019/24032","vt_code":3101,"vt_lvorder":0},"type":"Feature"},{"geometry":{"coordinates":[[[144.20466139912605,43.196821186870984],[144.20471772551537,43.196765459424995],[144.2046144604683,43.19670875425227],[144.20455679297447,43.19676448175005],[144.20466139912605,43.196821186870984]]],"type":"Polygon"},"properties":{"layer":"BldA","prefCode":"01","sourceId":0,"tile":"16/59019/24032","vt_code":3101,"vt_lvorder":0},"type":"Feature"},{"geometry":{"coordinates":[[[144.20544862747192,43.19720736689658],[144.20547142624855,43.197167282501276],[144.20552909374237,43.1970714709131],[144.20520722866058,43.19698739123221],[144.2051213979721,43.197129153417876],[144.20527964830399,43.197167282501276],[144.20544862747192,43.19720736689658]]],"type":"Polygon"},"properties":{"layer":"BldA","prefCode":"01","sourceId":0,"tile":"16/59019/24032","vt_code":3111,"vt_lvorder":0},"type":"Feature"},{"geometry":{"coordinates":[[[144.20522063970566,43.19681434315229],[144.20525148510933,43.196797722689396],[144.2053198814392,43.19673515149441],[144.20530512928963,43.196712664955534],[144.20525819063187,43.19668529002746],[144.20522063970566,43.196690178408375],[144.20514285564423,43.19676937012461],[144.20522063970566,43.19681434315229]]],"type":"Polygon"},"properties":{"layer":"BldA","prefCode":"01","sourceId":0,"tile":"16/59019/24032","vt_code":3101,"vt_lvorder":0},"type":"Feature"},{"geometry":{"coordinates":[[[144.20569270849228,43.19688864634277],[144.20586571097374,43.196619785685435],[144.20567125082016,43.19655037055968],[144.2054982483387,43.196825097567036],[144.20569270849228,43.19688864634277]]],"type":"Polygon"},"properties":{"layer":"BldA","prefCode":"01","sourceId":0,"tile":"16/59019/24032","vt_code":3111,"vt_lvorder":0},"type":"Feature"},{"geometry":{"coordinates":[[[144.20550495386124,43.19661783033086],[144.20558273792267,43.19653277234624],[144.20546874403954,43.19647704463686],[144.2053909599781,43.19656112502095],[144.20550495386124,43.19661783033086]]],"type":"Polygon"},"properties":{"layer":"BldA","prefCode":"01","sourceId":0,"tile":"16/59019/24032","vt_code":3101,"vt_lvorder":0},"type":"Feature"},{"geometry":{"coordinates":[[[144.2058201134205,43.19633625861803],[144.20595824718475,43.196246311824844],[144.20588046312332,43.196201338378536],[144.20584961771965,43.19621307058512],[144.20574232935905,43.19628541914252],[144.2058201134205,43.19633625861803]]],"type":"Polygon"},"properties":{"layer":"BldA","prefCode":"01","sourceId":0,"tile":"16/59019/24032","vt_code":3101,"vt_lvorder":0},"type":"Feature"},{"geometry":{"coordinates":[[[144.20591533184052,43.19717510384876],[144.20592069625854,43.197167282501276],[144.2059823870659,43.19709493498942],[144.20588985085487,43.197052895179624],[144.205824136734,43.19712524274131],[144.20590057969093,43.197167282501276],[144.20591533184052,43.19717510384876]]],"type":"Polygon"},"properties":{"layer":"BldA","prefCode":"01","sourceId":0,"tile":"16/59019/24032","vt_code":3101,"vt_lvorder":0},"type":"Feature"},{"geometry":{"coordinates":[[[144.2064370214939,43.197119376725986],[144.20647591352463,43.19702845341643],[144.2060400545597,43.19692677557644],[144.206001162529,43.19701769903752],[144.2064370214939,43.197119376725986]]],"type":"Polygon"},"properties":{"layer":"BldA","prefCode":"01","sourceId":0,"tile":"16/59019/24032","vt_code":3111,"vt_lvorder":0},"type":"Feature"},{"geometry":{"coordinates":[[[144.206453114748,43.19697859218914],[144.20649200677872,43.196886690996806],[144.20606285333633,43.19678892361898],[144.2060226202011,43.19688082495856],[144.206453114748,43.19697859218914]]],"type":"Polygon"},"properties":{"layer":"BldA","prefCode":"01","sourceId":0,"tile":"16/59019/24032","vt_code":3111,"vt_lvorder":0},"type":"Feature"},{"geometry":{"coordinates":[[[144.20576378703117,43.19589825559338],[144.20577183365822,43.19579462048922],[144.20530915260315,43.19577604436704],[144.2053011059761,43.19587870181361],[144.20576378703117,43.19589825559338]]],"type":"Polygon"},"properties":{"layer":"BldA","prefCode":"01","sourceId":0,"tile":"16/59019/24032","vt_code":3111,"vt_lvorder":0},"type":"Feature"},{"geometry":{"coordinates":[[[144.20343026518822,43.307037312700274],[144.20412629842758,43.30701681866347],[144.20413568615913,43.30682261292407],[144.20342355966568,43.306849938392254],[144.20343026518822,43.307037312700274]]],"type":"Polygon"},"properties":{"layer":"BldA","prefCode":"01","sourceId":0,"tile":"16/59019/24004","vt_code":3111,"vt_lvorder":0},"type":"Feature"},{"geometry":{"coordinates":[[[144.20456886291504,43.30775850321476],[144.2050476372242,43.30775655142518],[144.20505300164223,43.30760723933696],[144.20469358563423,43.30761407061698],[144.20469492673874,43.30753599879961],[144.2054419219494,43.30753404700288],[144.20544728636742,43.307388637971066],[144.2037507891655,43.3073847343681],[144.2037507891655,43.30758089010684],[144.20457422733307,43.30757796241391],[144.20456886291504,43.30775850321476]]],"type":"Polygon"},"properties":{"layer":"BldA","prefCode":"01","sourceId":0,"tile":"16/59019/24004","vt_code":3111,"vt_lvorder":0},"type":"Feature"},{"geometry":{"coordinates":[[[144.20525819063187,43.30852945519506],[144.20529574155807,43.30849627518461],[144.20543387532234,43.308333302517404],[144.20547276735306,43.308288411765844],[144.20536547899246,43.30823766565895],[144.20514956116676,43.30848456458837],[144.20516565442085,43.30848456458837],[144.20525819063187,43.30852945519506]]],"type":"Polygon"},"properties":{"layer":"BldA","prefCode":"01","sourceId":0,"tile":"16/59019/24004","vt_code":3101,"vt_lvorder":0},"type":"Feature"},{"geometry":{"coordinates":[[[144.2053882777691,43.3082035096016],[144.2056041955948,43.30819765427555],[144.2056041955948,43.308001500527155],[144.20539632439613,43.30800735587209],[144.2053882777691,43.3082035096016]]],"type":"Polygon"},"properties":{"layer":"BldA","prefCode":"01","sourceId":0,"tile":"16/59019/24004","vt_code":3101,"vt_lvorder":0},"type":"Feature"},{"geometry":{"coordinates":[[[144.2034611105919,43.30676405830804],[144.20428588986397,43.30672794960003],[144.2042724788189,43.30652203196338],[144.20344099402428,43.30656009262176],[144.2034611105919,43.30676405830804]]],"type":"Polygon"},"properties":{"layer":"BldA","prefCode":"01","sourceId":0,"tile":"16/59019/24004","vt_code":3111,"vt_lvorder":0},"type":"Feature"},{"geometry":{"coordinates":[[[144.20448705554008,43.30711050563248],[144.20551300048828,43.30709489114767],[144.20550897717476,43.306969975124815],[144.20448303222656,43.30698558964171],[144.20448705554008,43.30711050563248]]],"type":"Polygon"},"properties":{"layer":"BldA","prefCode":"01","sourceId":0,"tile":"16/59019/24004","vt_code":3111,"vt_lvorder":0},"type":"Feature"},{"geometry":{"coordinates":[[[144.20492559671402,43.30673380506765],[144.20548617839813,43.30670843137056],[144.20547008514404,43.30651812830476],[144.20492827892303,43.30654935756668],[144.20492559671402,43.30673380506765]]],"type":"Polygon"},"properties":{"layer":"BldA","prefCode":"01","sourceId":0,"tile":"16/59019/24004","vt_code":3111,"vt_lvorder":0},"type":"Feature"},{"geometry":{"coordinates":[[[144.20525014400482,43.306359054002876],[144.2054808139801,43.30633075239634],[144.2054808139801,43.30626341403817],[144.20546606183052,43.306240967902205],[144.2052809894085,43.30625170301174],[144.2052273452282,43.30626341403817],[144.2052273452282,43.30634246340753],[144.20525014400482,43.306359054002876]]],"type":"Polygon"},"properties":{"layer":"BldA","prefCode":"01","sourceId":0,"tile":"16/59019/24004","vt_code":3101,"vt_lvorder":0},"type":"Feature"},{"geometry":{"coordinates":[[[144.25834983587265,43.281586204643396],[144.2585201561451,43.28154617572068],[144.25848931074142,43.28147880991323],[144.25842761993408,43.281484667812485],[144.25838872790337,43.28150126519066],[144.2583578824997,43.28150126519066],[144.25833240151405,43.281512980984296],[144.25831899046898,43.28151883888027],[144.25834983587265,43.281586204643396]]],"type":"Polygon"},"properties":{"layer":"BldA","prefCode":"01","sourceId":0,"tile":"16/59029/24010","vt_code":3101,"vt_lvorder":0},"type":"Feature"},{"geometry":{"coordinates":[[[144.2585201561451,43.281383130812124],[144.25865828990936,43.281349935986796],[144.2586663365364,43.281338220161764],[144.25865024328232,43.2813274806535],[144.2586274445057,43.28128256996206],[144.25854966044426,43.281293309478244],[144.25847321748734,43.28131576482414],[144.2585201561451,43.281383130812124]]],"type":"Polygon"},"properties":{"layer":"BldA","prefCode":"01","sourceId":0,"tile":"16/59029/24010","vt_code":3101,"vt_lvorder":0},"type":"Feature"},{"geometry":{"coordinates":[[[144.25590634346008,43.279475375284676],[144.2559814453125,43.2794548719577],[144.25643876194954,43.27932404104186],[144.2563797533512,43.279198091610844],[144.2559814453125,43.27932013563706],[144.2558741569519,43.27935235521914],[144.2558741569519,43.27940800718436],[144.25590634346008,43.279475375284676]]],"type":"Polygon"},"properties":{"layer":"BldA","prefCode":"01","sourceId":0,"tile":"16/59029/24011","vt_code":3111,"vt_lvorder":0},"type":"Feature"},{"geometry":{"coordinates":[[[144.25629258155823,43.278753849288144],[144.25683170557022,43.27859079689666],[144.2567552626133,43.27843946045371],[144.2562134563923,43.27861715869016],[144.25629258155823,43.278753849288144]]],"type":"Polygon"},"properties":{"layer":"BldA","prefCode":"01","sourceId":0,"tile":"16/59029/24011","vt_code":3111,"vt_lvorder":0},"type":"Feature"},{"geometry":{"coordinates":[[[144.25645619630814,43.27901941871493],[144.25699397921562,43.278847579806424],[144.25690680742264,43.27870112580816],[144.2563757300377,43.278861248828285],[144.25645619630814,43.27901941871493]]],"type":"Polygon"},"properties":{"layer":"BldA","prefCode":"01","sourceId":0,"tile":"16/59029/24011","vt_code":3111,"vt_lvorder":0},"type":"Feature"},{"geometry":{"coordinates":[[[144.25653532147408,43.27836720937401],[144.25694838166237,43.27823539975083],[144.25687059760094,43.27807918056842],[144.25643876194954,43.27820806142286],[144.25653532147408,43.27836720937401]]],"type":"Polygon"},"properties":{"layer":"BldA","prefCode":"01","sourceId":0,"tile":"16/59029/24011","vt_code":3111,"vt_lvorder":0},"type":"Feature"},{"geometry":{"coordinates":[[[144.25710394978523,43.27835158750766],[144.25727292895317,43.27831253282423],[144.2572420835495,43.27823344701351],[144.25707310438156,43.278273478115736],[144.25710394978523,43.27835158750766]]],"type":"Polygon"},"properties":{"layer":"BldA","prefCode":"01","sourceId":0,"tile":"16/59029/24011","vt_code":3101,"vt_lvorder":0},"type":"Feature"},{"geometry":{"coordinates":[[[144.2571723461151,43.27848730233766],[144.2573507130146,43.2784472713761],[144.25731986761093,43.27836916210702],[144.25714284181595,43.278414074949],[144.2571723461151,43.27848730233766]]],"type":"Polygon"},"properties":{"layer":"BldA","prefCode":"01","sourceId":0,"tile":"16/59029/24011","vt_code":3101,"vt_lvorder":0},"type":"Feature"},{"geometry":{"coordinates":[[[144.26112860441208,43.27867281132783],[144.26117420196533,43.27860544233891],[144.2611674964428,43.27859372598539],[144.26103606820107,43.27854881327602],[144.26101326942444,43.27854393145778],[144.26098242402077,43.27861618232764],[144.26112860441208,43.27867281132783]]],"type":"Polygon"},"properties":{"layer":"BldA","prefCode":"01","sourceId":0,"tile":"16/59029/24011","vt_code":3101,"vt_lvorder":0},"type":"Feature"},{"geometry":{"coordinates":[[[144.26036685705185,43.27840235855863],[144.26038160920143,43.27839747672865],[144.26044330000877,43.27818365219108],[144.26069676876068,43.27822270695722],[144.26074370741844,43.278059653142414],[144.2607517540455,43.27804891305545],[144.26069676876068,43.27804891305545],[144.2599430680275,43.27793565384107],[144.25989747047424,43.278104566212846],[144.26027432084084,43.278161195689194],[144.26027432084084,43.278211966899036],[144.26025822758675,43.27822856516998],[144.25995916128159,43.2781895104076],[144.25992026925087,43.27833498927026],[144.26036685705185,43.27840235855863]]],"type":"Polygon"},"properties":{"layer":"BldA","prefCode":"01","sourceId":0,"tile":"16/59029/24011","vt_code":3101,"vt_lvorder":0},"type":"Feature"},{"geometry":{"coordinates":[[[144.26208212971687,43.27863863866161],[144.2621974647045,43.27862789867683],[144.2621974647045,43.278560529638185],[144.26218271255493,43.27854393145778],[144.26216661930084,43.27854881327602],[144.2620512843132,43.27856638781842],[144.2620673775673,43.27862204050252],[144.26208212971687,43.27863863866161]]],"type":"Polygon"},"properties":{"layer":"BldA","prefCode":"01","sourceId":0,"tile":"16/59030/24011","vt_code":3101,"vt_lvorder":0},"type":"Feature"},{"geometry":{"coordinates":[[[144.26196679472923,43.27845898775782],[144.26213577389717,43.27844238954973],[144.26212906837463,43.278375020305674],[144.26202043890953,43.278375020305674],[144.26195204257965,43.27838576033509],[144.26196679472923,43.27845898775782]]],"type":"Polygon"},"properties":{"layer":"BldA","prefCode":"01","sourceId":0,"tile":"16/59030/24011","vt_code":3101,"vt_lvorder":0},"type":"Feature"},{"geometry":{"coordinates":[[[144.26206469535828,43.27831350919163],[144.26216930150986,43.27830472188454],[144.26216527819633,43.27825492712043],[144.26206469535828,43.278258832593586],[144.26206469535828,43.27831350919163]]],"type":"Polygon"},"properties":{"layer":"BldA","prefCode":"01","sourceId":0,"tile":"16/59030/24011","vt_code":3101,"vt_lvorder":0},"type":"Feature"},{"geometry":{"coordinates":[[[144.26214382052422,43.27878118737089],[144.26224440336227,43.27877142377132],[144.26224038004875,43.27870405489158],[144.26211163401604,43.278721629389146],[144.26214382052422,43.27878118737089]]],"type":"Polygon"},"properties":{"layer":"BldA","prefCode":"01","sourceId":0,"tile":"16/59030/24011","vt_code":3101,"vt_lvorder":0},"type":"Feature"},{"geometry":{"coordinates":[[[144.26242142915726,43.27846972777241],[144.26249787211418,43.27846484594784],[144.26249787211418,43.27839747672865],[144.2623744904995,43.27838576033509],[144.2623744904995,43.27846484594784],[144.26242142915726,43.27846972777241]]],"type":"Polygon"},"properties":{"layer":"BldA","prefCode":"01","sourceId":0,"tile":"16/59030/24011","vt_code":3101,"vt_lvorder":0},"type":"Feature"},{"geometry":{"coordinates":[[[144.30840522050858,43.30285150625409],[144.3085514008999,43.30284662638615],[144.3085514008999,43.30276757247085],[144.3083743751049,43.302761716621184],[144.3083743751049,43.30284662638615],[144.30840522050858,43.30285150625409]]],"type":"Polygon"},"properties":{"layer":"BldA","prefCode":"01","sourceId":0,"tile":"16/59038/24005","vt_code":3101,"vt_lvorder":0},"type":"Feature"},{"geometry":{"coordinates":[[[144.30912137031555,43.30269437430948],[144.30933594703674,43.302592872713205],[144.30926755070686,43.30251479444691],[144.30905163288116,43.3026153201962],[144.30912137031555,43.30269437430948]]],"type":"Polygon"},"properties":{"layer":"BldA","prefCode":"01","sourceId":0,"tile":"16/59038/24005","vt_code":3101,"vt_lvorder":0},"type":"Feature"},{"geometry":{"coordinates":[[[144.30890545248985,43.302592872713205],[144.30962160229683,43.302244447675164],[144.30955186486244,43.302171248883944],[144.30883705615997,43.30252065032035],[144.30890545248985,43.302592872713205]]],"type":"Polygon"},"properties":{"layer":"BldA","prefCode":"01","sourceId":0,"tile":"16/59038/24005","vt_code":3101,"vt_lvorder":0},"type":"Feature"},{"geometry":{"coordinates":[[[144.3092903494835,43.3020199711028],[144.30939093232155,43.30200825925888],[144.3094901740551,43.30195750790919],[144.30952101945877,43.30194677204132],[144.30955186486244,43.30192920425345],[144.3095438182354,43.301873572891694],[144.30951431393623,43.30183941325837],[144.30936008691788,43.30190187657333],[144.30925279855728,43.301777925870034],[144.3091830611229,43.301688134651535],[144.30906772613525,43.30174376618298],[144.3092903494835,43.3020199711028]]],"type":"Polygon"},"properties":{"layer":"BldA","prefCode":"01","sourceId":0,"tile":"16/59038/24005","vt_code":3101,"vt_lvorder":0},"type":"Feature"},{"geometry":{"coordinates":[[[144.30925279855728,43.30161981515733],[144.3093828856945,43.30153002370532],[144.30929839611053,43.30146853600408],[144.30917501449585,43.30156418351247],[144.30925279855728,43.30161981515733]]],"type":"Polygon"},"properties":{"layer":"BldA","prefCode":"01","sourceId":0,"tile":"16/59038/24005","vt_code":3101,"vt_lvorder":0},"type":"Feature"},{"geometry":{"coordinates":[[[144.30984422564507,43.302486491050615],[144.31002125144005,43.30247477929657],[144.31000649929047,43.30239084499321],[144.30982947349548,43.30240743666702],[144.30984422564507,43.302486491050615]]],"type":"Polygon"},"properties":{"layer":"BldA","prefCode":"01","sourceId":0,"tile":"16/59038/24005","vt_code":3101,"vt_lvorder":0},"type":"Feature"},{"geometry":{"coordinates":[[[144.31009903550148,43.30209902599023],[144.31019827723503,43.30205901056623],[144.31011378765106,43.30194677204132],[144.310013204813,43.30199166747615],[144.31009903550148,43.30209902599023]]],"type":"Polygon"},"properties":{"layer":"BldA","prefCode":"01","sourceId":0,"tile":"16/59038/24005","vt_code":3101,"vt_lvorder":0},"type":"Feature"},{"geometry":{"coordinates":[[[144.3095988035202,43.301688134651535],[144.30969804525375,43.301637383034596],[144.30952101945877,43.301451944074046],[144.30942177772522,43.30150171985057],[144.3095988035202,43.301688134651535]]],"type":"Polygon"},"properties":{"layer":"BldA","prefCode":"01","sourceId":0,"tile":"16/59038/24005","vt_code":3101,"vt_lvorder":0},"type":"Feature"},{"geometry":{"coordinates":[[[144.30992737412453,43.301607127242804],[144.3102452158928,43.3013338484412],[144.3101017177105,43.30125088856196],[144.30979326367378,43.30152123975181],[144.30992737412453,43.301607127242804]]],"type":"Polygon"},"properties":{"layer":"BldA","prefCode":"01","sourceId":0,"tile":"16/59038/24005","vt_code":3111,"vt_lvorder":0},"type":"Feature"},{"geometry":{"coordinates":[[[144.31036859750748,43.30210976183121],[144.31054428219795,43.30209902599023],[144.3105362355709,43.3020199711028],[144.31036055088043,43.30203070695775],[144.31036859750748,43.30210976183121]]],"type":"Polygon"},"properties":{"layer":"BldA","prefCode":"01","sourceId":0,"tile":"16/59038/24005","vt_code":3101,"vt_lvorder":0},"type":"Feature"},{"geometry":{"coordinates":[[[144.30996760725975,43.301271384542645],[144.31005209684372,43.301220632577824],[144.31002527475357,43.30119623257965],[144.30994480848312,43.30112010452242],[144.3098522722721,43.30117573657362],[144.30987641215324,43.30119623257965],[144.30996760725975,43.301271384542645]]],"type":"Polygon"},"properties":{"layer":"BldA","prefCode":"01","sourceId":0,"tile":"16/59038/24005","vt_code":3101,"vt_lvorder":0},"type":"Feature"},{"geometry":{"coordinates":[[[144.31025996804237,43.30124893656343],[144.3103390932083,43.30119623257965],[144.3103525042534,43.30118744857791],[144.3102653324604,43.301118152519706],[144.3101017177105,43.301118152519706],[144.31009903550148,43.30112010452242],[144.310192912817,43.30119623257965],[144.31025996804237,43.30124893656343]]],"type":"Polygon"},"properties":{"layer":"BldA","prefCode":"01","sourceId":0,"tile":"16/59038/24005","vt_code":3101,"vt_lvorder":0},"type":"Feature"},{"geometry":{"coordinates":[[[144.31041419506073,43.3011542645599],[144.31045845150948,43.301118152519706],[144.3103551864624,43.301118152519706],[144.31041419506073,43.3011542645599]]],"type":"Polygon"},"properties":{"layer":"BldA","prefCode":"01","sourceId":0,"tile":"16/59038/24005","vt_code":3101,"vt_lvorder":0},"type":"Feature"},{"geometry":{"coordinates":[[[144.31014195084572,43.301274312539334],[144.3101017177105,43.30125088856196],[144.31007355451584,43.301274312539334],[144.31014195084572,43.301274312539334]]],"type":"Polygon"},"properties":{"layer":"BldA","prefCode":"01","sourceId":0,"tile":"16/59038/24006","vt_code":3111,"vt_lvorder":0},"type":"Feature"},{"geometry":{"coordinates":[[[144.3096899986267,43.30104983238498],[144.3097785115242,43.300995176221946],[144.30974498391151,43.30095711207937],[144.30960685014725,43.30084975154883],[144.30956795811653,43.300867319648624],[144.30952906608582,43.30089464779376],[144.3095076084137,43.30091514389455],[144.30966049432755,43.301035192346134],[144.3096899986267,43.30104983238498]]],"type":"Polygon"},"properties":{"layer":"BldA","prefCode":"01","sourceId":0,"tile":"16/59038/24006","vt_code":3101,"vt_lvorder":0},"type":"Feature"},{"geometry":{"coordinates":[[[144.31025996804237,43.30124893656343],[144.3103390932083,43.30119623257965],[144.3103525042534,43.30118744857791],[144.3101915717125,43.30105764040427],[144.31009903550148,43.30112010452242],[144.310192912817,43.30119623257965],[144.31025996804237,43.30124893656343]]],"type":"Polygon"},"properties":{"layer":"BldA","prefCode":"01","sourceId":0,"tile":"16/59038/24006","vt_code":3101,"vt_lvorder":0},"type":"Feature"},{"geometry":{"coordinates":[[[144.31041419506073,43.3011542645599],[144.31058317422867,43.30101860029784],[144.3104825913906,43.30095711207937],[144.31031361222267,43.30109180047683],[144.31041419506073,43.3011542645599]]],"type":"Polygon"},"properties":{"layer":"BldA","prefCode":"01","sourceId":0,"tile":"16/59038/24006","vt_code":3101,"vt_lvorder":0},"type":"Feature"},{"geometry":{"coordinates":[[[144.3110203742981,43.301002008245014],[144.3110203742981,43.30094344802238],[144.31097477674484,43.300961992098976],[144.31099086999893,43.30099029620499],[144.3110203742981,43.301002008245014]]],"type":"Polygon"},"properties":{"layer":"BldA","prefCode":"01","sourceId":0,"tile":"16/59038/24006","vt_code":3101,"vt_lvorder":0},"type":"Feature"},{"geometry":{"coordinates":[[[144.31103646755219,43.3010244563154],[144.3111290037632,43.30099029620499],[144.31117594242096,43.300961992098976],[144.31112229824066,43.300900503823264],[144.31097477674484,43.300961992098976],[144.31099086999893,43.30099029620499],[144.31103646755219,43.30100786426417],[144.3110217154026,43.3010127442797],[144.31103646755219,43.3010244563154]]],"type":"Polygon"},"properties":{"layer":"BldA","prefCode":"01","sourceId":0,"tile":"16/59039/24006","vt_code":3101,"vt_lvorder":0},"type":"Feature"},{"geometry":{"coordinates":[[[144.25424873828888,43.314928955011005],[144.25426751375198,43.31485577149379],[144.25417229533195,43.31483723165544],[144.25414815545082,43.3149065120751],[144.25424873828888,43.314928955011005]]],"type":"Polygon"},"properties":{"layer":"BldA","prefCode":"01","sourceId":0,"tile":"16/59028/24002","vt_code":3101,"vt_lvorder":0},"type":"Feature"},{"geometry":{"coordinates":[[[141.59287378191948,43.47629541681236],[141.59290462732315,43.476278872670434],[141.5929515659809,43.47615527805509],[141.59283488988876,43.47613776068757],[141.5927892923355,43.476278872670434],[141.59287378191948,43.47629541681236]]],"type":"Polygon"},"properties":{"layer":"BldA","prefCode":"01","sourceId":0,"tile":"16/58544/23962","vt_code":3101,"vt_lvorder":0},"type":"Feature"},{"geometry":{"coordinates":[[[141.59309640526772,43.47595869397286],[141.59315541386604,43.47587986552263],[141.59299314022064,43.4758146616651],[141.59293413162231,43.47589446339154],[141.59309640526772,43.47595869397286]]],"type":"Polygon"},"properties":{"layer":"BldA","prefCode":"01","sourceId":0,"tile":"16/58544/23962","vt_code":3101,"vt_lvorder":0},"type":"Feature"},{"geometry":{"coordinates":[[[141.66975796222687,43.81577376039498],[141.66977271437645,43.81571279524425],[141.66968017816544,43.81570118282753],[141.66966542601585,43.81576214799012],[141.66975796222687,43.81577376039498]]],"type":"Polygon"},"properties":{"layer":"BldA","prefCode":"01","sourceId":0,"tile":"16/58558/23876","vt_code":3101,"vt_lvorder":0},"type":"Feature"},{"geometry":{"coordinates":[[[141.66923090815544,43.815556027427995],[141.6692577302456,43.81543506432551],[141.66911020874977,43.81541474250025],[141.66908338665962,43.81553377023553],[141.66923090815544,43.815556027427995]]],"type":"Polygon"},"properties":{"layer":"BldA","prefCode":"01","sourceId":0,"tile":"16/58558/23876","vt_code":3101,"vt_lvorder":0},"type":"Feature"},{"geometry":{"coordinates":[[[141.66935697197914,43.815275392655046],[141.66938915848732,43.81515249356336],[141.66924968361855,43.81513023622049],[141.66921749711037,43.81525507077544],[141.66935697197914,43.815275392655046]]],"type":"Polygon"},"properties":{"layer":"BldA","prefCode":"01","sourceId":0,"tile":"16/58558/23876","vt_code":3101,"vt_lvorder":0},"type":"Feature"},{"geometry":{"coordinates":[[[141.66958898305893,43.8153595832254],[141.6696359217167,43.81518636341703],[141.6694910824299,43.815163138376576],[141.66944682598114,43.81534022908181],[141.66958898305893,43.8153595832254]]],"type":"Polygon"},"properties":{"layer":"BldA","prefCode":"01","sourceId":0,"tile":"16/58558/23876","vt_code":3101,"vt_lvorder":0},"type":"Feature"},{"geometry":{"coordinates":[[[141.6696909070015,43.813170589819414],[141.66995108127594,43.81315413819472],[141.66991755366325,43.81287252438688],[141.6696560382843,43.812888008342085],[141.66966676712036,43.81298381522565],[141.66959434747696,43.81298865395307],[141.66960775852203,43.81310284780629],[141.66968286037445,43.81309800908812],[141.6696909070015,43.813170589819414]]],"type":"Polygon"},"properties":{"layer":"BldA","prefCode":"01","sourceId":0,"tile":"16/58558/23877","vt_code":3101,"vt_lvorder":0},"type":"Feature"},{"geometry":{"coordinates":[[[141.67063236236572,43.81436670756559],[141.6708254814148,43.81353929857211],[141.67017504572868,43.813459944124666],[141.66998326778412,43.81428735421761],[141.67063236236572,43.81436670756559]]],"type":"Polygon"},"properties":{"layer":"BldA","prefCode":"01","sourceId":0,"tile":"16/58558/23877","vt_code":3101,"vt_lvorder":0},"type":"Feature"},{"geometry":{"coordinates":[[[141.67132571339607,43.81444896397354],[141.67151749134064,43.81362155611974],[141.67086839675903,43.8135422017816],[141.67067527770996,43.81436961073486],[141.67132571339607,43.81444896397354]]],"type":"Polygon"},"properties":{"layer":"BldA","prefCode":"01","sourceId":0,"tile":"16/58558/23877","vt_code":3101,"vt_lvorder":0},"type":"Feature"},{"geometry":{"coordinates":[[[142.58312791585922,43.450091606077265],[142.58322581648827,43.45005752983671],[142.58318826556206,43.450000086987764],[142.58315339684486,43.449947512129036],[142.58305549621582,43.44998158843158],[142.58312791585922,43.450091606077265]]],"type":"Polygon"},"properties":{"layer":"BldA","prefCode":"01","sourceId":0,"tile":"16/58724/23968","vt_code":3101,"vt_lvorder":0},"type":"Feature"},{"geometry":{"coordinates":[[[142.58324727416039,43.45004292572774],[142.58334517478943,43.44999716616348],[142.58333310484886,43.449982562039935],[142.5833022594452,43.449947512129036],[142.58320301771164,43.449992298122694],[142.58324727416039,43.45004292572774]]],"type":"Polygon"},"properties":{"layer":"BldA","prefCode":"01","sourceId":0,"tile":"16/58724/23968","vt_code":3101,"vt_lvorder":0},"type":"Feature"},{"geometry":{"coordinates":[[[142.58354365825653,43.45012178787429],[142.5835919380188,43.45007602836968],[142.58351013064384,43.45002929522286],[142.58346050977707,43.45007408115595],[142.58354365825653,43.45012178787429]]],"type":"Polygon"},"properties":{"layer":"BldA","prefCode":"01","sourceId":0,"tile":"16/58724/23968","vt_code":3101,"vt_lvorder":0},"type":"Feature"},{"geometry":{"coordinates":[[[142.5836442410946,43.450071160335234],[142.58369117975235,43.450000086987764],[142.58371129631996,43.44997087873856],[142.58360400795937,43.44993290799351],[142.583536952734,43.45003221604559],[142.5836442410946,43.450071160335234]]],"type":"Polygon"},"properties":{"layer":"BldA","prefCode":"01","sourceId":0,"tile":"16/58724/23968","vt_code":3101,"vt_lvorder":0},"type":"Feature"},{"geometry":{"coordinates":[[[142.6379831135273,43.55937350045756],[142.6380756497383,43.55932296446076],[142.6383076608181,43.55917038436713],[142.6383773982525,43.559216061250964],[142.63840824365616,43.559210230161334],[142.63846322894096,43.55917038436713],[142.63845518231392,43.55914220074067],[142.6383237540722,43.55905764978222],[142.63830095529556,43.55905764978222],[142.6380380988121,43.55922675158048],[142.6379133760929,43.55931130230164],[142.63792142271996,43.559333654771315],[142.6379831135273,43.55937350045756]]],"type":"Polygon"},"properties":{"layer":"BldA","prefCode":"01","sourceId":0,"tile":"16/58734/23941","vt_code":3101,"vt_lvorder":0},"type":"Feature"},{"geometry":{"coordinates":[[[142.63840153813362,43.55975543460104],[142.63849407434464,43.5597000397227],[142.63838544487953,43.55960965849608],[142.63830095529556,43.55961548954705],[142.6383076608181,43.55967088450312],[142.63840153813362,43.55975543460104]]],"type":"Polygon"},"properties":{"layer":"BldA","prefCode":"01","sourceId":0,"tile":"16/58734/23941","vt_code":3101,"vt_lvorder":0},"type":"Feature"},{"geometry":{"coordinates":[[[142.63617262244225,43.59069474442705],[142.63620346784592,43.590683088341876],[142.63621151447296,43.59060440970787],[142.6361458003521,43.590583040184576],[142.6361109316349,43.590638406661114],[142.6361109316349,43.590677260298435],[142.63617262244225,43.59069474442705]]],"type":"Polygon"},"properties":{"layer":"BldA","prefCode":"01","sourceId":0,"tile":"16/58734/23933","vt_code":3101,"vt_lvorder":0},"type":"Feature"},{"geometry":{"coordinates":[[[142.6362557709217,43.590497562015535],[142.63629466295242,43.590480077829646],[142.63633221387863,43.59038488606178],[142.63623967766762,43.59035671704037],[142.63618603348732,43.59045190885279],[142.63618603348732,43.59047424976655],[142.6362557709217,43.590497562015535]]],"type":"Polygon"},"properties":{"layer":"BldA","prefCode":"01","sourceId":0,"tile":"16/58734/23933","vt_code":3101,"vt_lvorder":0},"type":"Feature"},{"geometry":{"coordinates":[[[142.63726964592934,43.591706872548244],[142.63730719685555,43.59169036003793],[142.63732329010963,43.59166704825096],[142.63733938336372,43.59163402320396],[142.6371918618679,43.59158837090326],[142.63714492321014,43.59158351427348],[142.63713017106056,43.5916281952526],[142.63710603117943,43.591662191627535],[142.63726964592934,43.591706872548244]]],"type":"Polygon"},"properties":{"layer":"BldA","prefCode":"01","sourceId":0,"tile":"16/58734/23933","vt_code":3101,"vt_lvorder":0},"type":"Feature"},{"geometry":{"coordinates":[[[142.63748556375504,43.59148152495775],[142.6375325024128,43.59145918441789],[142.63754725456238,43.591436843869744],[142.63754054903984,43.5914145033133],[142.63750836253166,43.59140284736751],[142.6374627649784,43.59139701939378],[142.63744667172432,43.59138050679845],[142.63740107417107,43.591374678822554],[142.63733938336372,43.591374678822554],[142.637300491333,43.591426159256834],[142.63748556375504,43.59148152495775]]],"type":"Polygon"},"properties":{"layer":"BldA","prefCode":"01","sourceId":0,"tile":"16/58734/23933","vt_code":3101,"vt_lvorder":0},"type":"Feature"},{"geometry":{"coordinates":[[[142.63639524579048,43.59019935881622],[142.63644084334373,43.5901818745437],[142.63650253415108,43.59004685693482],[142.63644084334373,43.590024515862424],[142.63642609119415,43.590012859647445],[142.63639524579048,43.59001868775522],[142.63633221387863,43.590143020586574],[142.63633221387863,43.59017701780043],[142.63639524579048,43.59019353072595],[142.63639524579048,43.59019935881622]]],"type":"Polygon"},"properties":{"layer":"BldA","prefCode":"01","sourceId":0,"tile":"16/58734/23933","vt_code":3101,"vt_lvorder":0},"type":"Feature"},{"geometry":{"coordinates":[[[142.6347228884697,43.59503162276915],[142.63477653265,43.59496460507823],[142.63462901115417,43.594918955304],[142.63458341360092,43.59498694431683],[142.6347228884697,43.59503162276915]]],"type":"Polygon"},"properties":{"layer":"BldA","prefCode":"01","sourceId":0,"tile":"16/58733/23932","vt_code":3101,"vt_lvorder":0},"type":"Feature"},{"geometry":{"coordinates":[[[142.63440504670143,43.59477909195036],[142.63445869088173,43.594666424012416],[142.63437420129776,43.594638256994976],[142.63432055711746,43.59474509733614],[142.63435006141663,43.5947616090083],[142.63439029455185,43.59476743665623],[142.63440504670143,43.59477909195036]]],"type":"Polygon"},"properties":{"layer":"BldA","prefCode":"01","sourceId":0,"tile":"16/58733/23932","vt_code":3101,"vt_lvorder":0},"type":"Feature"},{"geometry":{"coordinates":[[[142.63475373387337,43.594807258901895],[142.63479262590408,43.594773264303576],[142.63480737805367,43.59473926968605],[142.63464510440826,43.59468876336171],[142.63459011912346,43.59467710805007],[142.63455256819725,43.59474509733614],[142.63460621237755,43.59476743665623],[142.63475373387337,43.594807258901895]]],"type":"Polygon"},"properties":{"layer":"BldA","prefCode":"01","sourceId":0,"tile":"16/58733/23932","vt_code":3101,"vt_lvorder":0},"type":"Feature"},{"geometry":{"coordinates":[[[142.1027684211731,43.787640927062625],[142.1027684211731,43.7875886466104],[142.10276305675507,43.78758477398249],[142.10272684693336,43.78761575499874],[142.1027684211731,43.787640927062625]]],"type":"Polygon"},"properties":{"layer":"BldA","prefCode":"01","sourceId":0,"tile":"16/58636/23883","vt_code":3101,"vt_lvorder":0},"type":"Feature"},{"geometry":{"coordinates":[[[142.10367903113365,43.788098863143404],[142.10371792316437,43.788054328287444],[142.10378631949425,43.78808627720922],[142.10382789373398,43.78804077419426],[142.1037782728672,43.788017538598794],[142.10378900170326,43.788006888947855],[142.10369378328323,43.787962354023364],[142.1036870777607,43.78796913107923],[142.1035999059677,43.78792750058105],[142.1035811305046,43.7879478317582],[142.10355564951897,43.78793524579221],[142.10351139307022,43.78798558964028],[142.103653550148,43.78805142383916],[142.10363075137138,43.78807659571957],[142.10367903113365,43.788098863143404]]],"type":"Polygon"},"properties":{"layer":"BldA","prefCode":"01","sourceId":0,"tile":"16/58637/23883","vt_code":3101,"vt_lvorder":0},"type":"Feature"},{"geometry":{"coordinates":[[[142.10385605692863,43.78798365333922],[142.10389360785484,43.78793234133814],[142.10385337471962,43.78791685091407],[142.1038158237934,43.78796913107923],[142.10385605692863,43.78798365333922]]],"type":"Polygon"},"properties":{"layer":"BldA","prefCode":"01","sourceId":0,"tile":"16/58637/23883","vt_code":3101,"vt_lvorder":0},"type":"Feature"},{"geometry":{"coordinates":[[[142.10394725203514,43.788105640183794],[142.10401698946953,43.78801172969852],[142.10393249988556,43.787978812586275],[142.1039016544819,43.78801947489876],[142.10388019680977,43.78801076154842],[142.1038493514061,43.7880504556897],[142.1038667857647,43.78805723273558],[142.10385739803314,43.78807078682503],[142.10394725203514,43.788105640183794]]],"type":"Polygon"},"properties":{"layer":"BldA","prefCode":"01","sourceId":0,"tile":"16/58637/23883","vt_code":3101,"vt_lvorder":0},"type":"Feature"},{"geometry":{"coordinates":[[[142.10286498069763,43.78769804824519],[142.10289984941483,43.78766706727159],[142.10276305675507,43.78758477398249],[142.10272684693336,43.78761575499874],[142.10286498069763,43.78769804824519]]],"type":"Polygon"},"properties":{"layer":"BldA","prefCode":"01","sourceId":0,"tile":"16/58637/23883","vt_code":3101,"vt_lvorder":0},"type":"Feature"},{"geometry":{"coordinates":[[[142.1029829978943,43.787607041589546],[142.10304200649261,43.78755669742264],[142.1030044555664,43.78753346163899],[142.10301250219345,43.78752668453374],[142.10296154022217,43.787494735312855],[142.10297226905823,43.78748602188602],[142.1029306948185,43.787459881597876],[142.1029132604599,43.78747537214038],[142.1028971672058,43.78746472239284],[142.10283681750298,43.78751700295345],[142.1029829978943,43.787607041589546]]],"type":"Polygon"},"properties":{"layer":"BldA","prefCode":"01","sourceId":0,"tile":"16/58637/23883","vt_code":3101,"vt_lvorder":0},"type":"Feature"},{"geometry":{"coordinates":[[[142.10311710834503,43.7877832458398],[142.10318014025688,43.787725156583925],[142.1030956506729,43.78767674882757],[142.10310503840446,43.78766803542726],[142.10306614637375,43.78764673599894],[142.1030567586422,43.787654481246484],[142.10298970341682,43.787616723155246],[142.10294008255005,43.78766125833726],[142.1029829978943,43.78768643038197],[142.10297092795372,43.78769901640035],[142.10298165678978,43.787704825331026],[142.1029467880726,43.787737742594146],[142.10299238562584,43.78776388276077],[142.10302725434303,43.787731933666684],[142.10311710834503,43.7877832458398]]],"type":"Polygon"},"properties":{"layer":"BldA","prefCode":"01","sourceId":0,"tile":"16/58637/23883","vt_code":3101,"vt_lvorder":0},"type":"Feature"},{"geometry":{"coordinates":[[[142.1627627313137,43.81400284256662],[142.16279357671738,43.813985423441906],[142.1628324687481,43.813929295116615],[142.16267690062523,43.81386736035162],[142.16262325644493,43.813946714257696],[142.1627627313137,43.81400284256662]]],"type":"Polygon"},"properties":{"layer":"BldA","prefCode":"01","sourceId":0,"tile":"16/58647/23877","vt_code":3101,"vt_lvorder":0},"type":"Feature"},{"geometry":{"coordinates":[[[142.16296523809433,43.813788974072594],[142.162996083498,43.813771554885506],[142.16303497552872,43.81371542635921],[142.16287940740585,43.813653491372406],[142.16282442212105,43.81373284556266],[142.16296523809433,43.813788974072594]]],"type":"Polygon"},"properties":{"layer":"BldA","prefCode":"01","sourceId":0,"tile":"16/58647/23877","vt_code":3101,"vt_lvorder":0},"type":"Feature"},{"geometry":{"coordinates":[[[142.1629786491394,43.81378219994489],[142.162996083498,43.813771554885506],[142.16303497552872,43.81371542635921],[142.1629786491394,43.81369316848072],[142.1629786491394,43.81378219994489]]],"type":"Polygon"},"properties":{"layer":"BldA","prefCode":"01","sourceId":0,"tile":"16/58648/23877","vt_code":3101,"vt_lvorder":0},"type":"Feature"},{"geometry":{"coordinates":[[[142.28654131293297,43.9621839661492],[142.28664994239807,43.9621501797816],[142.28658020496368,43.96202082608234],[142.28647962212563,43.962048820563524],[142.28654131293297,43.9621839661492]]],"type":"Polygon"},"properties":{"layer":"BldA","prefCode":"01","sourceId":0,"tile":"16/58670/23839","vt_code":3101,"vt_lvorder":0},"type":"Feature"},{"geometry":{"coordinates":[[[142.2867827117443,43.962189758096],[142.28694632649422,43.96210480948631],[142.28688329458237,43.96203723664187],[142.28671967983246,43.96211639339479],[142.2867827117443,43.962189758096]]],"type":"Polygon"},"properties":{"layer":"BldA","prefCode":"01","sourceId":0,"tile":"16/58670/23839","vt_code":3101,"vt_lvorder":0},"type":"Feature"},{"geometry":{"coordinates":[[[142.28583320975304,43.96088945187278],[142.2859190404415,43.960825739032465],[142.2857701778412,43.96074368451625],[142.28569239377975,43.96080546675076],[142.28583320975304,43.96088945187278]]],"type":"Polygon"},"properties":{"layer":"BldA","prefCode":"01","sourceId":0,"tile":"16/58670/23840","vt_code":3101,"vt_lvorder":0},"type":"Feature"},{"geometry":{"coordinates":[[[142.28598073124886,43.96062011985449],[142.28609338402748,43.96058440189657],[142.28599682450294,43.960456975493365],[142.28588551282883,43.96048786676772],[142.28598073124886,43.96062011985449]]],"type":"Polygon"},"properties":{"layer":"BldA","prefCode":"01","sourceId":0,"tile":"16/58670/23840","vt_code":3101,"vt_lvorder":0},"type":"Feature"},{"geometry":{"coordinates":[[[142.28670626878738,43.96050041634334],[142.28673979640007,43.96035078661525],[142.2866190969944,43.960344029134774],[142.28658020496368,43.96049076282387],[142.28670626878738,43.96050041634334]]],"type":"Polygon"},"properties":{"layer":"BldA","prefCode":"01","sourceId":0,"tile":"16/58670/23840","vt_code":3101,"vt_lvorder":0},"type":"Feature"},{"geometry":{"coordinates":[[[143.78343924880028,43.355687253559076],[143.7834620475769,43.35567067643297],[143.78348618745804,43.35560924351437],[143.78333196043968,43.355573163834784],[143.7833158671856,43.355569263327595],[143.78328502178192,43.35565409930233],[143.78343924880028,43.355687253559076]]],"type":"Polygon"},"properties":{"layer":"BldA","prefCode":"01","sourceId":0,"tile":"16/58942/23992","vt_code":3101,"vt_lvorder":0},"type":"Feature"},{"geometry":{"coordinates":[[[143.78239184617996,43.35455122237975],[143.78247633576393,43.35449563919263],[143.7823610007763,43.35440007499752],[143.78227651119232,43.35445565827217],[143.78239184617996,43.35455122237975]]],"type":"Polygon"},"properties":{"layer":"BldA","prefCode":"01","sourceId":0,"tile":"16/58942/23992","vt_code":3101,"vt_lvorder":0},"type":"Feature"},{"geometry":{"coordinates":[[[143.78360956907272,43.35536156095777],[143.7836766242981,43.35532060547699],[143.7836766242981,43.35522504258102],[143.78366321325302,43.35521529125664],[143.7835693359375,43.35527964996857],[143.78353983163834,43.35529915259508],[143.7835693359375,43.35532645626166],[143.78360956907272,43.35536156095777]]],"type":"Polygon"},"properties":{"layer":"BldA","prefCode":"01","sourceId":0,"tile":"16/58942/23992","vt_code":3101,"vt_lvorder":0},"type":"Feature"},{"geometry":{"coordinates":[[[143.78366321325302,43.35490617346174],[143.7836766242981,43.354894471810816],[143.7836766242981,43.35475990266296],[143.78366321325302,43.354754051823676],[143.783570677042,43.35486131712093],[143.78366321325302,43.35490617346174]]],"type":"Polygon"},"properties":{"layer":"BldA","prefCode":"01","sourceId":0,"tile":"16/58942/23992","vt_code":3101,"vt_lvorder":0},"type":"Feature"},{"geometry":{"coordinates":[[[143.7872077524662,43.358803672813856],[143.7872453033924,43.35872469169946],[143.78708437085152,43.358679838181295],[143.7870454788208,43.358763694731756],[143.7872077524662,43.358803672813856]]],"type":"Polygon"},"properties":{"layer":"BldA","prefCode":"01","sourceId":0,"tile":"16/58943/23991","vt_code":3101,"vt_lvorder":0},"type":"Feature"},{"geometry":{"coordinates":[[[143.78739953041077,43.35888752919318],[143.78743037581444,43.35887095294134],[143.7874612212181,43.358763694731756],[143.78734588623047,43.35874126799125],[143.78730699419975,43.35887095294134],[143.78739953041077,43.35888752919318]]],"type":"Polygon"},"properties":{"layer":"BldA","prefCode":"01","sourceId":0,"tile":"16/58943/23991","vt_code":3101,"vt_lvorder":0},"type":"Feature"},{"geometry":{"coordinates":[[[143.78721445798874,43.358517000130185],[143.78739148378372,43.35851114965315],[143.78739148378372,43.35842631767276],[143.78721445798874,43.35843216815797],[143.78721445798874,43.358517000130185]]],"type":"Polygon"},"properties":{"layer":"BldA","prefCode":"01","sourceId":0,"tile":"16/58943/23991","vt_code":3101,"vt_lvorder":0},"type":"Feature"},{"geometry":{"coordinates":[[[143.7834620475769,43.35567067643297],[143.78348618745804,43.35560924351437],[143.7834620475769,43.35560436788325],[143.7834620475769,43.35567067643297]]],"type":"Polygon"},"properties":{"layer":"BldA","prefCode":"01","sourceId":0,"tile":"16/58943/23992","vt_code":3101,"vt_lvorder":0},"type":"Feature"},{"geometry":{"coordinates":[[[143.78382548689842,43.35549612877143],[143.7839636206627,43.3554122677052],[143.78387913107872,43.35534985939465],[143.78375574946404,43.35543469567612],[143.78382548689842,43.35549612877143]]],"type":"Polygon"},"properties":{"layer":"BldA","prefCode":"01","sourceId":0,"tile":"16/58943/23992","vt_code":3101,"vt_lvorder":0},"type":"Feature"},{"geometry":{"coordinates":[[[143.78360956907272,43.35536156095777],[143.783747702837,43.35527672457406],[143.78366321325302,43.35521529125664],[143.7835693359375,43.35527964996857],[143.78353983163834,43.35529915259508],[143.7835693359375,43.35532645626166],[143.78360956907272,43.35536156095777]]],"type":"Polygon"},"properties":{"layer":"BldA","prefCode":"01","sourceId":0,"tile":"16/58943/23992","vt_code":3101,"vt_lvorder":0},"type":"Feature"},{"geometry":{"coordinates":[[[143.7841258943081,43.35534985939465],[143.7841795384884,43.35534400861225],[143.7841795384884,43.355260147335805],[143.784017264843,43.35525429654475],[143.7840025126934,43.355333282176375],[143.7841258943081,43.35534985939465]]],"type":"Polygon"},"properties":{"layer":"BldA","prefCode":"01","sourceId":0,"tile":"16/58943/23992","vt_code":3101,"vt_lvorder":0},"type":"Feature"},{"geometry":{"coordinates":[[[143.7849560379982,43.355803293315034],[143.78500699996948,43.355765263503486],[143.78491446375847,43.35569797993237],[143.78486216068268,43.35573600978608],[143.7849560379982,43.355803293315034]]],"type":"Polygon"},"properties":{"layer":"BldA","prefCode":"01","sourceId":0,"tile":"16/58943/23992","vt_code":3101,"vt_lvorder":0},"type":"Feature"},{"geometry":{"coordinates":[[[143.78541067242622,43.35663701781017],[143.78548711538315,43.35657948631238],[143.78537446260452,43.35651220364406],[143.78530740737915,43.35656876009489],[143.78541067242622,43.35663701781017]]],"type":"Polygon"},"properties":{"layer":"BldA","prefCode":"01","sourceId":0,"tile":"16/58943/23992","vt_code":3101,"vt_lvorder":0},"type":"Feature"},{"geometry":{"coordinates":[[[143.7855125963688,43.3564634480407],[143.78554344177246,43.35644102045],[143.78558099269867,43.35638446388012],[143.7855662405491,43.356357160689576],[143.7855125963688,43.3563347330596],[143.78548175096512,43.356339608632034],[143.7854267656803,43.3564351697728],[143.7855125963688,43.3564634480407]]],"type":"Polygon"},"properties":{"layer":"BldA","prefCode":"01","sourceId":0,"tile":"16/58943/23992","vt_code":3101,"vt_lvorder":0},"type":"Feature"},{"geometry":{"coordinates":[[[143.78632932901382,43.35670527544867],[143.78637492656708,43.35668869860066],[143.7863977253437,43.35664384357747],[143.7862367928028,43.35657656098052],[143.78622069954872,43.356581436533524],[143.78617510199547,43.35664384357747],[143.78632932901382,43.35670527544867]]],"type":"Polygon"},"properties":{"layer":"BldA","prefCode":"01","sourceId":0,"tile":"16/58943/23992","vt_code":3101,"vt_lvorder":0},"type":"Feature"},{"geometry":{"coordinates":[[[143.78570705652237,43.3563561855754],[143.78577277064323,43.35628305196764],[143.78573521971703,43.35624989803641],[143.78563597798347,43.35620114222229],[143.78557428717613,43.356284027082985],[143.785642683506,43.356328882372146],[143.78567352890968,43.356339608632034],[143.78568157553673,43.35634545931845],[143.78570705652237,43.3563561855754]]],"type":"Polygon"},"properties":{"layer":"BldA","prefCode":"01","sourceId":0,"tile":"16/58943/23992","vt_code":3101,"vt_lvorder":0},"type":"Feature"},{"geometry":{"coordinates":[[[143.7860745191574,43.356660420437734],[143.7861281633377,43.35664969423455],[143.78615230321884,43.356627266712685],[143.7861831486225,43.35657071031639],[143.78613620996475,43.35654243209848],[143.78608256578445,43.35652585520598],[143.78600478172302,43.35662141605344],[143.7860745191574,43.356660420437734]]],"type":"Polygon"},"properties":{"layer":"BldA","prefCode":"01","sourceId":0,"tile":"16/58943/23992","vt_code":3101,"vt_lvorder":0},"type":"Feature"},{"geometry":{"coordinates":[[[143.7852604687214,43.35528257536295],[143.78535836935043,43.35517043514432],[143.78525778651237,43.35511972819482],[143.78515720367432,43.355231868507154],[143.78520414233208,43.35525429654475],[143.7852604687214,43.35528257536295]]],"type":"Polygon"},"properties":{"layer":"BldA","prefCode":"01","sourceId":0,"tile":"16/58943/23992","vt_code":3101,"vt_lvorder":0},"type":"Feature"},{"geometry":{"coordinates":[[[143.78579020500183,43.355776964986504],[143.78581300377846,43.355772089368855],[143.78583580255508,43.355664825681494],[143.785642683506,43.35564239779563],[143.78561988472939,43.355754537142076],[143.78579020500183,43.355776964986504]]],"type":"Polygon"},"properties":{"layer":"BldA","prefCode":"01","sourceId":0,"tile":"16/58943/23992","vt_code":3101,"vt_lvorder":0},"type":"Feature"},{"geometry":{"coordinates":[[[143.78573656082153,43.35536351121807],[143.78579020500183,43.35530500338181],[143.78565073013306,43.35522699284571],[143.78558099269867,43.355294276939034],[143.78566682338715,43.35534498374269],[143.78566682338715,43.35534985939465],[143.78573656082153,43.35536351121807]]],"type":"Polygon"},"properties":{"layer":"BldA","prefCode":"01","sourceId":0,"tile":"16/58943/23992","vt_code":3101,"vt_lvorder":0},"type":"Feature"},{"geometry":{"coordinates":[[[143.78366321325302,43.35490617346174],[143.78370210528374,43.35487204364023],[143.78376379609108,43.354794032547545],[143.78366321325302,43.354754051823676],[143.783570677042,43.35486131712093],[143.78366321325302,43.35490617346174]]],"type":"Polygon"},"properties":{"layer":"BldA","prefCode":"01","sourceId":0,"tile":"16/58943/23992","vt_code":3101,"vt_lvorder":0},"type":"Feature"},{"geometry":{"coordinates":[[[143.78422647714615,43.355081697954894],[143.78424927592278,43.354979308728915],[143.78407895565033,43.35495688058969],[143.78406420350075,43.35499588604389],[143.78405079245567,43.35504951850249],[143.78422647714615,43.355081697954894]]],"type":"Polygon"},"properties":{"layer":"BldA","prefCode":"01","sourceId":0,"tile":"16/58943/23992","vt_code":3101,"vt_lvorder":0},"type":"Feature"},{"geometry":{"coordinates":[[[143.78402397036552,43.35489057126],[143.7840400636196,43.35480475907873],[143.78387108445168,43.354782330875],[143.78384828567505,43.35486131712093],[143.7840025126934,43.35488862098451],[143.78402397036552,43.35489057126]]],"type":"Polygon"},"properties":{"layer":"BldA","prefCode":"01","sourceId":0,"tile":"16/58943/23992","vt_code":3101,"vt_lvorder":0},"type":"Feature"},{"geometry":{"coordinates":[[[143.7846690416336,43.35503489147303],[143.78469586372375,43.354951029769396],[143.7845255434513,43.35491689997311],[143.78449469804764,43.355001736859855],[143.78464087843895,43.355030015795755],[143.7846690416336,43.35503489147303]]],"type":"Polygon"},"properties":{"layer":"BldA","prefCode":"01","sourceId":0,"tile":"16/58943/23992","vt_code":3101,"vt_lvorder":0},"type":"Feature"},{"geometry":{"coordinates":[[[143.7847226858139,43.35520163939989],[143.7847575545311,43.355103150913685],[143.78458723425865,43.35506902120295],[143.78455638885498,43.355159708677775],[143.78458052873611,43.35517043514432],[143.784648925066,43.35518701240709],[143.7847226858139,43.35520163939989]]],"type":"Polygon"},"properties":{"layer":"BldA","prefCode":"01","sourceId":0,"tile":"16/58943/23992","vt_code":3101,"vt_lvorder":0},"type":"Feature"},{"geometry":{"coordinates":[[[143.78498822450638,43.35519286320463],[143.78501906991005,43.35517043514432],[143.78509551286697,43.35508559849342],[143.78499627113342,43.35503489147303],[143.78489568829536,43.35514800707573],[143.78498822450638,43.35519286320463]]],"type":"Polygon"},"properties":{"layer":"BldA","prefCode":"01","sourceId":0,"tile":"16/58943/23992","vt_code":3101,"vt_lvorder":0},"type":"Feature"},{"geometry":{"coordinates":[[[143.78545761108398,43.35509144930073],[143.78548175096512,43.35507487201187],[143.78550454974174,43.355012463354335],[143.78532752394676,43.354979308728915],[143.78530338406563,43.35505731958342],[143.78545761108398,43.35509144930073]]],"type":"Polygon"},"properties":{"layer":"BldA","prefCode":"01","sourceId":0,"tile":"16/58943/23992","vt_code":3101,"vt_lvorder":0},"type":"Feature"},{"geometry":{"coordinates":[[[143.78661766648293,43.3570436371801],[143.78666326403618,43.357031935941336],[143.78667131066322,43.357015359182576],[143.78671020269394,43.35698123054733],[143.78655597567558,43.35689152090028],[143.78650233149529,43.356936375740375],[143.7864862382412,43.35695392762531],[143.78661766648293,43.3570436371801]]],"type":"Polygon"},"properties":{"layer":"BldA","prefCode":"01","sourceId":0,"tile":"16/58943/23992","vt_code":3101,"vt_lvorder":0},"type":"Feature"},{"geometry":{"coordinates":[[[143.78637492656708,43.356272325697745],[143.7863977253437,43.35625574873147],[143.78642857074738,43.356210893388244],[143.78642186522484,43.356199191988914],[143.78628239035606,43.35614263519364],[143.78622874617577,43.35621576897064],[143.78637492656708,43.356272325697745]]],"type":"Polygon"},"properties":{"layer":"BldA","prefCode":"01","sourceId":0,"tile":"16/58943/23992","vt_code":3101,"vt_lvorder":0},"type":"Feature"},{"geometry":{"coordinates":[[[143.78713801503181,43.35576038788491],[143.78721579909325,43.35570480580531],[143.78713801503181,43.35564824854925],[143.78708437085152,43.3556150942712],[143.78700658679008,43.35568237793422],[143.78713801503181,43.35576038788491]]],"type":"Polygon"},"properties":{"layer":"BldA","prefCode":"01","sourceId":0,"tile":"16/58943/23992","vt_code":3101,"vt_lvorder":0},"type":"Feature"},{"geometry":{"coordinates":[[[143.78741562366486,43.35583352212259],[143.7874773144722,43.35576038788491],[143.78734588623047,43.35569310430838],[143.78732308745384,43.35569895505712],[143.78726944327354,43.35576038788491],[143.78741562366486,43.35583352212259]]],"type":"Polygon"},"properties":{"layer":"BldA","prefCode":"01","sourceId":0,"tile":"16/58943/23992","vt_code":3101,"vt_lvorder":0},"type":"Feature"},{"geometry":{"coordinates":[[[143.78710716962814,43.35544542209407],[143.78726944327354,43.35538983972598],[143.78722250461578,43.355316704953566],[143.78706693649292,43.355373262518626],[143.78710716962814,43.35544542209407]]],"type":"Polygon"},"properties":{"layer":"BldA","prefCode":"01","sourceId":0,"tile":"16/58943/23992","vt_code":3101,"vt_lvorder":0},"type":"Feature"},{"geometry":{"coordinates":[[[144.70949336886406,43.34798815387356],[144.70952421426773,43.34797645088872],[144.7095550596714,43.347931589425954],[144.70954701304436,43.347903307182385],[144.70936194062233,43.347846742655705],[144.70933109521866,43.347892579431374],[144.70933109521866,43.347937440922976],[144.70949336886406,43.34798815387356]]],"type":"Polygon"},"properties":{"layer":"BldA","prefCode":"01","sourceId":0,"tile":"16/59111/23994","vt_code":3101,"vt_lvorder":0},"type":"Feature"},{"geometry":{"coordinates":[[[144.70930963754654,43.34721672729555],[144.70932438969612,43.34712602795139],[144.70918223261833,43.34711237427494],[144.70916613936424,43.34720404890075],[144.70930963754654,43.34721672729555]]],"type":"Polygon"},"properties":{"layer":"BldA","prefCode":"01","sourceId":0,"tile":"16/59111/23994","vt_code":3101,"vt_lvorder":0},"type":"Feature"},{"geometry":{"coordinates":[[[144.70982193946838,43.347397150319196],[144.70990106463432,43.34726841610849],[144.7098943591118,43.34724500985903],[144.70983937382698,43.34722843042687],[144.70979377627373,43.34723428199168],[144.70972403883934,43.347358139981154],[144.70973208546638,43.34736886782661],[144.70982193946838,43.347397150319196]]],"type":"Polygon"},"properties":{"layer":"BldA","prefCode":"01","sourceId":0,"tile":"16/59111/23994","vt_code":3101,"vt_lvorder":0},"type":"Feature"},{"geometry":{"coordinates":[[[144.70994666218758,43.34808372816525],[144.71000030636787,43.34800278260143],[144.70976158976555,43.34792086167994],[144.7097146511078,43.34800278260143],[144.70994666218758,43.34808372816525]]],"type":"Polygon"},"properties":{"layer":"BldA","prefCode":"01","sourceId":0,"tile":"16/59111/23994","vt_code":3101,"vt_lvorder":0},"type":"Feature"},{"geometry":{"coordinates":[[[144.7104562819004,43.34798815387356],[144.71049517393112,43.347971574644376],[144.7105099260807,43.34794816866605],[144.7105099260807,43.34790915868213],[144.710294008255,43.347846742655705],[144.71026316285133,43.347892579431374],[144.71026316285133,43.347937440922976],[144.7104562819004,43.34798815387356]]],"type":"Polygon"},"properties":{"layer":"BldA","prefCode":"01","sourceId":0,"tile":"16/59111/23994","vt_code":3101,"vt_lvorder":0},"type":"Feature"},{"geometry":{"coordinates":[[[144.71142321825027,43.34760390469229],[144.71160426735878,43.34730450072539],[144.71174240112305,43.347066536910106],[144.71142053604126,43.3469748620766],[144.71111074090004,43.34752100797633],[144.71142321825027,43.34760390469229]]],"type":"Polygon"},"properties":{"layer":"BldA","prefCode":"01","sourceId":0,"tile":"16/59111/23994","vt_code":3111,"vt_lvorder":0},"type":"Feature"},{"geometry":{"coordinates":[[[144.7115720808506,43.34767802401305],[144.71178397536278,43.347302550206116],[144.71165925264359,43.34726451506754],[144.7114460170269,43.34763998910976],[144.7115720808506,43.34767802401305]]],"type":"Polygon"},"properties":{"layer":"BldA","prefCode":"01","sourceId":0,"tile":"16/59111/23994","vt_code":3111,"vt_lvorder":0},"type":"Feature"},{"geometry":{"coordinates":[[[144.70980986952782,43.34704898216547],[144.70998153090477,43.34672616901188],[144.7098246216774,43.34668325716431],[144.70963418483734,43.34700704581052],[144.70980986952782,43.34704898216547]]],"type":"Polygon"},"properties":{"layer":"BldA","prefCode":"01","sourceId":0,"tile":"16/59111/23994","vt_code":3111,"vt_lvorder":0},"type":"Feature"},{"geometry":{"coordinates":[[[144.71026316285133,43.347248910901236],[144.71047103405,43.34691927195056],[144.7101867198944,43.34682369582538],[144.70998018980026,43.347153335295076],[144.71026316285133,43.347248910901236]]],"type":"Polygon"},"properties":{"layer":"BldA","prefCode":"01","sourceId":0,"tile":"16/59111/23994","vt_code":3111,"vt_lvorder":0},"type":"Feature"},{"geometry":{"coordinates":[[[144.71014380455017,43.34653989236268],[144.7102577984333,43.34632533216303],[144.71014380455017,43.34629217279179],[144.71002846956253,43.3465086836535],[144.71014380455017,43.34653989236268]]],"type":"Polygon"},"properties":{"layer":"BldA","prefCode":"01","sourceId":0,"tile":"16/59111/23994","vt_code":3101,"vt_lvorder":0},"type":"Feature"},{"geometry":{"coordinates":[[[144.7099667787552,43.34648235129264],[144.71006602048874,43.346286321136155],[144.7099493443966,43.34625511229661],[144.709842056036,43.34645211782721],[144.7099667787552,43.34648235129264]]],"type":"Polygon"},"properties":{"layer":"BldA","prefCode":"01","sourceId":0,"tile":"16/59111/23994","vt_code":3101,"vt_lvorder":0},"type":"Feature"},{"geometry":{"coordinates":[[[144.71071779727936,43.34697583734152],[144.71087738871574,43.34670763889961],[144.71070304512978,43.34665204852884],[144.7105434536934,43.34692024721637],[144.71071779727936,43.34697583734152]]],"type":"Polygon"},"properties":{"layer":"BldA","prefCode":"01","sourceId":0,"tile":"16/59111/23994","vt_code":3111,"vt_lvorder":0},"type":"Feature"},{"geometry":{"coordinates":[[[144.71106246113777,43.34739519980289],[144.71136420965195,43.34691049455758],[144.7110839188099,43.34681784422098],[144.71078351140022,43.34730157494644],[144.71106246113777,43.34739519980289]]],"type":"Polygon"},"properties":{"layer":"BldA","prefCode":"01","sourceId":0,"tile":"16/59111/23994","vt_code":3111,"vt_lvorder":0},"type":"Feature"},{"geometry":{"coordinates":[[[144.7120213508606,43.34733375850713],[144.7120213508606,43.34715431055712],[144.71193552017212,43.34730645124461],[144.7120213508606,43.34733375850713]]],"type":"Polygon"},"properties":{"layer":"BldA","prefCode":"01","sourceId":0,"tile":"16/59111/23994","vt_code":3111,"vt_lvorder":0},"type":"Feature"},{"geometry":{"coordinates":[[[144.71212327480316,43.347365942050764],[144.71228957176208,43.347064586383176],[144.7121112048626,43.34699339210731],[144.71193552017212,43.34730645124461],[144.71212327480316,43.347365942050764]]],"type":"Polygon"},"properties":{"layer":"BldA","prefCode":"01","sourceId":0,"tile":"16/59112/23994","vt_code":3111,"vt_lvorder":0},"type":"Feature"},{"geometry":{"coordinates":[[[142.24502876400948,44.24826937759568],[142.2454833984375,44.2482309510219],[142.2455906867981,44.248221344374535],[142.2455906867981,44.248060913131596],[142.2454833984375,44.248068598470574],[142.2450341284275,44.24810126115005],[142.24502876400948,44.24826937759568]]],"type":"Polygon"},"properties":{"layer":"BldA","prefCode":"01","sourceId":0,"tile":"16/58662/23767","vt_code":3101,"vt_lvorder":0},"type":"Feature"},{"geometry":{"coordinates":[[[142.2455906867981,44.247405734291675],[142.2455906867981,44.247320233875435],[142.2455544769764,44.24732119455496],[142.24553167819977,44.2473894027611],[142.24557057023048,44.247405734291675],[142.2455906867981,44.247405734291675]]],"type":"Polygon"},"properties":{"layer":"BldA","prefCode":"01","sourceId":0,"tile":"16/58662/23767","vt_code":3101,"vt_lvorder":0},"type":"Feature"},{"geometry":{"coordinates":[[[142.24841237068176,44.25025407599798],[142.2485250234604,44.25021949324967],[142.24848479032516,44.250149367058725],[142.24837213754654,44.2501829892155],[142.24841237068176,44.25025407599798]]],"type":"Polygon"},"properties":{"layer":"BldA","prefCode":"01","sourceId":0,"tile":"16/58663/23766","vt_code":3101,"vt_lvorder":0},"type":"Feature"},{"geometry":{"coordinates":[[[142.24855989217758,44.2501119023471],[142.24864706397057,44.250085965225075],[142.24859207868576,44.24998894107459],[142.24850490689278,44.250014878239405],[142.24855989217758,44.2501119023471]]],"type":"Polygon"},"properties":{"layer":"BldA","prefCode":"01","sourceId":0,"tile":"16/58663/23766","vt_code":3101,"vt_lvorder":0},"type":"Feature"},{"geometry":{"coordinates":[[[142.24867925047874,44.25003889412255],[142.2487637400627,44.25001391760387],[142.24871143698692,44.24992361779401],[142.24862828850746,44.24994859435103],[142.24867925047874,44.25003889412255]]],"type":"Polygon"},"properties":{"layer":"BldA","prefCode":"01","sourceId":0,"tile":"16/58663/23766","vt_code":3111,"vt_lvorder":0},"type":"Feature"},{"geometry":{"coordinates":[[[142.2453761100769,44.24823959700319],[142.2454833984375,44.2482309510219],[142.2458280622959,44.2482002097448],[142.24581196904182,44.24804362111521],[142.2454833984375,44.248068598470574],[142.2453761100769,44.24807628380856],[142.2453761100769,44.24823959700319]]],"type":"Polygon"},"properties":{"layer":"BldA","prefCode":"01","sourceId":0,"tile":"16/58663/23767","vt_code":3101,"vt_lvorder":0},"type":"Feature"},{"geometry":{"coordinates":[[[142.24557057023048,44.247405734291675],[142.24571138620377,44.24739997022259],[142.24572747945786,44.24737787461914],[142.24571138620377,44.24731639115718],[142.2455544769764,44.24732119455496],[142.24553167819977,44.2473894027611],[142.24557057023048,44.247405734291675]]],"type":"Polygon"},"properties":{"layer":"BldA","prefCode":"01","sourceId":0,"tile":"16/58663/23767","vt_code":3101,"vt_lvorder":0},"type":"Feature"},{"geometry":{"coordinates":[[[142.24624246358871,44.24728180668157],[142.24636048078537,44.24727700328058],[142.24636048078537,44.24714731130541],[142.24624246358871,44.24715307539926],[142.24624246358871,44.24728180668157]]],"type":"Polygon"},"properties":{"layer":"BldA","prefCode":"01","sourceId":0,"tile":"16/58663/23767","vt_code":3101,"vt_lvorder":0},"type":"Feature"},{"geometry":{"coordinates":[[[142.2465080022812,44.24718093517828],[142.2466877102852,44.24717517108715],[142.2466877102852,44.24709063101905],[142.2465080022812,44.24709639511846],[142.2465080022812,44.24718093517828]]],"type":"Polygon"},"properties":{"layer":"BldA","prefCode":"01","sourceId":0,"tile":"16/58663/23767","vt_code":3101,"vt_lvorder":0},"type":"Feature"},{"geometry":{"coordinates":[[[142.2455933690071,44.246128979192676],[142.24571138620377,44.24611745080369],[142.24570333957672,44.246050201822904],[142.24560141563416,44.24605596602427],[142.2455933690071,44.246128979192676]]],"type":"Polygon"},"properties":{"layer":"BldA","prefCode":"01","sourceId":0,"tile":"16/58663/23767","vt_code":3101,"vt_lvorder":0},"type":"Feature"},{"geometry":{"coordinates":[[[143.34668844938278,44.14196439687758],[143.3467662334442,44.141907615333],[143.34664151072502,44.14181811210947],[143.34657177329063,44.141873931340065],[143.34668844938278,44.14196439687758]]],"type":"Polygon"},"properties":{"layer":"BldA","prefCode":"01","sourceId":0,"tile":"16/58863/23794","vt_code":3101,"vt_lvorder":0},"type":"Feature"},{"geometry":{"coordinates":[[[143.34599375724792,44.14181330010435],[143.34604874253273,44.1417815408608],[143.34601655602455,44.141752668806376],[143.3460634946823,44.14172668394533],[143.34599912166595,44.141667014961854],[143.34594950079918,44.14162274438675],[143.34583818912506,44.14168626302762],[143.34599375724792,44.14181330010435]]],"type":"Polygon"},"properties":{"layer":"BldA","prefCode":"01","sourceId":0,"tile":"16/58863/23794","vt_code":3101,"vt_lvorder":0},"type":"Feature"},{"geometry":{"coordinates":[[[143.34695398807526,44.14158809782657],[143.34707871079445,44.14151784223933],[143.34700897336006,44.141453361010335],[143.34688425064087,44.141523616674306],[143.34695398807526,44.14158809782657]]],"type":"Polygon"},"properties":{"layer":"BldA","prefCode":"01","sourceId":0,"tile":"16/58863/23794","vt_code":3101,"vt_lvorder":0},"type":"Feature"},{"geometry":{"coordinates":[[[143.34695398807526,44.141446624161446],[143.3470156788826,44.14141871435074],[143.34704786539078,44.14139080452684],[143.34693789482117,44.141300338110405],[143.3469070494175,44.14131188702235],[143.34684401750565,44.14135615783054],[143.34695398807526,44.141446624161446]]],"type":"Polygon"},"properties":{"layer":"BldA","prefCode":"01","sourceId":0,"tile":"16/58863/23794","vt_code":3101,"vt_lvorder":0},"type":"Feature"},{"geometry":{"coordinates":[[[143.34710955619812,44.14135615783054],[143.34717258810997,44.14132824797707],[143.34720343351364,44.141300338110405],[143.34709480404854,44.14121083396623],[143.34706261754036,44.14122142048498],[143.34700092673302,44.14126665377099],[143.34710955619812,44.14135615783054]]],"type":"Polygon"},"properties":{"layer":"BldA","prefCode":"01","sourceId":0,"tile":"16/58863/23794","vt_code":3101,"vt_lvorder":0},"type":"Feature"},{"geometry":{"coordinates":[[[143.3491238951683,44.13863440382145],[143.34924057126045,44.138622854385765],[143.3492325246334,44.138499660264564],[143.34911584854126,44.13851024726945],[143.3491238951683,44.13863440382145]]],"type":"Polygon"},"properties":{"layer":"BldA","prefCode":"01","sourceId":0,"tile":"16/58863/23795","vt_code":3101,"vt_lvorder":0},"type":"Feature"},{"geometry":{"coordinates":[[[142.39144921302795,44.79899634632722],[142.3915109038353,44.79893829716896],[142.3912976682186,44.79880031123053],[142.39122658967972,44.79886216703684],[142.39144921302795,44.79899634632722]]],"type":"Polygon"},"properties":{"layer":"BldA","prefCode":"01","sourceId":0,"tile":"16/58689/23626","vt_code":3101,"vt_lvorder":0},"type":"Feature"},{"geometry":{"coordinates":[[[142.39229142665863,44.799108637975785],[142.39239066839218,44.7990030077023],[142.39220291376114,44.79891165163415],[142.39210233092308,44.799017282074885],[142.39229142665863,44.799108637975785]]],"type":"Polygon"},"properties":{"layer":"BldA","prefCode":"01","sourceId":0,"tile":"16/58689/23626","vt_code":3101,"vt_lvorder":0},"type":"Feature"},{"geometry":{"coordinates":[[[142.57295295596123,44.77557590863638],[142.5730937719345,44.77552735604187],[142.57305890321732,44.77547594736789],[142.57291674613953,44.77552450000562],[142.57295295596123,44.77557590863638]]],"type":"Polygon"},"properties":{"layer":"BldA","prefCode":"01","sourceId":0,"tile":"16/58722/23632","vt_code":3101,"vt_lvorder":0},"type":"Feature"},{"geometry":{"coordinates":[[[142.57459312677383,44.775120845462546],[142.574625313282,44.77510942123631],[142.57461726665497,44.775042779871534],[142.57442817091942,44.775019931385906],[142.57442817091942,44.775098949026926],[142.57459312677383,44.775120845462546]]],"type":"Polygon"},"properties":{"layer":"BldA","prefCode":"01","sourceId":0,"tile":"16/58722/23632","vt_code":3101,"vt_lvorder":0},"type":"Feature"},{"geometry":{"coordinates":[[[142.57016479969025,44.77352333588876],[142.57020503282547,44.773511911346496],[142.57021978497505,44.77345574064745],[142.57016479969025,44.77343860381313],[142.56999984383583,44.7734224190205],[142.56998375058174,44.77349477452885],[142.57016479969025,44.77352333588876]]],"type":"Polygon"},"properties":{"layer":"BldA","prefCode":"01","sourceId":0,"tile":"16/58722/23633","vt_code":3101,"vt_lvorder":0},"type":"Feature"},{"geometry":{"coordinates":[[[142.57023587822914,44.77336624823441],[142.57026806473732,44.773354823661066],[142.57027611136436,44.7732872282225],[142.57010981440544,44.773265331091636],[142.5700856745243,44.773343399085455],[142.57023587822914,44.77336624823441]]],"type":"Polygon"},"properties":{"layer":"BldA","prefCode":"01","sourceId":0,"tile":"16/58722/23633","vt_code":3101,"vt_lvorder":0},"type":"Feature"},{"geometry":{"coordinates":[[[142.57076561450958,44.77357379425677],[142.57079645991325,44.77356236972448],[142.57081255316734,44.77350715111988],[142.5708045065403,44.77349572657441],[142.5706073641777,44.77347287747668],[142.57059127092361,44.77354618496653],[142.57076561450958,44.77357379425677]]],"type":"Polygon"},"properties":{"layer":"BldA","prefCode":"01","sourceId":0,"tile":"16/58722/23633","vt_code":3101,"vt_lvorder":0},"type":"Feature"},{"geometry":{"coordinates":[[[142.1522068977356,43.35069050770309],[142.1522068977356,43.35060176396296],[142.1521371603012,43.35064174742239],[142.1522068977356,43.35069050770309]]],"type":"Polygon"},"properties":{"layer":"BldA","prefCode":"01","sourceId":0,"tile":"16/58645/23993","vt_code":3101,"vt_lvorder":0},"type":"Feature"},{"geometry":{"coordinates":[[[142.1522592008114,43.35072561508094],[142.15234503149986,43.35068075565008],[142.15232893824577,43.35065832592221],[142.15223640203476,43.35059103668889],[142.1522055566311,43.35060176396296],[142.1521371603012,43.35064174742239],[142.1522592008114,43.35072561508094]]],"type":"Polygon"},"properties":{"layer":"BldA","prefCode":"01","sourceId":0,"tile":"16/58646/23993","vt_code":3101,"vt_lvorder":0},"type":"Feature"},{"geometry":{"coordinates":[[[142.18418687582016,43.379352819620664],[142.18422040343285,43.37926606729276],[142.18407824635506,43.37923682490707],[142.18404471874237,43.379323577276814],[142.18418687582016,43.379352819620664]]],"type":"Polygon"},"properties":{"layer":"BldA","prefCode":"01","sourceId":0,"tile":"16/58651/23986","vt_code":3101,"vt_lvorder":0},"type":"Feature"},{"geometry":{"coordinates":[[[143.0898293852806,44.35347446540754],[143.08994606137276,44.35346871174232],[143.08994606137276,44.35333925412575],[143.0898293852806,44.353345007803675],[143.0898293852806,44.35347446540754]]],"type":"Polygon"},"properties":{"layer":"BldA","prefCode":"01","sourceId":0,"tile":"16/58816/23740","vt_code":3101,"vt_lvorder":0},"type":"Feature"},{"geometry":{"coordinates":[[[143.11874762177467,44.372955053851214],[143.11881735920906,44.372949302098924],[143.11883345246315,44.372847687715385],[143.118896484375,44.37285152222362],[143.11893537640572,44.37285343947765],[143.11894342303276,44.372707727992776],[143.118896484375,44.372705810733976],[143.11868458986282,44.37269622443905],[143.11866849660873,44.372949302098924],[143.11874762177467,44.372955053851214]]],"type":"Polygon"},"properties":{"layer":"BldA","prefCode":"01","sourceId":0,"tile":"16/58821/23735","vt_code":3101,"vt_lvorder":0},"type":"Feature"},{"geometry":{"coordinates":[[[143.1187891960144,44.372952177975144],[143.11881735920906,44.372949302098924],[143.11883345246315,44.372847687715385],[143.118896484375,44.37285152222362],[143.11893537640572,44.37285343947765],[143.11894342303276,44.372707727992776],[143.118896484375,44.372705810733976],[143.1187891960144,44.37270101758672],[143.1187891960144,44.372952177975144]]],"type":"Polygon"},"properties":{"layer":"BldA","prefCode":"01","sourceId":0,"tile":"16/58822/23735","vt_code":3101,"vt_lvorder":0},"type":"Feature"},{"geometry":{"coordinates":[[[143.1284786760807,44.37266650691482],[143.12852561473846,44.372649251571254],[143.12857121229172,44.37261474086885],[143.1285336613655,44.37257639562011],[143.12846258282661,44.37251696043495],[143.1284075975418,44.37255434709071],[143.12838479876518,44.37257639562011],[143.1284786760807,44.37266650691482]]],"type":"Polygon"},"properties":{"layer":"BldA","prefCode":"01","sourceId":0,"tile":"16/58823/23735","vt_code":3101,"vt_lvorder":0},"type":"Feature"},{"geometry":{"coordinates":[[[143.12812060117722,44.372489160085706],[143.1282453238964,44.37244985612114],[143.12822252511978,44.37239904851812],[143.1282064318657,44.372381793095734],[143.12814339995384,44.37239904851812],[143.1280817091465,44.372410552130205],[143.12812060117722,44.372489160085706]]],"type":"Polygon"},"properties":{"layer":"BldA","prefCode":"01","sourceId":0,"tile":"16/58823/23735","vt_code":3101,"vt_lvorder":0},"type":"Feature"},{"geometry":{"coordinates":[[[143.12540352344513,43.46898149132543],[143.1254343688488,43.46896397187844],[143.12546521425247,43.46891919993529],[143.12535122036934,43.468867614829236],[143.12519431114197,43.4687955902679],[143.12517151236534,43.46880143010039],[143.12514871358871,43.46882868264458],[143.12514871358871,43.468867614829236],[143.1252720952034,43.468925039755845],[143.1253418326378,43.46895326554723],[143.12540352344513,43.46898149132543]]],"type":"Polygon"},"properties":{"layer":"BldA","prefCode":"01","sourceId":0,"tile":"16/58823/23963","vt_code":3101,"vt_lvorder":0},"type":"Feature"},{"geometry":{"coordinates":[[[143.12666818499565,43.46976304815526],[143.1267687678337,43.469661825922564],[143.12676072120667,43.46959953523358],[143.12668427824974,43.46955476376121],[143.12668427824974,43.46957228303696],[143.1267151236534,43.469594668770796],[143.12670707702637,43.4696053749884],[143.12669232487679,43.469611214742656],[143.1266064941883,43.46969005136988],[143.1266064941883,43.469724116547354],[143.12666818499565,43.46976304815526]]],"type":"Polygon"},"properties":{"layer":"BldA","prefCode":"01","sourceId":0,"tile":"16/58823/23963","vt_code":3101,"vt_lvorder":0},"type":"Feature"},{"geometry":{"coordinates":[[[143.12659978866577,43.46922870964706],[143.12664538621902,43.469212163570496],[143.12668427824974,43.46917225830837],[143.12641337513924,43.46904280934989],[143.1263530254364,43.469099260809486],[143.1263905763626,43.469127486519504],[143.12659978866577,43.46922870964706]]],"type":"Polygon"},"properties":{"layer":"BldA","prefCode":"01","sourceId":0,"tile":"16/58823/23963","vt_code":3101,"vt_lvorder":0},"type":"Feature"},{"geometry":{"coordinates":[[[143.12544643878937,43.468945479123335],[143.12546521425247,43.46891919993529],[143.12535122036934,43.468867614829236],[143.12519431114197,43.4687955902679],[143.12517151236534,43.46880143010039],[143.12514871358871,43.46882868264458],[143.12514871358871,43.468867614829236],[143.1252720952034,43.468925039755845],[143.12532171607018,43.468945479123335],[143.12544643878937,43.468945479123335]]],"type":"Polygon"},"properties":{"layer":"BldA","prefCode":"01","sourceId":0,"tile":"16/58823/23964","vt_code":3101,"vt_lvorder":0},"type":"Feature"},{"geometry":{"coordinates":[[[143.13072234392166,44.375076453291626],[143.13080817461014,44.375025647967334],[143.1307826936245,44.37500072458459],[143.13071429729462,44.37493554030264],[143.1306593120098,44.374963339490584],[143.13064321875572,44.37498059415232],[143.13062846660614,44.37498059415232],[143.13072234392166,44.37507070174769],[143.13072234392166,44.375076453291626]]],"type":"Polygon"},"properties":{"layer":"BldA","prefCode":"01","sourceId":0,"tile":"16/58824/23734","vt_code":3101,"vt_lvorder":0},"type":"Feature"},{"geometry":{"coordinates":[[[143.13095033168793,44.37488281766858],[143.13104018568993,44.374836805149144],[143.13090205192566,44.374836805149144],[143.13095033168793,44.37488281766858]]],"type":"Polygon"},"properties":{"layer":"BldA","prefCode":"01","sourceId":0,"tile":"16/58824/23734","vt_code":3101,"vt_lvorder":0},"type":"Feature"},{"geometry":{"coordinates":[[[143.13077062368393,44.37499018007331],[143.13071429729462,44.37493554030264],[143.1306593120098,44.374963339490584],[143.13064321875572,44.37498059415232],[143.13062846660614,44.37498059415232],[143.1306378543377,44.37499018007331],[143.13077062368393,44.37499018007331]]],"type":"Polygon"},"properties":{"layer":"BldA","prefCode":"01","sourceId":0,"tile":"16/58824/23735","vt_code":3101,"vt_lvorder":0},"type":"Feature"},{"geometry":{"coordinates":[[[143.13068747520447,44.374822426229414],[143.1307652592659,44.374775455067],[143.13068479299545,44.374684388420306],[143.13059628009796,44.374739028425324],[143.13068747520447,44.374822426229414]]],"type":"Polygon"},"properties":{"layer":"BldA","prefCode":"01","sourceId":0,"tile":"16/58824/23735","vt_code":3101,"vt_lvorder":0},"type":"Feature"},{"geometry":{"coordinates":[[[143.13095033168793,44.37488281766858],[143.13104018568993,44.374836805149144],[143.13100531697273,44.374786958212304],[143.13093692064285,44.374736152636856],[143.13087925314903,44.37476970349351],[143.1308564543724,44.3747927097841],[143.13095033168793,44.37488281766858]]],"type":"Polygon"},"properties":{"layer":"BldA","prefCode":"01","sourceId":0,"tile":"16/58824/23735","vt_code":3101,"vt_lvorder":0},"type":"Feature"},{"geometry":{"coordinates":[[[143.14047753810883,44.348657490967916],[143.1405606865883,44.34861817101285],[143.14047753810883,44.34852226857282],[143.14039438962936,44.34855871151852],[143.14047753810883,44.348657490967916]]],"type":"Polygon"},"properties":{"layer":"BldA","prefCode":"01","sourceId":0,"tile":"16/58825/23741","vt_code":3101,"vt_lvorder":0},"type":"Feature"},{"geometry":{"coordinates":[[[143.14152359962463,44.35443531957332],[143.14164027571678,44.35443052493096],[143.14164027571678,44.35430106943909],[143.14152359962463,44.35430586409204],[143.14152359962463,44.35443531957332]]],"type":"Polygon"},"properties":{"layer":"BldA","prefCode":"01","sourceId":0,"tile":"16/58826/23740","vt_code":3101,"vt_lvorder":0},"type":"Feature"},{"geometry":{"coordinates":[[[143.14140558242798,44.353761189008345],[143.14152359962463,44.35375543537128],[143.14152359962463,44.3536259783881],[143.14140558242798,44.35363173203787],[143.14140558242798,44.353761189008345]]],"type":"Polygon"},"properties":{"layer":"BldA","prefCode":"01","sourceId":0,"tile":"16/58826/23740","vt_code":3101,"vt_lvorder":0},"type":"Feature"},{"geometry":{"coordinates":[[[143.14127951860428,44.35346295807655],[143.1413733959198,44.353457204410205],[143.14138144254684,44.35337857091361],[143.14120173454285,44.353372817238984],[143.1411936879158,44.353457204410205],[143.14127951860428,44.35346295807655]]],"type":"Polygon"},"properties":{"layer":"BldA","prefCode":"01","sourceId":0,"tile":"16/58826/23740","vt_code":3101,"vt_lvorder":0},"type":"Feature"},{"geometry":{"coordinates":[[[143.14162820577621,44.35395777126852],[143.14173817634583,44.35394722296886],[143.14173817634583,44.353828314732304],[143.14161345362663,44.35383406836221],[143.14159736037254,44.353912701247616],[143.1416054069996,44.353952017650755],[143.14162820577621,44.35395777126852]]],"type":"Polygon"},"properties":{"layer":"BldA","prefCode":"01","sourceId":0,"tile":"16/58826/23740","vt_code":3101,"vt_lvorder":0},"type":"Feature"},{"geometry":{"coordinates":[[[143.14193800091743,44.35419366911027],[143.1420560181141,44.35418791551567],[143.1420560181141,44.35405845948787],[143.14193800091743,44.35406421309517],[143.14193800091743,44.35419366911027]]],"type":"Polygon"},"properties":{"layer":"BldA","prefCode":"01","sourceId":0,"tile":"16/58826/23740","vt_code":3101,"vt_lvorder":0},"type":"Feature"},{"geometry":{"coordinates":[[[143.14194604754448,44.35398558041306],[143.14206406474113,44.353979826798025],[143.14206406474113,44.35385037031053],[143.14194604754448,44.35385612393827],[143.14194604754448,44.35398558041306]]],"type":"Polygon"},"properties":{"layer":"BldA","prefCode":"01","sourceId":0,"tile":"16/58826/23740","vt_code":3101,"vt_lvorder":0},"type":"Feature"},{"geometry":{"coordinates":[[[143.1416416168213,44.35372187247718],[143.14174354076385,44.35371036519477],[143.14174354076385,44.35360392272542],[143.14161747694016,44.35360392272542],[143.1416094303131,44.35371611883625],[143.1416416168213,44.35372187247718]]],"type":"Polygon"},"properties":{"layer":"BldA","prefCode":"01","sourceId":0,"tile":"16/58826/23740","vt_code":3101,"vt_lvorder":0},"type":"Feature"},{"geometry":{"coordinates":[[[143.1419152021408,44.353777490976945],[143.14204797148705,44.35376598370546],[143.14204797148705,44.35368159697887],[143.14203992486,44.353653787690085],[143.1419152021408,44.35365954133712],[143.1419152021408,44.353777490976945]]],"type":"Polygon"},"properties":{"layer":"BldA","prefCode":"01","sourceId":0,"tile":"16/58826/23740","vt_code":3101,"vt_lvorder":0},"type":"Feature"},{"geometry":{"coordinates":[[[143.14228266477585,44.35410352939666],[143.14229875802994,44.35409298112324],[143.14230680465698,44.35399133402752],[143.14219683408737,44.35399133402752],[143.14219683408737,44.35408722751876],[143.1422209739685,44.35409873472716],[143.14228266477585,44.35410352939666]]],"type":"Polygon"},"properties":{"layer":"BldA","prefCode":"01","sourceId":0,"tile":"16/58826/23740","vt_code":3101,"vt_lvorder":0},"type":"Feature"},{"geometry":{"coordinates":[[[143.1414994597435,44.353355556211724],[143.14161747694016,44.353349802534844],[143.14161747694016,44.3532203446556],[143.1414994597435,44.35322609834519],[143.1414994597435,44.353355556211724]]],"type":"Polygon"},"properties":{"layer":"BldA","prefCode":"01","sourceId":0,"tile":"16/58826/23740","vt_code":3101,"vt_lvorder":0},"type":"Feature"},{"geometry":{"coordinates":[[[143.1472796201706,43.4506660312426],[143.14734801650047,43.450335980839796],[143.14721792936325,43.450325271209536],[143.1471522152424,43.45065532167077],[143.1472796201706,43.4506660312426]]],"type":"Polygon"},"properties":{"layer":"BldA","prefCode":"01","sourceId":0,"tile":"16/58827/23968","vt_code":3101,"vt_lvorder":0},"type":"Feature"},{"geometry":{"coordinates":[[[143.14754381775856,43.44990272610222],[143.14757600426674,43.44981704839332],[143.14730376005173,43.44977907755169],[143.1472809612751,43.44986767614507],[143.14754381775856,43.44990272610222]]],"type":"Polygon"},"properties":{"layer":"BldA","prefCode":"01","sourceId":0,"tile":"16/58827/23968","vt_code":3101,"vt_lvorder":0},"type":"Feature"},{"geometry":{"coordinates":[[[143.14759746193886,43.449761552539826],[143.14764574170113,43.44959019660068],[143.14753711223602,43.449573645149016],[143.1474767625332,43.44974305391068],[143.14759746193886,43.449761552539826]]],"type":"Polygon"},"properties":{"layer":"BldA","prefCode":"01","sourceId":0,"tile":"16/58827/23968","vt_code":3101,"vt_lvorder":0},"type":"Feature"},{"geometry":{"coordinates":[[[143.14885139465332,43.436810154159964],[143.1489908695221,43.436792625390794],[143.148974776268,43.43671958879796],[143.14889833331108,43.43671958879796],[143.14883664250374,43.4367303008371],[143.14883664250374,43.43678093954187],[143.14885139465332,43.436810154159964]]],"type":"Polygon"},"properties":{"layer":"BldA","prefCode":"01","sourceId":0,"tile":"16/58827/23972","vt_code":3101,"vt_lvorder":0},"type":"Feature"},{"geometry":{"coordinates":[[[143.14895868301392,43.436503399966526],[143.14912766218185,43.43645665633385],[143.14909681677818,43.436398226742234],[143.14892783761024,43.43644497042004],[143.14895868301392,43.436503399966526]]],"type":"Polygon"},"properties":{"layer":"BldA","prefCode":"01","sourceId":0,"tile":"16/58827/23972","vt_code":3101,"vt_lvorder":0},"type":"Feature"}],"source":"https://cyberjapandata.gsi.go.jp/xyz/optimal_bvmap-v1/optimal_bvmap-v1.pmtiles","tiles":[{"sha256":"0461738d2ee605cf5978a28031d01f30b0ac4e198ebdade3806474ee207f5f50","x":57672,"y":26114,"z":16},{"sha256":"881b387bbec103cd10d0bbc66c1024671f2621cf5e92b30e8fde33e65e6f5f02","x":57672,"y":26115,"z":16},{"sha256":"fff1e09bea379f55f0044730c052fa4635f5853afa99fab9f1b178466b04a33e","x":57672,"y":26116,"z":16},{"sha256":"0c88a5a8a7cbc56773b201afe6d96881d35917d2bb6423ccff89859d02dec14d","x":57673,"y":26114,"z":16},{"sha256":"813f151750a84507c7bd7898f2ff277dbb01994954c32579f7f752bbda204bd3","x":57673,"y":26115,"z":16},{"sha256":"53642d8ac17109950452b61cbf1a35d2ff22c052788a747be9e0f0653c9eeae8","x":57673,"y":26116,"z":16},{"sha256":"9d5a36fbb161597f45565ea5d6d6464dc956073e414ea2de3ebbda71c137b816","x":57674,"y":26114,"z":16},{"sha256":"204dda22f1f510ab7501f7c1e3fd5f91c468a2de908d0a14126240866c288f41","x":57674,"y":26115,"z":16},{"sha256":"fb60c834ea767a7182006eaf1d06bf4fd81f92844e5903abb52674d452e1b016","x":57674,"y":26116,"z":16},{"sha256":"7720fd50422473627f3241f1beb9d0ae78c439558156ac9bf54d7b40826702a5","x":57675,"y":26114,"z":16},{"sha256":"1a147b5408f374839b666f19f563c2216fc83a13d98d235c511686e4388b785c","x":57675,"y":26115,"z":16},{"sha256":"ead65b1afea385cf695edce5c0942bee77a4bd0e67ddfce623a54f0f657153b5","x":57675,"y":26116,"z":16},{"sha256":"55c6fc5dae34cdd2324ffb4efdac147674fed20c7f7eb0efbbd8b50dab0a022a","x":57676,"y":26114,"z":16},{"sha256":"3d28806e768c387da865f928bdb789d3867ff625916ee60507e4ef25950e09dc","x":57676,"y":26115,"z":16},{"sha256":"d44a562efb74c6ff2063e61128e659df83c6c692a5587ed62beff0312faac8c0","x":57676,"y":26116,"z":16},{"sha256":"582edc03dcbcf714630aeb190a69d585dc7a8ebd2dd4826b0a7e89c714a95672","x":56375,"y":26305,"z":16},{"sha256":"5a0842f2f591b67f6593cd4ec54f79c2da33a83a1fa17ff4c4d725f32fc24312","x":56375,"y":26306,"z":16},{"sha256":"3dde1e17ab77bcbff175df4759b8417f050211414f18c8db13ddfef6f3d1067c","x":56375,"y":26307,"z":16},{"sha256":"beb77f6aec68691eef53a069500de2a389bb5ee6478aa34f24e1742e10fb9c63","x":56375,"y":26308,"z":16},{"sha256":"d1195740149fd81ab4476997f1676917accdffb34988cc595868889ba2261e34","x":56375,"y":26309,"z":16},{"sha256":"fca5ec2847bc730dc2c32b40f885d1a35d59c62a31294e19ea88af83a34f9064","x":56376,"y":26305,"z":16},{"sha256":"591cc0a09d6b067f1e38aac7121c21260e50ed2d9727b21d25fd713be3b761dd","x":56376,"y":26306,"z":16},{"sha256":"4cfdf5d4b4d6732a5fc8286d119d3f6e48aeb36f6927eba6d2a6ec2ba901904f","x":56376,"y":26307,"z":16},{"sha256":"de631ef702334499192c212482b0ec4fee7826e7694a175210c56e180420821d","x":56376,"y":26308,"z":16},{"sha256":"f409497d59dfbceb9ceb3faddc1e58bd8688abfacb84b4c4a420af913e01df73","x":56376,"y":26309,"z":16},{"sha256":"0dd82b06d11672971144d830dfd998d35ad09addaad2cde8ca9449cd786ab22f","x":56377,"y":26305,"z":16},{"sha256":"bebb277f794647c5d7c27957a799fae14230466893b84c3154c940635f38c074","x":56377,"y":26306,"z":16},{"sha256":"ce92bacbd81586fb095947711c73bc3b2340c229f4921f4dc98fcf0b4db6b0e5","x":56377,"y":26307,"z":16},{"sha256":"dce4ad7d145998dd1eb1cd603cee9cdccb5d8c9086b369c04102982941b24ba4","x":56377,"y":26308,"z":16},{"sha256":"c3604888c0ae1c3a65a6ff806d21024fd3e2425562c18ad10da476bb6467c85a","x":56377,"y":26309,"z":16},{"sha256":"5fcda4312badbeacd0691a355118b496b4955e224c37509585a6faf0a45bc5f2","x":57393,"y":26032,"z":16},{"sha256":"ff3dabc1735fc93be6df58eba196f3a0c74f1791b6d6415aac787cfbca93d6b9","x":57393,"y":26033,"z":16},{"sha256":"87940432e3acee2d1bb558472d6ff1a8a877a41eee8548f68cf7f1b51308c865","x":57393,"y":26034,"z":16},{"sha256":"732370187597dc3427990e4c5c867ced3ac022b175f3f6c26660a3c943cfd0cf","x":57393,"y":26035,"z":16},{"sha256":"f793d158c7efcac67fbaa8f73389b0d3c04b8c3c0b8886de8c230e48d48c0e27","x":57393,"y":26036,"z":16},{"sha256":"d0b6a808302d240a48f9c0f60f60c261fe9d2fea039ff2ea6461a0c4f402d1c4","x":57394,"y":26032,"z":16},{"sha256":"846aa97e1519240e2d2e4d360ca3437b58577e130ac573184eb0a8ef404aaae8","x":57394,"y":26033,"z":16},{"sha256":"c5487d9846e5a7291982b75d0259f8e79d56c73d50e90bf114c6a81a4a526328","x":57394,"y":26034,"z":16},{"sha256":"43df2d97a22a6d1d6fde1f51fad8386eb64bcd38e6c78af64fa2000b7df01151","x":57394,"y":26035,"z":16},{"sha256":"485a836400b773ff64d7b86f11400d997b858a3a64c9fef2cb7ca0ce4d144eba","x":57394,"y":26036,"z":16},{"sha256":"e0436e3b96fb14bf16f83c6350ca62e046e3dd42663f91601176e2be90bd4868","x":57395,"y":26032,"z":16},{"sha256":"282e89d56bc5cf52be62524efa38f42df1eb4a2d5fe1408597a4663405a422ea","x":57395,"y":26033,"z":16},{"sha256":"6cb35673b1c2133285549b0e9526f3fb7c56323a1c1ddba460d7bf98e39a7b60","x":57395,"y":26034,"z":16},{"sha256":"57410b0b0898af08dfc80903970fab8df1ac183f6bfb8d126b12975e2e4cef9c","x":57395,"y":26035,"z":16},{"sha256":"454a88f34ed1f5409b8b5dd1e28d7c781a005b6b28f2ec1df4039e8efcd44265","x":57395,"y":26036,"z":16}],"type":"FeatureCollection"}
