homeTileId,workTileId,rows,workers
NEC_CM01_RM01,NEC_CM01_RM01,1341603,1453035
NEC_CM01_RM01,NEC_CM01_RM02,29180,29656
NEC_CM01_RM01,NEC_CM01_RM03,248,248
NEC_CM01_RM01,NEC_CM01_RP00,87033,91405
NEC_CM01_RM01,NEC_CM01_RP01,324,324
NEC_CM01_RM01,NEC_CM01_RP02,100,100
NEC_CM01_RM01,NEC_CM01_RP03,6,6
NEC_CM01_RM01,NEC_CM02_RM01,197929,202456
NEC_CM01_RM01,NEC_CM02_RM02,2802,2832
NEC_CM01_RM01,NEC_CM02_RM03,303,303
NEC_CM01_RM01,NEC_CM02_RM04,42,42
NEC_CM01_RM01,NEC_CM02_RP00,22482,22594
NEC_CM01_RM01,NEC_CM02_RP01,2295,2297
NEC_CM01_RM01,NEC_CM02_RP02,362,363
NEC_CM01_RM01,NEC_CM03_RM01,19085,19117
NEC_CM01_RM01,NEC_CM03_RM02,5055,5055
NEC_CM01_RM01,NEC_CM03_RM03,124,124
NEC_CM01_RM01,NEC_CM03_RM04,85,85
NEC_CM01_RM01,NEC_CM03_RP00,2573,2575
NEC_CM01_RM01,NEC_CM03_RP01,313,313
NEC_CM01_RM01,NEC_CM03_RP02,218,218
NEC_CM01_RM01,NEC_CM04_RM01,1966,1969
NEC_CM01_RM01,NEC_CM04_RM02,2705,2709
NEC_CM01_RM01,NEC_CM04_RM03,213,213
NEC_CM01_RM01,NEC_CM04_RM04,209,209
NEC_CM01_RM01,NEC_CM04_RP00,1449,1450
NEC_CM01_RM01,NEC_CM04_RP01,112,112
NEC_CM01_RM01,NEC_CM05_RM01,477,477
NEC_CM01_RM01,NEC_CM05_RM02,110,110
NEC_CM01_RM01,NEC_CM05_RM03,86,86
NEC_CM01_RM01,NEC_CM05_RM04,9,9
NEC_CM01_RM01,NEC_CM05_RP00,604,605
NEC_CM01_RM01,NEC_CP00_RM01,46917,47470
NEC_CM01_RM01,NEC_CP00_RM02,621,631
NEC_CM01_RM01,NEC_CP00_RP00,143218,145560
NEC_CM01_RM01,NEC_CP00_RP01,648,648
NEC_CM01_RM01,NEC_CP00_RP02,583,584
NEC_CM01_RM01,NEC_CP00_RP03,14,14
NEC_CM01_RM01,NEC_CP01_RP00,2462,2463
NEC_CM01_RM01,NEC_CP01_RP01,950,950
NEC_CM01_RM01,NEC_CP01_RP02,171,172
NEC_CM01_RM01,NEC_CP01_RP03,21,21
NEC_CM01_RM01,NEC_CP01_RP04,92,92
NEC_CM01_RM01,NEC_CP02_RP00,125,125
NEC_CM01_RM01,NEC_CP02_RP01,252,252
NEC_CM01_RM01,NEC_CP02_RP02,142,142
NEC_CM01_RM01,NEC_CP02_RP03,42,42
NEC_CM01_RM01,NEC_CP02_RP04,5,5
NEC_CM01_RM01,NEC_CP03_RP01,336,336
NEC_CM01_RM01,NEC_CP03_RP02,1600,1604
NEC_CM01_RM01,NEC_CP03_RP03,41,41
NEC_CM01_RM01,NEC_CP03_RP04,10,10
NEC_CM01_RM01,NEC_CP04_RP00,4,4
NEC_CM01_RM01,NEC_CP04_RP01,42,42
NEC_CM01_RM01,NEC_CP04_RP03,38,38
NEC_CM01_RM01,NEC_CP04_RP04,44,44
NEC_CM01_RM01,NEC_CP05_RP04,15,15
NEC_CM01_RM02,NEC_CM01_RM01,41816,43241
NEC_CM01_RM02,NEC_CM01_RM02,122541,142102
NEC_CM01_RM02,NEC_CM01_RM03,1328,1437
NEC_CM01_RM02,NEC_CM01_RP00,5976,6034
NEC_CM01_RM02,NEC_CM01_RP01,12,12
NEC_CM01_RM02,NEC_CM01_RP02,3,3
NEC_CM01_RM02,NEC_CM02_RM01,6226,6285
NEC_CM01_RM02,NEC_CM02_RM02,2500,2584
NEC_CM01_RM02,NEC_CM02_RM03,611,626
NEC_CM01_RM02,NEC_CM02_RM04,7,7
NEC_CM01_RM02,NEC_CM02_RP00,282,282
NEC_CM01_RM02,NEC_CM02_RP01,42,42
NEC_CM01_RM02,NEC_CM02_RP02,3,3
NEC_CM01_RM02,NEC_CM03_RM01,398,398
NEC_CM01_RM02,NEC_CM03_RM02,665,665
NEC_CM01_RM02,NEC_CM03_RM03,32,32
NEC_CM01_RM02,NEC_CM03_RM04,23,23
NEC_CM01_RM02,NEC_CM03_RP00,67,67
NEC_CM01_RM02,NEC_CM03_RP01,7,7
NEC_CM01_RM02,NEC_CM03_RP02,7,7
NEC_CM01_RM02,NEC_CM04_RM01,57,57
NEC_CM01_RM02,NEC_CM04_RM02,252,252
NEC_CM01_RM02,NEC_CM04_RM03,15,15
NEC_CM01_RM02,NEC_CM04_RM04,54,54
NEC_CM01_RM02,NEC_CM04_RP00,37,37
NEC_CM01_RM02,NEC_CM05_RM01,8,8
NEC_CM01_RM02,NEC_CM05_RM02,14,14
NEC_CM01_RM02,NEC_CM05_RM03,4,4
NEC_CM01_RM02,NEC_CM05_RP00,8,8
NEC_CM01_RM02,NEC_CP00_RM01,7400,7464
NEC_CM01_RM02,NEC_CP00_RM02,757,800
NEC_CM01_RM02,NEC_CP00_RP00,11861,11899
NEC_CM01_RM02,NEC_CP00_RP01,68,68
NEC_CM01_RM02,NEC_CP00_RP02,11,11
NEC_CM01_RM02,NEC_CP00_RP03,6,6
NEC_CM01_RM02,NEC_CP01_RP00,178,178
NEC_CM01_RM02,NEC_CP01_RP01,65,65
NEC_CM01_RM02,NEC_CP01_RP02,2,2
NEC_CM01_RM02,NEC_CP01_RP03,9,9
NEC_CM01_RM02,NEC_CP01_RP04,8,8
NEC_CM01_RM02,NEC_CP02_RP00,14,14
NEC_CM01_RM02,NEC_CP02_RP01,14,14
NEC_CM01_RM02,NEC_CP02_RP02,10,10
NEC_CM01_RM02,NEC_CP02_RP03,2,2
NEC_CM01_RM02,NEC_CP02_RP04,1,1
NEC_CM01_RM02,NEC_CP03_RP01,21,21
NEC_CM01_RM02,NEC_CP03_RP02,92,92
NEC_CM01_RM02,NEC_CP03_RP03,1,1
NEC_CM01_RM02,NEC_CP03_RP04,8,8
NEC_CM01_RM02,NEC_CP04_RP00,2,2
NEC_CM01_RM02,NEC_CP04_RP01,1,1
NEC_CM01_RM02,NEC_CP04_RP03,1,1
NEC_CM01_RM02,NEC_CP04_RP04,3,3
NEC_CM01_RM03,NEC_CM01_RM01,504,504
NEC_CM01_RM03,NEC_CM01_RM02,2632,3549
NEC_CM01_RM03,NEC_CM01_RM03,19731,22825
NEC_CM01_RM03,NEC_CM01_RP00,85,85
NEC_CM01_RM03,NEC_CM01_RP01,2,2
NEC_CM01_RM03,NEC_CM01_RP02,1,1
NEC_CM01_RM03,NEC_CM02_RM01,4139,4211
NEC_CM01_RM03,NEC_CM02_RM02,4927,5106
NEC_CM01_RM03,NEC_CM02_RM03,8158,8727
NEC_CM01_RM03,NEC_CM02_RM04,52,53
NEC_CM01_RM03,NEC_CM02_RP00,94,94
NEC_CM01_RM03,NEC_CM02_RP01,9,9
NEC_CM01_RM03,NEC_CM02_RP02,3,3
NEC_CM01_RM03,NEC_CM03_RM01,174,174
NEC_CM01_RM03,NEC_CM03_RM02,3492,3516
NEC_CM01_RM03,NEC_CM03_RM03,247,248
NEC_CM01_RM03,NEC_CM03_RM04,26,26
NEC_CM01_RM03,NEC_CM03_RP00,17,17
NEC_CM01_RM03,NEC_CM03_RP01,1,1
NEC_CM01_RM03,NEC_CM03_RP02,6,6
NEC_CM01_RM03,NEC_CM04_RM01,64,64
NEC_CM01_RM03,NEC_CM04_RM02,633,635
NEC_CM01_RM03,NEC_CM04_RM03,18,18
NEC_CM01_RM03,NEC_CM04_RM04,37,37
NEC_CM01_RM03,NEC_CM04_RP00,9,9
NEC_CM01_RM03,NEC_CM05_RM01,33,33
NEC_CM01_RM03,NEC_CM05_RM02,5,5
NEC_CM01_RM03,NEC_CM05_RM03,10,10
NEC_CM01_RM03,NEC_CM05_RP00,11,11
NEC_CM01_RM03,NEC_CP00_RM01,35,35
NEC_CM01_RM03,NEC_CP00_RM02,2,2
NEC_CM01_RM03,NEC_CP00_RP00,404,404
NEC_CM01_RM03,NEC_CP00_RP01,9,9
NEC_CM01_RM03,NEC_CP00_RP02,3,3
NEC_CM01_RM03,NEC_CP01_RP00,37,37
NEC_CM01_RM03,NEC_CP01_RP01,10,10
NEC_CM01_RM03,NEC_CP01_RP02,1,1
NEC_CM01_RM03,NEC_CP01_RP03,1,1
NEC_CM01_RM03,NEC_CP01_RP04,3,3
NEC_CM01_RM03,NEC_CP02_RP00,2,2
NEC_CM01_RM03,NEC_CP02_RP01,7,7
NEC_CM01_RM03,NEC_CP02_RP02,2,2
NEC_CM01_RM03,NEC_CP02_RP03,1,1
NEC_CM01_RM03,NEC_CP03_RP01,11,11
NEC_CM01_RM03,NEC_CP03_RP02,20,20
NEC_CM01_RM03,NEC_CP03_RP03,1,1
NEC_CM01_RM03,NEC_CP04_RP01,1,1
NEC_CM01_RM03,NEC_CP04_RP03,1,1
NEC_CM01_RM03,NEC_CP04_RP04,3,3
NEC_CM01_RM03,NEC_CP05_RP04,1,1
NEC_CM01_RP00,NEC_CM01_RM01,72023,74892
NEC_CM01_RP00,NEC_CM01_RM02,2626,2627
NEC_CM01_RP00,NEC_CM01_RM03,43,43
NEC_CM01_RP00,NEC_CM01_RP00,326906,357331
NEC_CM01_RP00,NEC_CM01_RP01,4519,4728
NEC_CM01_RP00,NEC_CM01_RP02,154,154
NEC_CM01_RP00,NEC_CM01_RP03,15,15
NEC_CM01_RP00,NEC_CM02_RM01,9204,9231
NEC_CM01_RP00,NEC_CM02_RM02,195,195
NEC_CM01_RP00,NEC_CM02_RM03,50,50
NEC_CM01_RP00,NEC_CM02_RM04,1,1
NEC_CM01_RP00,NEC_CM02_RP00,33149,34740
NEC_CM01_RP00,NEC_CM02_RP01,2632,2642
NEC_CM01_RP00,NEC_CM02_RP02,574,574
NEC_CM01_RP00,NEC_CM03_RM01,3647,3652
NEC_CM01_RP00,NEC_CM03_RM02,1194,1194
NEC_CM01_RP00,NEC_CM03_RM03,26,26
NEC_CM01_RP00,NEC_CM03_RM04,15,15
NEC_CM01_RP00,NEC_CM03_RP00,1088,1089
NEC_CM01_RP00,NEC_CM03_RP01,237,237
NEC_CM01_RP00,NEC_CM03_RP02,264,264
NEC_CM01_RP00,NEC_CM04_RM01,573,573
NEC_CM01_RP00,NEC_CM04_RM02,748,749
NEC_CM01_RP00,NEC_CM04_RM03,33,33
NEC_CM01_RP00,NEC_CM04_RM04,50,50
NEC_CM01_RP00,NEC_CM04_RP00,353,353
NEC_CM01_RP00,NEC_CM04_RP01,32,32
NEC_CM01_RP00,NEC_CM05_RM01,126,126
NEC_CM01_RP00,NEC_CM05_RM02,28,28
NEC_CM01_RP00,NEC_CM05_RM03,28,28
NEC_CM01_RP00,NEC_CM05_RM04,6,6
NEC_CM01_RP00,NEC_CM05_RP00,230,230
NEC_CM01_RP00,NEC_CP00_RM01,19617,19699
NEC_CM01_RP00,NEC_CP00_RM02,55,55
NEC_CM01_RP00,NEC_CP00_RP00,232747,238935
NEC_CM01_RP00,NEC_CP00_RP01,2801,2839
NEC_CM01_RP00,NEC_CP00_RP02,853,855
NEC_CM01_RP00,NEC_CP00_RP03,59,59
NEC_CM01_RP00,NEC_CP01_RP00,2096,2098
NEC_CM01_RP00,NEC_CP01_RP01,506,506
NEC_CM01_RP00,NEC_CP01_RP02,105,105
NEC_CM01_RP00,NEC_CP01_RP03,46,46
NEC_CM01_RP00,NEC_CP01_RP04,83,83
NEC_CM01_RP00,NEC_CP02_RP00,72,72
NEC_CM01_RP00,NEC_CP02_RP01,111,111
NEC_CM01_RP00,NEC_CP02_RP02,128,128
NEC_CM01_RP00,NEC_CP02_RP03,9,9
NEC_CM01_RP00,NEC_CP02_RP04,3,3
NEC_CM01_RP00,NEC_CP03_RP00,1,1
NEC_CM01_RP00,NEC_CP03_RP01,316,316
NEC_CM01_RP00,NEC_CP03_RP02,870,873
NEC_CM01_RP00,NEC_CP03_RP03,17,17
NEC_CM01_RP00,NEC_CP03_RP04,7,7
NEC_CM01_RP00,NEC_CP04_RP00,1,1
NEC_CM01_RP00,NEC_CP04_RP01,23,23
NEC_CM01_RP00,NEC_CP04_RP03,27,27
NEC_CM01_RP00,NEC_CP04_RP04,15,15
NEC_CM01_RP00,NEC_CP05_RP04,2,2
NEC_CM01_RP01,NEC_CM01_RM01,625,625
NEC_CM01_RP01,NEC_CM01_RM02,19,19
NEC_CM01_RP01,NEC_CM01_RP00,4300,4633
NEC_CM01_RP01,NEC_CM01_RP01,32248,36598
NEC_CM01_RP01,NEC_CM01_RP02,1539,1640
NEC_CM01_RP01,NEC_CM01_RP03,61,61
NEC_CM01_RP01,NEC_CM02_RM01,442,442
NEC_CM01_RP01,NEC_CM02_RM02,4,4
NEC_CM01_RP01,NEC_CM02_RM03,3,3
NEC_CM01_RP01,NEC_CM02_RP00,1596,1601
NEC_CM01_RP01,NEC_CM02_RP01,3008,3063
NEC_CM01_RP01,NEC_CM02_RP02,1052,1077
NEC_CM01_RP01,NEC_CM03_RM01,344,344
NEC_CM01_RP01,NEC_CM03_RM02,54,54
NEC_CM01_RP01,NEC_CM03_RM03,3,3
NEC_CM01_RP01,NEC_CM03_RM04,3,3
NEC_CM01_RP01,NEC_CM03_RP00,186,186
NEC_CM01_RP01,NEC_CM03_RP01,224,224
NEC_CM01_RP01,NEC_CM03_RP02,239,239
NEC_CM01_RP01,NEC_CM04_RM01,59,59
NEC_CM01_RP01,NEC_CM04_RM02,30,30
NEC_CM01_RP01,NEC_CM04_RM04,10,10
NEC_CM01_RP01,NEC_CM04_RP00,49,49
NEC_CM01_RP01,NEC_CM04_RP01,13,13
NEC_CM01_RP01,NEC_CM05_RM01,19,19
NEC_CM01_RP01,NEC_CM05_RM03,4,4
NEC_CM01_RP01,NEC_CM05_RP00,43,43
NEC_CM01_RP01,NEC_CP00_RM01,101,101
NEC_CM01_RP01,NEC_CP00_RP00,20838,21087
NEC_CM01_RP01,NEC_CP00_RP01,11250,11726
NEC_CM01_RP01,NEC_CP00_RP02,2884,2913
NEC_CM01_RP01,NEC_CP00_RP03,144,144
NEC_CM01_RP01,NEC_CP01_RP00,1070,1070
NEC_CM01_RP01,NEC_CP01_RP01,213,213
NEC_CM01_RP01,NEC_CP01_RP02,48,48
NEC_CM01_RP01,NEC_CP01_RP03,10,10
NEC_CM01_RP01,NEC_CP01_RP04,16,16
NEC_CM01_RP01,NEC_CP02_RP00,27,27
NEC_CM01_RP01,NEC_CP02_RP01,26,26
NEC_CM01_RP01,NEC_CP02_RP02,35,35
NEC_CM01_RP01,NEC_CP02_RP03,16,16
NEC_CM01_RP01,NEC_CP02_RP04,1,1
NEC_CM01_RP01,NEC_CP03_RP01,75,75
NEC_CM01_RP01,NEC_CP03_RP02,174,174
NEC_CM01_RP01,NEC_CP03_RP03,4,4
NEC_CM01_RP01,NEC_CP04_RP00,1,1
NEC_CM01_RP01,NEC_CP04_RP01,3,3
NEC_CM01_RP01,NEC_CP04_RP03,7,7
NEC_CM01_RP01,NEC_CP04_RP04,4,4
NEC_CM01_RP01,NEC_CP05_RP04,3,3
NEC_CM01_RP02,NEC_CM01_RM01,128,128
NEC_CM01_RP02,NEC_CM01_RM02,8,8
NEC_CM01_RP02,NEC_CM01_RM03,1,1
NEC_CM01_RP02,NEC_CM01_RP00,108,108
NEC_CM01_RP02,NEC_CM01_RP01,1515,1561
NEC_CM01_RP02,NEC_CM01_RP02,46876,52344
NEC_CM01_RP02,NEC_CM01_RP03,1962,2047
NEC_CM01_RP02,NEC_CM02_RM01,54,54
NEC_CM01_RP02,NEC_CM02_RM02,4,4
NEC_CM01_RP02,NEC_CM02_RM03,3,3
NEC_CM01_RP02,NEC_CM02_RM04,1,1
NEC_CM01_RP02,NEC_CM02_RP00,56,56
NEC_CM01_RP02,NEC_CM02_RP01,1375,1387
NEC_CM01_RP02,NEC_CM02_RP02,11812,12887
NEC_CM01_RP02,NEC_CM03_RM01,13,13
NEC_CM01_RP02,NEC_CM03_RM02,40,40
NEC_CM01_RP02,NEC_CM03_RM03,3,3
NEC_CM01_RP02,NEC_CM03_RM04,5,5
NEC_CM01_RP02,NEC_CM03_RP00,18,18
NEC_CM01_RP02,NEC_CM03_RP01,224,226
NEC_CM01_RP02,NEC_CM03_RP02,693,694
NEC_CM01_RP02,NEC_CM04_RM01,2,2
NEC_CM01_RP02,NEC_CM04_RM02,20,20
NEC_CM01_RP02,NEC_CM04_RM03,3,3
NEC_CM01_RP02,NEC_CM04_RM04,2,2
NEC_CM01_RP02,NEC_CM04_RP00,7,7
NEC_CM01_RP02,NEC_CM04_RP01,12,12
NEC_CM01_RP02,NEC_CM05_RM01,1,1
NEC_CM01_RP02,NEC_CM05_RM03,4,4
NEC_CM01_RP02,NEC_CM05_RM04,1,1
NEC_CM01_RP02,NEC_CP00_RM01,49,49
NEC_CM01_RP02,NEC_CP00_RP00,7260,7282
NEC_CM01_RP02,NEC_CP00_RP01,1569,1575
NEC_CM01_RP02,NEC_CP00_RP02,14047,14436
NEC_CM01_RP02,NEC_CP00_RP03,758,763
NEC_CM01_RP02,NEC_CP01_RP00,974,975
NEC_CM01_RP02,NEC_CP01_RP01,150,150
NEC_CM01_RP02,NEC_CP01_RP02,98,98
NEC_CM01_RP02,NEC_CP01_RP03,33,33
NEC_CM01_RP02,NEC_CP01_RP04,115,115
NEC_CM01_RP02,NEC_CP02_RP00,26,26
NEC_CM01_RP02,NEC_CP02_RP01,38,38
NEC_CM01_RP02,NEC_CP02_RP02,43,43
NEC_CM01_RP02,NEC_CP02_RP03,23,23
NEC_CM01_RP02,NEC_CP02_RP04,12,12
NEC_CM01_RP02,NEC_CP03_RP01,76,76
NEC_CM01_RP02,NEC_CP03_RP02,227,227
NEC_CM01_RP02,NEC_CP03_RP03,8,8
NEC_CM01_RP02,NEC_CP03_RP04,1,1
NEC_CM01_RP02,NEC_CP04_RP01,6,6
NEC_CM01_RP02,NEC_CP04_RP03,3,3
NEC_CM01_RP02,NEC_CP04_RP04,5,5
NEC_CM01_RP02,NEC_CP05_RP04,2,2
NEC_CM01_RP03,NEC_CM01_RM01,6,6
NEC_CM01_RP03,NEC_CM01_RP00,6,6
NEC_CM01_RP03,NEC_CM01_RP01,36,36
NEC_CM01_RP03,NEC_CM01_RP02,4459,4755
NEC_CM01_RP03,NEC_CM01_RP03,2357,2607
NEC_CM01_RP03,NEC_CM02_RM01,4,4
NEC_CM01_RP03,NEC_CM02_RP00,4,4
NEC_CM01_RP03,NEC_CM02_RP01,77,77
NEC_CM01_RP03,NEC_CM02_RP02,1977,2065
NEC_CM01_RP03,NEC_CM03_RM01,1,1
NEC_CM01_RP03,NEC_CM03_RM02,5,5
NEC_CM01_RP03,NEC_CM03_RM04,1,1
NEC_CM01_RP03,NEC_CM03_RP00,1,1
NEC_CM01_RP03,NEC_CM03_RP01,25,25
NEC_CM01_RP03,NEC_CM03_RP02,129,129
NEC_CM01_RP03,NEC_CM04_RM02,2,2
NEC_CM01_RP03,NEC_CM04_RM03,2,2
NEC_CM01_RP03,NEC_CM04_RM04,1,1
NEC_CM01_RP03,NEC_CM04_RP01,1,1
NEC_CM01_RP03,NEC_CM05_RM03,1,1
NEC_CM01_RP03,NEC_CP00_RM01,2,2
NEC_CM01_RP03,NEC_CP00_RP00,642,642
NEC_CM01_RP03,NEC_CP00_RP01,105,105
NEC_CM01_RP03,NEC_CP00_RP02,1006,1016
NEC_CM01_RP03,NEC_CP00_RP03,194,216
NEC_CM01_RP03,NEC_CP01_RP00,91,91
NEC_CM01_RP03,NEC_CP01_RP01,10,10
NEC_CM01_RP03,NEC_CP01_RP02,6,6
NEC_CM01_RP03,NEC_CP01_RP03,16,16
NEC_CM01_RP03,NEC_CP01_RP04,69,69
NEC_CM01_RP03,NEC_CP02_RP00,7,7
NEC_CM01_RP03,NEC_CP02_RP01,5,5
NEC_CM01_RP03,NEC_CP02_RP02,8,8
NEC_CM01_RP03,NEC_CP02_RP03,4,4
NEC_CM01_RP03,NEC_CP02_RP04,4,4
NEC_CM01_RP03,NEC_CP03_RP01,10,10
NEC_CM01_RP03,NEC_CP03_RP02,18,18
NEC_CM01_RP03,NEC_CP03_RP03,2,2
NEC_CM01_RP03,NEC_CP03_RP04,1,1
NEC_CM02_RM01,NEC_CM01_RM01,219982,231246
NEC_CM02_RM01,NEC_CM01_RM02,4007,4042
NEC_CM02_RM01,NEC_CM01_RM03,1738,1750
NEC_CM02_RM01,NEC_CM01_RP00,6955,6976
NEC_CM02_RM01,NEC_CM01_RP01,231,231
NEC_CM02_RM01,NEC_CM01_RP02,44,44
NEC_CM02_RM01,NEC_CM02_RM01,706037,770814
NEC_CM02_RM01,NEC_CM02_RM02,25154,26823
NEC_CM02_RM01,NEC_CM02_RM03,1476,1483
NEC_CM02_RM01,NEC_CM02_RM04,27,27
NEC_CM02_RM01,NEC_CM02_RP00,42282,45885
NEC_CM02_RM01,NEC_CM02_RP01,2131,2134
NEC_CM02_RM01,NEC_CM02_RP02,167,167
NEC_CM02_RM01,NEC_CM03_RM01,50812,51622
NEC_CM02_RM01,NEC_CM03_RM02,12357,12548
NEC_CM02_RM01,NEC_CM03_RM03,330,330
NEC_CM02_RM01,NEC_CM03_RM04,114,114
NEC_CM02_RM01,NEC_CM03_RP00,4325,4334
NEC_CM02_RM01,NEC_CM03_RP01,435,435
NEC_CM02_RM01,NEC_CM03_RP02,126,128
NEC_CM02_RM01,NEC_CM04_RM01,3215,3224
NEC_CM02_RM01,NEC_CM04_RM02,2950,2954
NEC_CM02_RM01,NEC_CM04_RM03,158,158
NEC_CM02_RM01,NEC_CM04_RM04,297,298
NEC_CM02_RM01,NEC_CM04_RP00,2238,2248
NEC_CM02_RM01,NEC_CM04_RP01,97,97
NEC_CM02_RM01,NEC_CM05_RM01,680,680
NEC_CM02_RM01,NEC_CM05_RM02,107,107
NEC_CM02_RM01,NEC_CM05_RM03,69,69
NEC_CM02_RM01,NEC_CM05_RM04,11,11
NEC_CM02_RM01,NEC_CM05_RP00,925,925
NEC_CM02_RM01,NEC_CP00_RM01,1829,1830
NEC_CM02_RM01,NEC_CP00_RM02,43,43
NEC_CM02_RM01,NEC_CP00_RP00,12740,12748
NEC_CM02_RM01,NEC_CP00_RP01,257,257
NEC_CM02_RM01,NEC_CP00_RP02,176,176
NEC_CM02_RM01,NEC_CP00_RP03,13,13
NEC_CM02_RM01,NEC_CP01_RP00,764,764
NEC_CM02_RM01,NEC_CP01_RP01,345,345
NEC_CM02_RM01,NEC_CP01_RP02,47,47
NEC_CM02_RM01,NEC_CP01_RP03,14,14
NEC_CM02_RM01,NEC_CP01_RP04,51,52
NEC_CM02_RM01,NEC_CP02_RP00,47,47
NEC_CM02_RM01,NEC_CP02_RP01,66,66
NEC_CM02_RM01,NEC_CP02_RP02,78,78
NEC_CM02_RM01,NEC_CP02_RP03,11,11
NEC_CM02_RM01,NEC_CP02_RP04,7,7
NEC_CM02_RM01,NEC_CP03_RP01,158,158
NEC_CM02_RM01,NEC_CP03_RP02,760,761
NEC_CM02_RM01,NEC_CP03_RP03,15,15
NEC_CM02_RM01,NEC_CP03_RP04,11,11
NEC_CM02_RM01,NEC_CP04_RP00,2,2
NEC_CM02_RM01,NEC_CP04_RP01,26,26
NEC_CM02_RM01,NEC_CP04_RP03,24,24
NEC_CM02_RM01,NEC_CP04_RP04,18,18
NEC_CM02_RM01,NEC_CP05_RP04,15,15
NEC_CM02_RM02,NEC_CM01_RM01,7156,7249
NEC_CM02_RM02,NEC_CM01_RM02,4093,4390
NEC_CM02_RM02,NEC_CM01_RM03,4725,4839
NEC_CM02_RM02,NEC_CM01_RP00,563,564
NEC_CM02_RM02,NEC_CM01_RP01,10,10
NEC_CM02_RM02,NEC_CM01_RP02,4,4
NEC_CM02_RM02,NEC_CM02_RM01,54879,63297
NEC_CM02_RM02,NEC_CM02_RM02,82818,93373
NEC_CM02_RM02,NEC_CM02_RM03,9927,10288
NEC_CM02_RM02,NEC_CM02_RM04,24,24
NEC_CM02_RM02,NEC_CM02_RP00,343,343
NEC_CM02_RM02,NEC_CM02_RP01,30,30
NEC_CM02_RM02,NEC_CM02_RP02,8,8
NEC_CM02_RM02,NEC_CM03_RM01,1045,1049
NEC_CM02_RM02,NEC_CM03_RM02,33499,34826
NEC_CM02_RM02,NEC_CM03_RM03,1193,1197
NEC_CM02_RM02,NEC_CM03_RM04,82,82
NEC_CM02_RM02,NEC_CM03_RP00,76,76
NEC_CM02_RM02,NEC_CM03_RP01,3,3
NEC_CM02_RM02,NEC_CM03_RP02,10,10
NEC_CM02_RM02,NEC_CM04_RM01,410,410
NEC_CM02_RM02,NEC_CM04_RM02,3476,3490
NEC_CM02_RM02,NEC_CM04_RM03,123,123
NEC_CM02_RM02,NEC_CM04_RM04,160,160
NEC_CM02_RM02,NEC_CM04_RP00,59,59
NEC_CM02_RM02,NEC_CM04_RP01,3,3
NEC_CM02_RM02,NEC_CM05_RM01,107,107
NEC_CM02_RM02,NEC_CM05_RM02,30,30
NEC_CM02_RM02,NEC_CM05_RM03,23,23
NEC_CM02_RM02,NEC_CM05_RM04,6,6
NEC_CM02_RM02,NEC_CM05_RP00,36,36
NEC_CM02_RM02,NEC_CP00_RM01,383,383
NEC_CM02_RM02,NEC_CP00_RM02,15,15
NEC_CM02_RM02,NEC_CP00_RP00,2068,2068
NEC_CM02_RM02,NEC_CP00_RP01,33,33
NEC_CM02_RM02,NEC_CP00_RP02,19,19
NEC_CM02_RM02,NEC_CP01_RP00,115,115
NEC_CM02_RM02,NEC_CP01_RP01,32,32
NEC_CM02_RM02,NEC_CP01_RP02,1,1
NEC_CM02_RM02,NEC_CP01_RP03,2,2
NEC_CM02_RM02,NEC_CP01_RP04,9,9
NEC_CM02_RM02,NEC_CP02_RP00,5,5
NEC_CM02_RM02,NEC_CP02_RP01,13,13
NEC_CM02_RM02,NEC_CP02_RP02,13,13
NEC_CM02_RM02,NEC_CP02_RP03,5,5
NEC_CM02_RM02,NEC_CP02_RP04,2,2
NEC_CM02_RM02,NEC_CP03_RP01,27,27
NEC_CM02_RM02,NEC_CP03_RP02,95,95
NEC_CM02_RM02,NEC_CP03_RP03,5,5
NEC_CM02_RM02,NEC_CP04_RP01,5,5
NEC_CM02_RM02,NEC_CP04_RP03,4,4
NEC_CM02_RM02,NEC_CP04_RP04,5,5
NEC_CM02_RM02,NEC_CP05_RP04,3,3
NEC_CM02_RM03,NEC_CM01_RM01,685,686
NEC_CM02_RM03,NEC_CM01_RM02,1485,1735
NEC_CM02_RM03,NEC_CM01_RM03,11248,12310
NEC_CM02_RM03,NEC_CM01_RP00,131,131
NEC_CM02_RM03,NEC_CM01_RP01,4,4
NEC_CM02_RM03,NEC_CM01_RP02,3,3
NEC_CM02_RM03,NEC_CM02_RM01,4724,4808
NEC_CM02_RM03,NEC_CM02_RM02,12005,12528
NEC_CM02_RM03,NEC_CM02_RM03,55705,63495
NEC_CM02_RM03,NEC_CM02_RM04,955,1180
NEC_CM02_RM03,NEC_CM02_RP00,118,118
NEC_CM02_RM03,NEC_CM02_RP01,11,11
NEC_CM02_RM03,NEC_CM02_RP02,6,6
NEC_CM02_RM03,NEC_CM03_RM01,348,348
NEC_CM02_RM03,NEC_CM03_RM02,14916,15086
NEC_CM02_RM03,NEC_CM03_RM03,1450,1459
NEC_CM02_RM03,NEC_CM03_RM04,363,365
NEC_CM02_RM03,NEC_CM03_RP00,38,38
NEC_CM02_RM03,NEC_CM04_RM01,321,323
NEC_CM02_RM03,NEC_CM04_RM02,2834,2840
NEC_CM02_RM03,NEC_CM04_RM03,217,217
NEC_CM02_RM03,NEC_CM04_RM04,387,388
NEC_CM02_RM03,NEC_CM04_RP00,21,21
NEC_CM02_RM03,NEC_CM05_RM01,80,80
NEC_CM02_RM03,NEC_CM05_RM02,28,28
NEC_CM02_RM03,NEC_CM05_RM03,64,64
NEC_CM02_RM03,NEC_CM05_RM04,12,12
NEC_CM02_RM03,NEC_CM05_RP00,4,4
NEC_CM02_RM03,NEC_CP00_RM01,73,73
NEC_CM02_RM03,NEC_CP00_RM02,2,2
NEC_CM02_RM03,NEC_CP00_RP00,673,673
NEC_CM02_RM03,NEC_CP00_RP01,13,13
NEC_CM02_RM03,NEC_CP00_RP02,7,7
NEC_CM02_RM03,NEC_CP01_RP00,46,46
NEC_CM02_RM03,NEC_CP01_RP01,17,17
NEC_CM02_RM03,NEC_CP01_RP02,3,3
NEC_CM02_RM03,NEC_CP01_RP03,1,1
NEC_CM02_RM03,NEC_CP01_RP04,2,2
NEC_CM02_RM03,NEC_CP02_RP00,3,3
NEC_CM02_RM03,NEC_CP02_RP01,5,5
NEC_CM02_RM03,NEC_CP02_RP02,6,6
NEC_CM02_RM03,NEC_CP03_RP01,25,25
NEC_CM02_RM03,NEC_CP03_RP02,59,59
NEC_CM02_RM03,NEC_CP03_RP03,2,2
NEC_CM02_RM03,NEC_CP03_RP04,2,2
NEC_CM02_RM03,NEC_CP04_RP01,2,2
NEC_CM02_RM03,NEC_CP04_RP03,1,1
NEC_CM02_RM03,NEC_CP04_RP04,4,4
NEC_CM02_RM04,NEC_CM01_RM01,14,14
NEC_CM02_RM04,NEC_CM01_RM02,3,3
NEC_CM02_RM04,NEC_CM01_RM03,62,64
NEC_CM02_RM04,NEC_CM01_RP00,1,1
NEC_CM02_RM04,NEC_CM02_RM01,13,13
NEC_CM02_RM04,NEC_CM02_RM02,70,70
NEC_CM02_RM04,NEC_CM02_RM03,1108,1253
NEC_CM02_RM04,NEC_CM02_RM04,5167,6230
NEC_CM02_RM04,NEC_CM02_RP02,2,2
NEC_CM02_RM04,NEC_CM03_RM01,9,9
NEC_CM02_RM04,NEC_CM03_RM02,508,509
NEC_CM02_RM04,NEC_CM03_RM03,223,223
NEC_CM02_RM04,NEC_CM03_RM04,951,967
NEC_CM02_RM04,NEC_CM04_RM02,859,860
NEC_CM02_RM04,NEC_CM04_RM03,278,280
NEC_CM02_RM04,NEC_CM04_RM04,989,993
NEC_CM02_RM04,NEC_CM04_RP00,1,1
NEC_CM02_RM04,NEC_CM05_RM01,1,1
NEC_CM02_RM04,NEC_CM05_RM02,60,60
NEC_CM02_RM04,NEC_CM05_RM03,122,123
NEC_CM02_RM04,NEC_CM05_RM04,42,42
NEC_CM02_RM04,NEC_CP00_RM01,3,3
NEC_CM02_RM04,NEC_CP00_RP00,15,15
NEC_CM02_RM04,NEC_CP00_RP01,1,1
NEC_CM02_RM04,NEC_CP01_RP00,3,3
NEC_CM02_RM04,NEC_CP01_RP01,1,1
NEC_CM02_RM04,NEC_CP02_RP02,3,3
NEC_CM02_RM04,NEC_CP03_RP01,1,1
NEC_CM02_RM04,NEC_CP03_RP02,6,6
NEC_CM02_RP00,NEC_CM01_RM01,29325,29449
NEC_CM02_RP00,NEC_CM01_RM02,257,257
NEC_CM02_RP00,NEC_CM01_RM03,34,34
NEC_CM02_RP00,NEC_CM01_RP00,30155,30788
NEC_CM02_RP00,NEC_CM01_RP01,1034,1042
NEC_CM02_RP00,NEC_CM01_RP02,57,57
NEC_CM02_RP00,NEC_CM01_RP03,4,4
NEC_CM02_RP00,NEC_CM02_RM01,42505,42914
NEC_CM02_RP00,NEC_CM02_RM02,111,111
NEC_CM02_RP00,NEC_CM02_RM03,39,39
NEC_CM02_RP00,NEC_CM02_RM04,4,4
NEC_CM02_RP00,NEC_CM02_RP00,298041,322814
NEC_CM02_RP00,NEC_CM02_RP01,18163,18553
NEC_CM02_RP00,NEC_CM02_RP02,216,216
NEC_CM02_RP00,NEC_CM03_RM01,19199,19290
NEC_CM02_RP00,NEC_CM03_RM02,773,773
NEC_CM02_RP00,NEC_CM03_RM03,31,31
NEC_CM02_RP00,NEC_CM03_RM04,15,15
NEC_CM02_RP00,NEC_CM03_RP00,15131,15564
NEC_CM02_RP00,NEC_CM03_RP01,834,839
NEC_CM02_RP00,NEC_CM03_RP02,107,107
NEC_CM02_RP00,NEC_CM04_RM01,2525,2527
NEC_CM02_RP00,NEC_CM04_RM02,521,521
NEC_CM02_RP00,NEC_CM04_RM03,37,37
NEC_CM02_RP00,NEC_CM04_RM04,27,27
NEC_CM02_RP00,NEC_CM04_RP00,1818,1822
NEC_CM02_RP00,NEC_CM04_RP01,115,115
NEC_CM02_RP00,NEC_CM05_RM01,462,462
NEC_CM02_RP00,NEC_CM05_RM02,29,29
NEC_CM02_RP00,NEC_CM05_RM03,8,8
NEC_CM02_RP00,NEC_CM05_RP00,908,908
NEC_CM02_RP00,NEC_CP00_RM01,821,821
NEC_CM02_RP00,NEC_CP00_RM02,2,2
NEC_CM02_RP00,NEC_CP00_RP00,12160,12174
NEC_CM02_RP00,NEC_CP00_RP01,279,279
NEC_CM02_RP00,NEC_CP00_RP02,226,226
NEC_CM02_RP00,NEC_CP00_RP03,25,25
NEC_CM02_RP00,NEC_CP01_RP00,525,525
NEC_CM02_RP00,NEC_CP01_RP01,242,242
NEC_CM02_RP00,NEC_CP01_RP02,51,51
NEC_CM02_RP00,NEC_CP01_RP03,16,16
NEC_CM02_RP00,NEC_CP01_RP04,21,21
NEC_CM02_RP00,NEC_CP02_RP00,24,24
NEC_CM02_RP00,NEC_CP02_RP01,42,42
NEC_CM02_RP00,NEC_CP02_RP02,36,36
NEC_CM02_RP00,NEC_CP02_RP03,11,11
NEC_CM02_RP00,NEC_CP02_RP04,2,2
NEC_CM02_RP00,NEC_CP03_RP01,39,39
NEC_CM02_RP00,NEC_CP03_RP02,187,187
NEC_CM02_RP00,NEC_CP03_RP03,13,13
NEC_CM02_RP00,NEC_CP03_RP04,8,8
NEC_CM02_RP00,NEC_CP04_RP00,2,2
NEC_CM02_RP00,NEC_CP04_RP01,13,13
NEC_CM02_RP00,NEC_CP04_RP03,9,9
NEC_CM02_RP00,NEC_CP04_RP04,5,5
NEC_CM02_RP00,NEC_CP05_RP04,4,4
NEC_CM02_RP01,NEC_CM01_RM01,4050,4064
NEC_CM02_RP01,NEC_CM01_RM02,62,62
NEC_CM02_RP01,NEC_CM01_RM03,9,9
NEC_CM02_RP01,NEC_CM01_RP00,2664,2672
NEC_CM02_RP01,NEC_CM01_RP01,3562,3699
NEC_CM02_RP01,NEC_CM01_RP02,1258,1272
NEC_CM02_RP01,NEC_CM01_RP03,132,134
NEC_CM02_RP01,NEC_CM02_RM01,3922,3926
NEC_CM02_RP01,NEC_CM02_RM02,17,17
NEC_CM02_RP01,NEC_CM02_RM03,7,7
NEC_CM02_RP01,NEC_CM02_RM04,2,2
NEC_CM02_RP01,NEC_CM02_RP00,23404,24166
NEC_CM02_RP01,NEC_CM02_RP01,105368,116617
NEC_CM02_RP01,NEC_CM02_RP02,5681,5997
NEC_CM02_RP01,NEC_CM03_RM01,3816,3820
NEC_CM02_RP01,NEC_CM03_RM02,217,217
NEC_CM02_RP01,NEC_CM03_RM03,11,11
NEC_CM02_RP01,NEC_CM03_RM04,10,10
NEC_CM02_RP01,NEC_CM03_RP00,2198,2211
NEC_CM02_RP01,NEC_CM03_RP01,4656,4880
NEC_CM02_RP01,NEC_CM03_RP02,2102,2136
NEC_CM02_RP01,NEC_CM04_RM01,503,505
NEC_CM02_RP01,NEC_CM04_RM02,151,151
NEC_CM02_RP01,NEC_CM04_RM03,11,11
NEC_CM02_RP01,NEC_CM04_RM04,19,19
NEC_CM02_RP01,NEC_CM04_RP00,609,609
NEC_CM02_RP01,NEC_CM04_RP01,104,104
NEC_CM02_RP01,NEC_CM05_RM01,163,163
NEC_CM02_RP01,NEC_CM05_RM02,6,6
NEC_CM02_RP01,NEC_CM05_RM03,5,5
NEC_CM02_RP01,NEC_CM05_RM04,1,1
NEC_CM02_RP01,NEC_CM05_RP00,350,350
NEC_CM02_RP01,NEC_CP00_RM01,121,121
NEC_CM02_RP01,NEC_CP00_RM02,1,1
NEC_CM02_RP01,NEC_CP00_RP00,6370,6393
NEC_CM02_RP01,NEC_CP00_RP01,770,773
NEC_CM02_RP01,NEC_CP00_RP02,1933,1959
NEC_CM02_RP01,NEC_CP00_RP03,119,119
NEC_CM02_RP01,NEC_CP01_RP00,680,681
NEC_CM02_RP01,NEC_CP01_RP01,120,120
NEC_CM02_RP01,NEC_CP01_RP02,35,35
NEC_CM02_RP01,NEC_CP01_RP03,17,17
NEC_CM02_RP01,NEC_CP01_RP04,23,23
NEC_CM02_RP01,NEC_CP02_RP00,13,13
NEC_CM02_RP01,NEC_CP02_RP01,15,15
NEC_CM02_RP01,NEC_CP02_RP02,14,14
NEC_CM02_RP01,NEC_CP02_RP03,12,12
NEC_CM02_RP01,NEC_CP03_RP01,24,24
NEC_CM02_RP01,NEC_CP03_RP02,101,101
NEC_CM02_RP01,NEC_CP03_RP03,5,5
NEC_CM02_RP01,NEC_CP03_RP04,1,1
NEC_CM02_RP01,NEC_CP04_RP00,1,1
NEC_CM02_RP01,NEC_CP04_RP01,11,11
NEC_CM02_RP01,NEC_CP04_RP03,2,2
NEC_CM02_RP01,NEC_CP04_RP04,5,5
NEC_CM02_RP01,NEC_CP05_RP04,2,2
NEC_CM02_RP02,NEC_CM01_RM01,147,147
NEC_CM02_RP02,NEC_CM01_RM02,11,11
NEC_CM02_RP02,NEC_CM01_RP00,158,158
NEC_CM02_RP02,NEC_CM01_RP01,737,742
NEC_CM02_RP02,NEC_CM01_RP02,10070,10800
NEC_CM02_RP02,NEC_CM01_RP03,964,993
NEC_CM02_RP02,NEC_CM02_RM01,87,87
NEC_CM02_RP02,NEC_CM02_RM02,1,1
NEC_CM02_RP02,NEC_CM02_RM03,2,2
NEC_CM02_RP02,NEC_CM02_RM04,1,1
NEC_CM02_RP02,NEC_CM02_RP00,103,103
NEC_CM02_RP02,NEC_CM02_RP01,6678,6864
NEC_CM02_RP02,NEC_CM02_RP02,108306,126856
NEC_CM02_RP02,NEC_CM03_RM01,68,68
NEC_CM02_RP02,NEC_CM03_RM02,74,74
NEC_CM02_RP02,NEC_CM03_RM03,3,3
NEC_CM02_RP02,NEC_CM03_RM04,4,4
NEC_CM02_RP02,NEC_CM03_RP00,46,46
NEC_CM02_RP02,NEC_CM03_RP01,1194,1198
NEC_CM02_RP02,NEC_CM03_RP02,10504,10991
NEC_CM02_RP02,NEC_CM04_RM01,7,7
NEC_CM02_RP02,NEC_CM04_RM02,74,74
NEC_CM02_RP02,NEC_CM04_RM03,7,7
NEC_CM02_RP02,NEC_CM04_RM04,14,14
NEC_CM02_RP02,NEC_CM04_RP00,21,21
NEC_CM02_RP02,NEC_CM04_RP01,31,31
NEC_CM02_RP02,NEC_CM05_RM01,2,2
NEC_CM02_RP02,NEC_CM05_RM03,3,3
NEC_CM02_RP02,NEC_CM05_RM04,3,3
NEC_CM02_RP02,NEC_CM05_RP00,15,15
NEC_CM02_RP02,NEC_CP00_RM01,30,30
NEC_CM02_RP02,NEC_CP00_RP00,8751,8776
NEC_CM02_RP02,NEC_CP00_RP01,1186,1187
NEC_CM02_RP02,NEC_CP00_RP02,5554,5591
NEC_CM02_RP02,NEC_CP00_RP03,337,338
NEC_CM02_RP02,NEC_CP01_RP00,1226,1229
NEC_CM02_RP02,NEC_CP01_RP01,118,118
NEC_CM02_RP02,NEC_CP01_RP02,79,79
NEC_CM02_RP02,NEC_CP01_RP03,44,44
NEC_CM02_RP02,NEC_CP01_RP04,61,61
NEC_CM02_RP02,NEC_CP02_RP00,34,34
NEC_CM02_RP02,NEC_CP02_RP01,12,12
NEC_CM02_RP02,NEC_CP02_RP02,34,34
NEC_CM02_RP02,NEC_CP02_RP03,18,18
NEC_CM02_RP02,NEC_CP02_RP04,3,3
NEC_CM02_RP02,NEC_CP03_RP01,52,52
NEC_CM02_RP02,NEC_CP03_RP02,218,218
NEC_CM02_RP02,NEC_CP03_RP03,7,7
NEC_CM02_RP02,NEC_CP03_RP04,1,1
NEC_CM02_RP02,NEC_CP04_RP01,6,6
NEC_CM02_RP02,NEC_CP04_RP03,5,5
NEC_CM02_RP02,NEC_CP04_RP04,8,8
NEC_CM02_RP02,NEC_CP05_RP04,1,1
NEC_CM03_RM01,NEC_CM01_RM01,19886,19950
NEC_CM03_RM01,NEC_CM01_RM02,195,195
NEC_CM03_RM01,NEC_CM01_RM03,152,152
NEC_CM03_RM01,NEC_CM01_RP00,1650,1651
NEC_CM03_RM01,NEC_CM01_RP01,107,107
NEC_CM03_RM01,NEC_CM01_RP02,23,23
NEC_CM03_RM01,NEC_CM02_RM01,54779,55962
NEC_CM03_RM01,NEC_CM02_RM02,1433,1456
NEC_CM03_RM01,NEC_CM02_RM03,340,340
NEC_CM03_RM01,NEC_CM02_RM04,15,15
NEC_CM03_RM01,NEC_CM02_RP00,14754,14810
NEC_CM03_RM01,NEC_CM02_RP01,1758,1761
NEC_CM03_RM01,NEC_CM02_RP02,70,70
NEC_CM03_RM01,NEC_CM03_RM01,456836,496542
NEC_CM03_RM01,NEC_CM03_RM02,45428,47213
NEC_CM03_RM01,NEC_CM03_RM03,474,474
NEC_CM03_RM01,NEC_CM03_RM04,45,45
NEC_CM03_RM01,NEC_CM03_RP00,8105,8146
NEC_CM03_RM01,NEC_CM03_RP01,355,355
NEC_CM03_RM01,NEC_CM03_RP02,67,67
NEC_CM03_RM01,NEC_CM04_RM01,23128,23758
NEC_CM03_RM01,NEC_CM04_RM02,6149,6182
NEC_CM03_RM01,NEC_CM04_RM03,113,113
NEC_CM03_RM01,NEC_CM04_RM04,217,217
NEC_CM03_RM01,NEC_CM04_RP00,4236,4338
NEC_CM03_RM01,NEC_CM04_RP01,140,140
NEC_CM03_RM01,NEC_CM05_RM01,1659,1662
NEC_CM03_RM01,NEC_CM05_RM02,161,161
NEC_CM03_RM01,NEC_CM05_RM03,89,89
NEC_CM03_RM01,NEC_CM05_RM04,18,18
NEC_CM03_RM01,NEC_CM05_RP00,1988,1990
NEC_CM03_RM01,NEC_CP00_RM01,210,210
NEC_CM03_RM01,NEC_CP00_RM02,1,1
NEC_CM03_RM01,NEC_CP00_RP00,2871,2871
NEC_CM03_RM01,NEC_CP00_RP01,117,117
NEC_CM03_RM01,NEC_CP00_RP02,31,31
NEC_CM03_RM01,NEC_CP00_RP03,9,9
NEC_CM03_RM01,NEC_CP01_RP00,242,242
NEC_CM03_RM01,NEC_CP01_RP01,78,78
NEC_CM03_RM01,NEC_CP01_RP02,18,18
NEC_CM03_RM01,NEC_CP01_RP03,11,11
NEC_CM03_RM01,NEC_CP01_RP04,34,34
NEC_CM03_RM01,NEC_CP02_RP00,7,7
NEC_CM03_RM01,NEC_CP02_RP01,27,27
NEC_CM03_RM01,NEC_CP02_RP02,30,30
NEC_CM03_RM01,NEC_CP02_RP03,19,19
NEC_CM03_RM01,NEC_CP03_RP00,2,2
NEC_CM03_RM01,NEC_CP03_RP01,57,57
NEC_CM03_RM01,NEC_CP03_RP02,187,187
NEC_CM03_RM01,NEC_CP03_RP03,9,9
NEC_CM03_RM01,NEC_CP03_RP04,5,5
NEC_CM03_RM01,NEC_CP04_RP01,10,10
NEC_CM03_RM01,NEC_CP04_RP03,18,18
NEC_CM03_RM01,NEC_CP04_RP04,5,5
NEC_CM03_RM01,NEC_CP05_RP04,1,1
NEC_CM03_RM02,NEC_CM01_RM01,4084,4089
NEC_CM03_RM02,NEC_CM01_RM02,468,468
NEC_CM03_RM02,NEC_CM01_RM03,1622,1623
NEC_CM03_RM02,NEC_CM01_RP00,860,860
NEC_CM03_RM02,NEC_CM01_RP01,62,62
NEC_CM03_RM02,NEC_CM01_RP02,19,19
NEC_CM03_RM02,NEC_CM02_RM01,5771,5793
NEC_CM03_RM02,NEC_CM02_RM02,15713,16355
NEC_CM03_RM02,NEC_CM02_RM03,5554,5576
NEC_CM03_RM02,NEC_CM02_RM04,62,62
NEC_CM03_RM02,NEC_CM02_RP00,717,717
NEC_CM03_RM02,NEC_CM02_RP01,174,174
NEC_CM03_RM02,NEC_CM02_RP02,187,187
NEC_CM03_RM02,NEC_CM03_RM01,9062,9205
NEC_CM03_RM02,NEC_CM03_RM02,1424136,1598234
NEC_CM03_RM02,NEC_CM03_RM03,17810,18129
NEC_CM03_RM02,NEC_CM03_RM04,1093,1094
NEC_CM03_RM02,NEC_CM03_RP00,242,242
NEC_CM03_RM02,NEC_CM03_RP01,66,66
NEC_CM03_RM02,NEC_CM03_RP02,88,88
NEC_CM03_RM02,NEC_CM04_RM01,7000,7053
NEC_CM03_RM02,NEC_CM04_RM02,246833,267509
NEC_CM03_RM02,NEC_CM04_RM03,5855,5884
NEC_CM03_RM02,NEC_CM04_RM04,5243,5266
NEC_CM03_RM02,NEC_CM04_RP00,222,222
NEC_CM03_RM02,NEC_CM04_RP01,18,18
NEC_CM03_RM02,NEC_CM05_RM01,1475,1483
NEC_CM03_RM02,NEC_CM05_RM02,1052,1058
NEC_CM03_RM02,NEC_CM05_RM03,1110,1112
NEC_CM03_RM02,NEC_CM05_RM04,92,92
NEC_CM03_RM02,NEC_CM05_RP00,131,131
NEC_CM03_RM02,NEC_CP00_RM01,509,509
NEC_CM03_RM02,NEC_CP00_RM02,6,6
NEC_CM03_RM02,NEC_CP00_RP00,8590,8599
NEC_CM03_RM02,NEC_CP00_RP01,116,116
NEC_CM03_RM02,NEC_CP00_RP02,117,117
NEC_CM03_RM02,NEC_CP00_RP03,8,8
NEC_CM03_RM02,NEC_CP01_RP00,530,531
NEC_CM03_RM02,NEC_CP01_RP01,225,225
NEC_CM03_RM02,NEC_CP01_RP02,92,92
NEC_CM03_RM02,NEC_CP01_RP03,13,13
NEC_CM03_RM02,NEC_CP01_RP04,55,55
NEC_CM03_RM02,NEC_CP02_RP00,22,22
NEC_CM03_RM02,NEC_CP02_RP01,85,85
NEC_CM03_RM02,NEC_CP02_RP02,116,116
NEC_CM03_RM02,NEC_CP02_RP03,49,49
NEC_CM03_RM02,NEC_CP02_RP04,18,18
NEC_CM03_RM02,NEC_CP03_RP01,220,220
NEC_CM03_RM02,NEC_CP03_RP02,1242,1246
NEC_CM03_RM02,NEC_CP03_RP03,27,27
NEC_CM03_RM02,NEC_CP03_RP04,10,10
NEC_CM03_RM02,NEC_CP04_RP00,3,3
NEC_CM03_RM02,NEC_CP04_RP01,49,49
NEC_CM03_RM02,NEC_CP04_RP03,50,50
NEC_CM03_RM02,NEC_CP04_RP04,21,21
NEC_CM03_RM02,NEC_CP05_RP04,2,2
NEC_CM03_RM03,NEC_CM01_RM01,285,285
NEC_CM03_RM03,NEC_CM01_RM02,46,46
NEC_CM03_RM03,NEC_CM01_RM03,233,233
NEC_CM03_RM03,NEC_CM01_RP00,57,57
NEC_CM03_RM03,NEC_CM01_RP01,2,2
NEC_CM03_RM03,NEC_CM01_RP02,2,2
NEC_CM03_RM03,NEC_CM02_RM01,293,293
NEC_CM03_RM03,NEC_CM02_RM02,1387,1409
NEC_CM03_RM03,NEC_CM02_RM03,1675,1731
NEC_CM03_RM03,NEC_CM02_RM04,117,118
NEC_CM03_RM03,NEC_CM02_RP00,48,48
NEC_CM03_RM03,NEC_CM02_RP01,8,8
NEC_CM03_RM03,NEC_CM02_RP02,9,10
NEC_CM03_RM03,NEC_CM03_RM01,207,207
NEC_CM03_RM03,NEC_CM03_RM02,67882,74098
NEC_CM03_RM03,NEC_CM03_RM03,51075,64224
NEC_CM03_RM03,NEC_CM03_RM04,2255,2343
NEC_CM03_RM03,NEC_CM03_RP00,11,11
NEC_CM03_RM03,NEC_CM03_RP02,2,2
NEC_CM03_RM03,NEC_CM04_RM01,572,573
NEC_CM03_RM03,NEC_CM04_RM02,22839,23771
NEC_CM03_RM03,NEC_CM04_RM03,4957,5117
NEC_CM03_RM03,NEC_CM04_RM04,4069,4129
NEC_CM03_RM03,NEC_CM04_RP00,6,6
NEC_CM03_RM03,NEC_CM05_RM01,163,163
NEC_CM03_RM03,NEC_CM05_RM02,207,208
NEC_CM03_RM03,NEC_CM05_RM03,330,330
NEC_CM03_RM03,NEC_CM05_RM04,80,81
NEC_CM03_RM03,NEC_CM05_RP00,8,8
NEC_CM03_RM03,NEC_CP00_RM01,20,20
NEC_CM03_RM03,NEC_CP00_RP00,321,321
NEC_CM03_RM03,NEC_CP00_RP01,6,6
NEC_CM03_RM03,NEC_CP00_RP02,12,12
NEC_CM03_RM03,NEC_CP01_RP00,17,17
NEC_CM03_RM03,NEC_CP01_RP01,26,26
NEC_CM03_RM03,NEC_CP01_RP02,9,9
NEC_CM03_RM03,NEC_CP01_RP03,3,3
NEC_CM03_RM03,NEC_CP01_RP04,5,5
NEC_CM03_RM03,NEC_CP02_RP00,4,4
NEC_CM03_RM03,NEC_CP02_RP01,14,14
NEC_CM03_RM03,NEC_CP02_RP02,8,8
NEC_CM03_RM03,NEC_CP02_RP03,1,1
NEC_CM03_RM03,NEC_CP02_RP04,3,3
NEC_CM03_RM03,NEC_CP03_RP01,23,23
NEC_CM03_RM03,NEC_CP03_RP02,56,56
NEC_CM03_RM03,NEC_CP03_RP03,2,2
NEC_CM03_RM03,NEC_CP03_RP04,1,1
NEC_CM03_RM03,NEC_CP04_RP01,8,8
NEC_CM03_RM03,NEC_CP04_RP03,3,3
NEC_CM03_RM03,NEC_CP05_RP04,1,1
NEC_CM03_RM04,NEC_CM01_RM01,98,98
NEC_CM03_RM04,NEC_CM01_RM02,51,51
NEC_CM03_RM04,NEC_CM01_RM03,53,53
NEC_CM03_RM04,NEC_CM01_RP00,23,23
NEC_CM03_RM04,NEC_CM01_RP01,6,6
NEC_CM03_RM04,NEC_CM01_RP02,4,4
NEC_CM03_RM04,NEC_CM02_RM01,95,95
NEC_CM03_RM04,NEC_CM02_RM02,126,127
NEC_CM03_RM04,NEC_CM02_RM03,325,325
NEC_CM03_RM04,NEC_CM02_RM04,430,434
NEC_CM03_RM04,NEC_CM02_RP00,15,15
NEC_CM03_RM04,NEC_CM02_RP01,4,4
NEC_CM03_RM04,NEC_CM02_RP02,18,18
NEC_CM03_RM04,NEC_CM03_RM01,56,56
NEC_CM03_RM04,NEC_CM03_RM02,3020,3034
NEC_CM03_RM04,NEC_CM03_RM03,1611,1705
NEC_CM03_RM04,NEC_CM03_RM04,109511,142787
NEC_CM03_RM04,NEC_CM03_RP00,7,7
NEC_CM03_RM04,NEC_CM03_RP01,2,2
NEC_CM03_RM04,NEC_CM03_RP02,10,10
NEC_CM03_RM04,NEC_CM04_RM01,23,23
NEC_CM03_RM04,NEC_CM04_RM02,9973,10046
NEC_CM03_RM04,NEC_CM04_RM03,3486,3523
NEC_CM03_RM04,NEC_CM04_RM04,22099,22536
NEC_CM03_RM04,NEC_CM04_RP00,9,9
NEC_CM03_RM04,NEC_CM04_RP01,1,1
NEC_CM03_RM04,NEC_CM05_RM01,4,4
NEC_CM03_RM04,NEC_CM05_RM02,444,444
NEC_CM03_RM04,NEC_CM05_RM03,1347,1350
NEC_CM03_RM04,NEC_CM05_RM04,354,354
NEC_CM03_RM04,NEC_CM05_RP00,2,2
NEC_CM03_RM04,NEC_CP00_RM01,23,23
NEC_CM03_RM04,NEC_CP00_RM02,2,2
NEC_CM03_RM04,NEC_CP00_RP00,341,341
NEC_CM03_RM04,NEC_CP00_RP01,21,21
NEC_CM03_RM04,NEC_CP00_RP02,33,33
NEC_CM03_RM04,NEC_CP00_RP03,3,3
NEC_CM03_RM04,NEC_CP01_RP00,52,52
NEC_CM03_RM04,NEC_CP01_RP01,32,32
NEC_CM03_RM04,NEC_CP01_RP02,6,6
NEC_CM03_RM04,NEC_CP01_RP03,1,1
NEC_CM03_RM04,NEC_CP01_RP04,1,1
NEC_CM03_RM04,NEC_CP02_RP00,4,4
NEC_CM03_RM04,NEC_CP02_RP01,27,27
NEC_CM03_RM04,NEC_CP02_RP02,16,16
NEC_CM03_RM04,NEC_CP02_RP03,1,1
NEC_CM03_RM04,NEC_CP02_RP04,1,1
NEC_CM03_RM04,NEC_CP03_RP01,27,27
NEC_CM03_RM04,NEC_CP03_RP02,79,79
NEC_CM03_RM04,NEC_CP05_RP04,1,1
NEC_CM03_RP00,NEC_CM01_RM01,5666,5682
NEC_CM03_RP00,NEC_CM01_RM02,59,59
NEC_CM03_RP00,NEC_CM01_RM03,9,9
NEC_CM03_RP00,NEC_CM01_RP00,1044,1045
NEC_CM03_RP00,NEC_CM01_RP01,123,123
NEC_CM03_RP00,NEC_CM01_RP02,27,27
NEC_CM03_RP00,NEC_CM01_RP03,4,4
NEC_CM03_RP00,NEC_CM02_RM01,8031,8069
NEC_CM03_RP00,NEC_CM02_RM02,52,52
NEC_CM03_RP00,NEC_CM02_RM03,15,15
NEC_CM03_RP00,NEC_CM02_RM04,2,2
NEC_CM03_RP00,NEC_CM02_RP00,18959,19534
NEC_CM03_RP00,NEC_CM02_RP01,2390,2396
NEC_CM03_RP00,NEC_CM02_RP02,101,101
NEC_CM03_RP00,NEC_CM03_RM01,18011,18264
NEC_CM03_RP00,NEC_CM03_RM02,358,358
NEC_CM03_RP00,NEC_CM03_RM03,6,6
NEC_CM03_RP00,NEC_CM03_RM04,7,7
NEC_CM03_RP00,NEC_CM03_RP00,97157,106936
NEC_CM03_RP00,NEC_CM03_RP01,1148,1165
NEC_CM03_RP00,NEC_CM03_RP02,75,75
NEC_CM03_RP00,NEC_CM04_RM01,2054,2061
NEC_CM03_RP00,NEC_CM04_RM02,199,199
NEC_CM03_RP00,NEC_CM04_RM03,18,18
NEC_CM03_RP00,NEC_CM04_RM04,17,17
NEC_CM03_RP00,NEC_CM04_RP00,5423,5510
NEC_CM03_RP00,NEC_CM04_RP01,289,290
NEC_CM03_RP00,NEC_CM05_RM01,404,404
NEC_CM03_RP00,NEC_CM05_RM02,19,19
NEC_CM03_RP00,NEC_CM05_RM03,6,6
NEC_CM03_RP00,NEC_CM05_RM04,1,1
NEC_CM03_RP00,NEC_CM05_RP00,907,909
NEC_CM03_RP00,NEC_CP00_RM01,110,110
NEC_CM03_RP00,NEC_CP00_RM02,1,1
NEC_CM03_RP00,NEC_CP00_RP00,2702,2705
NEC_CM03_RP00,NEC_CP00_RP01,86,86
NEC_CM03_RP00,NEC_CP00_RP02,126,126
NEC_CM03_RP00,NEC_CP00_RP03,8,8
NEC_CM03_RP00,NEC_CP01_RP00,162,162
NEC_CM03_RP00,NEC_CP01_RP01,50,50
NEC_CM03_RP00,NEC_CP01_RP02,13,13
NEC_CM03_RP00,NEC_CP01_RP03,3,3
NEC_CM03_RP00,NEC_CP01_RP04,12,12
NEC_CM03_RP00,NEC_CP02_RP00,7,7
NEC_CM03_RP00,NEC_CP02_RP01,14,14
NEC_CM03_RP00,NEC_CP02_RP02,10,10
NEC_CM03_RP00,NEC_CP02_RP03,5,5
NEC_CM03_RP00,NEC_CP02_RP04,1,1
NEC_CM03_RP00,NEC_CP03_RP01,21,21
NEC_CM03_RP00,NEC_CP03_RP02,51,51
NEC_CM03_RP00,NEC_CP03_RP03,3,3
NEC_CM03_RP00,NEC_CP03_RP04,1,1
NEC_CM03_RP00,NEC_CP04_RP01,2,2
NEC_CM03_RP00,NEC_CP04_RP03,7,7
NEC_CM03_RP00,NEC_CP04_RP04,4,4
NEC_CM03_RP00,NEC_CP05_RP04,2,2
NEC_CM03_RP01,NEC_CM01_RM01,916,916
NEC_CM03_RP01,NEC_CM01_RM02,27,27
NEC_CM03_RP01,NEC_CM01_RM03,4,4
NEC_CM03_RP01,NEC_CM01_RP00,201,201
NEC_CM03_RP01,NEC_CM01_RP01,164,164
NEC_CM03_RP01,NEC_CM01_RP02,268,268
NEC_CM03_RP01,NEC_CM01_RP03,34,34
NEC_CM03_RP01,NEC_CM02_RM01,777,777
NEC_CM03_RP01,NEC_CM02_RM02,9,9
NEC_CM03_RP01,NEC_CM02_RM03,1,1
NEC_CM03_RP01,NEC_CM02_RP00,1072,1074
NEC_CM03_RP01,NEC_CM02_RP01,5145,5374
NEC_CM03_RP01,NEC_CM02_RP02,1628,1641
NEC_CM03_RP01,NEC_CM03_RM01,851,851
NEC_CM03_RP01,NEC_CM03_RM02,56,56
NEC_CM03_RP01,NEC_CM03_RM03,2,2
NEC_CM03_RP01,NEC_CM03_RM04,3,3
NEC_CM03_RP01,NEC_CM03_RP00,2457,2491
NEC_CM03_RP01,NEC_CM03_RP01,46521,53284
NEC_CM03_RP01,NEC_CM03_RP02,5026,5204
NEC_CM03_RP01,NEC_CM04_RM01,162,162
NEC_CM03_RP01,NEC_CM04_RM02,45,45
NEC_CM03_RP01,NEC_CM04_RM03,3,3
NEC_CM03_RP01,NEC_CM04_RM04,3,3
NEC_CM03_RP01,NEC_CM04_RP00,587,589
NEC_CM03_RP01,NEC_CM04_RP01,1970,2040
NEC_CM03_RP01,NEC_CM05_RM01,68,68
NEC_CM03_RP01,NEC_CM05_RM02,2,2
NEC_CM03_RP01,NEC_CM05_RM03,1,1
NEC_CM03_RP01,NEC_CM05_RM04,1,1
NEC_CM03_RP01,NEC_CM05_RP00,150,150
NEC_CM03_RP01,NEC_CP00_RM01,70,70
NEC_CM03_RP01,NEC_CP00_RP00,2554,2557
NEC_CM03_RP01,NEC_CP00_RP01,239,239
NEC_CM03_RP01,NEC_CP00_RP02,637,638
NEC_CM03_RP01,NEC_CP00_RP03,40,40
NEC_CM03_RP01,NEC_CP01_RP00,241,241
NEC_CM03_RP01,NEC_CP01_RP01,30,30
NEC_CM03_RP01,NEC_CP01_RP02,14,14
NEC_CM03_RP01,NEC_CP01_RP03,5,5
NEC_CM03_RP01,NEC_CP01_RP04,4,4
NEC_CM03_RP01,NEC_CP02_RP00,3,3
NEC_CM03_RP01,NEC_CP02_RP01,7,7
NEC_CM03_RP01,NEC_CP02_RP02,9,9
NEC_CM03_RP01,NEC_CP02_RP03,6,6
NEC_CM03_RP01,NEC_CP03_RP01,18,18
NEC_CM03_RP01,NEC_CP03_RP02,46,46
NEC_CM03_RP01,NEC_CP03_RP03,3,3
NEC_CM03_RP01,NEC_CP03_RP04,1,1
NEC_CM03_RP01,NEC_CP04_RP01,1,1
NEC_CM03_RP01,NEC_CP04_RP03,1,1
NEC_CM03_RP01,NEC_CP04_RP04,4,4
NEC_CM03_RP02,NEC_CM01_RM01,130,130
NEC_CM03_RP02,NEC_CM01_RM02,15,15
NEC_CM03_RP02,NEC_CM01_RP00,83,83
NEC_CM03_RP02,NEC_CM01_RP01,364,365
NEC_CM03_RP02,NEC_CM01_RP02,901,904
NEC_CM03_RP02,NEC_CM01_RP03,184,188
NEC_CM03_RP02,NEC_CM02_RM01,89,89
NEC_CM03_RP02,NEC_CM02_RM02,3,3
NEC_CM03_RP02,NEC_CM02_RM03,1,1
NEC_CM03_RP02,NEC_CM02_RM04,1,1
NEC_CM03_RP02,NEC_CM02_RP00,98,98
NEC_CM03_RP02,NEC_CM02_RP01,1981,2017
NEC_CM03_RP02,NEC_CM02_RP02,17670,19160
NEC_CM03_RP02,NEC_CM03_RM01,81,81
NEC_CM03_RP02,NEC_CM03_RM02,67,67
NEC_CM03_RP02,NEC_CM03_RM04,3,3
NEC_CM03_RP02,NEC_CM03_RP00,69,69
NEC_CM03_RP02,NEC_CM03_RP01,4971,5092
NEC_CM03_RP02,NEC_CM03_RP02,61030,74211
NEC_CM03_RP02,NEC_CM04_RM01,17,17
NEC_CM03_RP02,NEC_CM04_RM02,66,66
NEC_CM03_RP02,NEC_CM04_RM03,1,1
NEC_CM03_RP02,NEC_CM04_RM04,9,9
NEC_CM03_RP02,NEC_CM04_RP00,34,34
NEC_CM03_RP02,NEC_CM04_RP01,190,195
NEC_CM03_RP02,NEC_CM05_RM01,8,8
NEC_CM03_RP02,NEC_CM05_RM02,2,2
NEC_CM03_RP02,NEC_CM05_RM03,4,4
NEC_CM03_RP02,NEC_CM05_RM04,1,1
NEC_CM03_RP02,NEC_CM05_RP00,26,26
NEC_CM03_RP02,NEC_CP00_RM01,27,27
NEC_CM03_RP02,NEC_CP00_RP00,5398,5416
NEC_CM03_RP02,NEC_CP00_RP01,670,673
NEC_CM03_RP02,NEC_CP00_RP02,2497,2520
NEC_CM03_RP02,NEC_CP00_RP03,156,156
NEC_CM03_RP02,NEC_CP01_RP00,755,757
NEC_CM03_RP02,NEC_CP01_RP01,69,69
NEC_CM03_RP02,NEC_CP01_RP02,35,35
NEC_CM03_RP02,NEC_CP01_RP03,14,14
NEC_CM03_RP02,NEC_CP01_RP04,21,21
NEC_CM03_RP02,NEC_CP02_RP00,13,13
NEC_CM03_RP02,NEC_CP02_RP01,9,9
NEC_CM03_RP02,NEC_CP02_RP02,14,14
NEC_CM03_RP02,NEC_CP02_RP03,9,9
NEC_CM03_RP02,NEC_CP02_RP04,1,1
NEC_CM03_RP02,NEC_CP03_RP01,24,24
NEC_CM03_RP02,NEC_CP03_RP02,116,116
NEC_CM03_RP02,NEC_CP04_RP00,1,1
NEC_CM03_RP02,NEC_CP04_RP01,4,4
NEC_CM03_RP02,NEC_CP04_RP03,7,7
NEC_CM03_RP02,NEC_CP04_RP04,2,2
NEC_CM03_RP02,NEC_CP05_RP04,2,2
NEC_CM04_RM01,NEC_CM01_RM01,4064,4073
NEC_CM04_RM01,NEC_CM01_RM02,40,40
NEC_CM04_RM01,NEC_CM01_RM03,79,79
NEC_CM04_RM01,NEC_CM01_RP00,374,374
NEC_CM04_RM01,NEC_CM01_RP01,32,32
NEC_CM04_RM01,NEC_CM01_RP02,6,6
NEC_CM04_RM01,NEC_CM02_RM01,5426,5436
NEC_CM04_RM01,NEC_CM02_RM02,419,419
NEC_CM04_RM01,NEC_CM02_RM03,274,274
NEC_CM04_RM01,NEC_CM02_RM04,6,6
NEC_CM04_RM01,NEC_CM02_RP00,3231,3236
NEC_CM04_RM01,NEC_CM02_RP01,435,435
NEC_CM04_RM01,NEC_CM02_RP02,17,17
NEC_CM04_RM01,NEC_CM03_RM01,34577,35239
NEC_CM04_RM01,NEC_CM03_RM02,18056,18342
NEC_CM04_RM01,NEC_CM03_RM03,517,518
NEC_CM04_RM01,NEC_CM03_RM04,48,48
NEC_CM04_RM01,NEC_CM03_RP00,2106,2113
NEC_CM04_RM01,NEC_CM03_RP01,99,99
NEC_CM04_RM01,NEC_CM03_RP02,18,18
NEC_CM04_RM01,NEC_CM04_RM01,99127,109698
NEC_CM04_RM01,NEC_CM04_RM02,22685,23611
NEC_CM04_RM01,NEC_CM04_RM03,157,157
NEC_CM04_RM01,NEC_CM04_RM04,157,157
NEC_CM04_RM01,NEC_CM04_RP00,3595,3675
NEC_CM04_RM01,NEC_CM04_RP01,29,29
NEC_CM04_RM01,NEC_CM05_RM01,2309,2344
NEC_CM04_RM01,NEC_CM05_RM02,870,913
NEC_CM04_RM01,NEC_CM05_RM03,54,54
NEC_CM04_RM01,NEC_CM05_RM04,11,11
NEC_CM04_RM01,NEC_CM05_RP00,1095,1107
NEC_CM04_RM01,NEC_CP00_RM01,57,57
NEC_CM04_RM01,NEC_CP00_RP00,576,576
NEC_CM04_RM01,NEC_CP00_RP01,24,24
NEC_CM04_RM01,NEC_CP00_RP02,9,9
NEC_CM04_RM01,NEC_CP00_RP03,1,1
NEC_CM04_RM01,NEC_CP01_RP00,56,56
NEC_CM04_RM01,NEC_CP01_RP01,25,25
NEC_CM04_RM01,NEC_CP01_RP02,11,11
NEC_CM04_RM01,NEC_CP01_RP03,7,7
NEC_CM04_RM01,NEC_CP01_RP04,4,4
NEC_CM04_RM01,NEC_CP02_RP00,4,4
NEC_CM04_RM01,NEC_CP02_RP01,5,5
NEC_CM04_RM01,NEC_CP02_RP02,4,4
NEC_CM04_RM01,NEC_CP02_RP03,1,1
NEC_CM04_RM01,NEC_CP02_RP04,2,2
NEC_CM04_RM01,NEC_CP03_RP01,25,25
NEC_CM04_RM01,NEC_CP03_RP02,64,64
NEC_CM04_RM01,NEC_CP03_RP04,1,1
NEC_CM04_RM01,NEC_CP04_RP01,6,6
NEC_CM04_RM01,NEC_CP04_RP03,3,3
NEC_CM04_RM01,NEC_CP04_RP04,2,2
NEC_CM04_RM02,NEC_CM01_RM01,2043,2045
NEC_CM04_RM02,NEC_CM01_RM02,230,230
NEC_CM04_RM02,NEC_CM01_RM03,350,350
NEC_CM04_RM02,NEC_CM01_RP00,418,418
NEC_CM04_RM02,NEC_CM01_RP01,19,19
NEC_CM04_RM02,NEC_CM01_RP02,23,23
NEC_CM04_RM02,NEC_CM01_RP03,2,2
NEC_CM04_RM02,NEC_CM02_RM01,1628,1630
NEC_CM04_RM02,NEC_CM02_RM02,1467,1468
NEC_CM04_RM02,NEC_CM02_RM03,1018,1020
NEC_CM04_RM02,NEC_CM02_RM04,177,177
NEC_CM04_RM02,NEC_CM02_RP00,391,391
NEC_CM04_RM02,NEC_CM02_RP01,100,100
NEC_CM04_RM02,NEC_CM02_RP02,158,159
NEC_CM04_RM02,NEC_CM03_RM01,2131,2137
NEC_CM04_RM02,NEC_CM03_RM02,315207,337704
NEC_CM04_RM02,NEC_CM03_RM03,5278,5304
NEC_CM04_RM02,NEC_CM03_RM04,4864,4873
NEC_CM04_RM02,NEC_CM03_RP00,182,182
NEC_CM04_RM02,NEC_CM03_RP01,34,34
NEC_CM04_RM02,NEC_CM03_RP02,117,117
NEC_CM04_RM02,NEC_CM04_RM01,16011,17194
NEC_CM04_RM02,NEC_CM04_RM02,809594,972084
NEC_CM04_RM02,NEC_CM04_RM03,33800,37571
NEC_CM04_RM02,NEC_CM04_RM04,25375,25616
NEC_CM04_RM02,NEC_CM04_RP00,173,173
NEC_CM04_RM02,NEC_CM04_RP01,5,5
NEC_CM04_RM02,NEC_CM05_RM01,1468,1494
NEC_CM04_RM02,NEC_CM05_RM02,13556,14623
NEC_CM04_RM02,NEC_CM05_RM03,6379,6422
NEC_CM04_RM02,NEC_CM05_RM04,385,385
NEC_CM04_RM02,NEC_CM05_RP00,140,140
NEC_CM04_RM02,NEC_CP00_RM01,266,266
NEC_CM04_RM02,NEC_CP00_RM02,4,4
NEC_CM04_RM02,NEC_CP00_RP00,4439,4446
NEC_CM04_RM02,NEC_CP00_RP01,104,104
NEC_CM04_RM02,NEC_CP00_RP02,112,112
NEC_CM04_RM02,NEC_CP00_RP03,9,9
NEC_CM04_RM02,NEC_CP01_RP00,474,476
NEC_CM04_RM02,NEC_CP01_RP01,132,132
NEC_CM04_RM02,NEC_CP01_RP02,62,62
NEC_CM04_RM02,NEC_CP01_RP03,11,11
NEC_CM04_RM02,NEC_CP01_RP04,67,67
NEC_CM04_RM02,NEC_CP02_RP00,19,19
NEC_CM04_RM02,NEC_CP02_RP01,64,64
NEC_CM04_RM02,NEC_CP02_RP02,95,96
NEC_CM04_RM02,NEC_CP02_RP03,33,33
NEC_CM04_RM02,NEC_CP02_RP04,1,1
NEC_CM04_RM02,NEC_CP03_RP00,1,1
NEC_CM04_RM02,NEC_CP03_RP01,201,201
NEC_CM04_RM02,NEC_CP03_RP02,1375,1378
NEC_CM04_RM02,NEC_CP03_RP03,16,16
NEC_CM04_RM02,NEC_CP03_RP04,2,2
NEC_CM04_RM02,NEC_CP04_RP00,3,3
NEC_CM04_RM02,NEC_CP04_RP01,29,29
NEC_CM04_RM02,NEC_CP04_RP03,34,34
NEC_CM04_RM02,NEC_CP04_RP04,5,5
NEC_CM04_RM03,NEC_CM01_RM01,370,371
NEC_CM04_RM03,NEC_CM01_RM02,67,67
NEC_CM04_RM03,NEC_CM01_RM03,43,43
NEC_CM04_RM03,NEC_CM01_RP00,65,65
NEC_CM04_RM03,NEC_CM01_RP01,3,3
NEC_CM04_RM03,NEC_CM01_RP02,2,2
NEC_CM04_RM03,NEC_CM02_RM01,239,239
NEC_CM04_RM03,NEC_CM02_RM02,199,199
NEC_CM04_RM03,NEC_CM02_RM03,291,291
NEC_CM04_RM03,NEC_CM02_RM04,139,139
NEC_CM04_RM03,NEC_CM02_RP00,67,67
NEC_CM04_RM03,NEC_CM02_RP01,6,6
NEC_CM04_RM03,NEC_CM02_RP02,22,22
NEC_CM04_RM03,NEC_CM03_RM01,198,198
NEC_CM04_RM03,NEC_CM03_RM02,39556,41470
NEC_CM04_RM03,NEC_CM03_RM03,5396,5742
NEC_CM04_RM03,NEC_CM03_RM04,3425,3455
NEC_CM04_RM03,NEC_CM03_RP00,20,20
NEC_CM04_RM03,NEC_CM03_RP01,5,5
NEC_CM04_RM03,NEC_CM03_RP02,12,12
NEC_CM04_RM03,NEC_CM04_RM01,232,232
NEC_CM04_RM03,NEC_CM04_RM02,117025,130218
NEC_CM04_RM03,NEC_CM04_RM03,95162,118942
NEC_CM04_RM03,NEC_CM04_RM04,20778,21253
NEC_CM04_RM03,NEC_CM04_RP00,24,24
NEC_CM04_RM03,NEC_CM05_RM01,47,47
NEC_CM04_RM03,NEC_CM05_RM02,2770,2784
NEC_CM04_RM03,NEC_CM05_RM03,8560,9047
NEC_CM04_RM03,NEC_CM05_RM04,369,369
NEC_CM04_RM03,NEC_CM05_RP00,15,15
NEC_CM04_RM03,NEC_CP00_RM01,43,43
NEC_CM04_RM03,NEC_CP00_RM02,2,2
NEC_CM04_RM03,NEC_CP00_RP00,574,574
NEC_CM04_RM03,NEC_CP00_RP01,15,15
NEC_CM04_RM03,NEC_CP00_RP02,23,23
NEC_CM04_RM03,NEC_CP00_RP03,3,3
NEC_CM04_RM03,NEC_CP01_RP00,56,56
NEC_CM04_RM03,NEC_CP01_RP01,26,26
NEC_CM04_RM03,NEC_CP01_RP02,9,9
NEC_CM04_RM03,NEC_CP01_RP04,5,5
NEC_CM04_RM03,NEC_CP02_RP00,7,7
NEC_CM04_RM03,NEC_CP02_RP01,12,12
NEC_CM04_RM03,NEC_CP02_RP02,14,14
NEC_CM04_RM03,NEC_CP02_RP03,2,2
NEC_CM04_RM03,NEC_CP02_RP04,2,2
NEC_CM04_RM03,NEC_CP03_RP00,1,1
NEC_CM04_RM03,NEC_CP03_RP01,27,27
NEC_CM04_RM03,NEC_CP03_RP02,181,181
NEC_CM04_RM03,NEC_CP03_RP03,7,7
NEC_CM04_RM03,NEC_CP04_RP01,10,10
NEC_CM04_RM03,NEC_CP04_RP03,5,5
NEC_CM04_RM03,NEC_CP04_RP04,3,3
NEC_CM04_RM03,NEC_CP05_RP04,2,2
NEC_CM04_RM04,NEC_CM01_RM01,348,348
NEC_CM04_RM04,NEC_CM01_RM02,80,80
NEC_CM04_RM04,NEC_CM01_RM03,63,63
NEC_CM04_RM04,NEC_CM01_RP00,70,71
NEC_CM04_RM04,NEC_CM01_RP01,7,7
NEC_CM04_RM04,NEC_CM01_RP02,8,8
NEC_CM04_RM04,NEC_CM02_RM01,400,400
NEC_CM04_RM04,NEC_CM02_RM02,123,123
NEC_CM04_RM04,NEC_CM02_RM03,176,177
NEC_CM04_RM04,NEC_CM02_RM04,362,372
NEC_CM04_RM04,NEC_CM02_RP00,40,40
NEC_CM04_RM04,NEC_CM02_RP01,16,16
NEC_CM04_RM04,NEC_CM02_RP02,24,24
NEC_CM04_RM04,NEC_CM03_RM01,213,213
NEC_CM04_RM04,NEC_CM03_RM02,6288,6299
NEC_CM04_RM04,NEC_CM03_RM03,1054,1057
NEC_CM04_RM04,NEC_CM03_RM04,13580,14044
NEC_CM04_RM04,NEC_CM03_RP00,9,9
NEC_CM04_RM04,NEC_CM03_RP01,8,8
NEC_CM04_RM04,NEC_CM03_RP02,10,10
NEC_CM04_RM04,NEC_CM04_RM01,82,82
NEC_CM04_RM04,NEC_CM04_RM02,30746,31201
NEC_CM04_RM04,NEC_CM04_RM03,10366,10511
NEC_CM04_RM04,NEC_CM04_RM04,395073,453350
NEC_CM04_RM04,NEC_CM04_RP00,11,11
NEC_CM04_RM04,NEC_CM05_RM01,23,23
NEC_CM04_RM04,NEC_CM05_RM02,1610,1615
NEC_CM04_RM04,NEC_CM05_RM03,6673,6737
NEC_CM04_RM04,NEC_CM05_RM04,4247,4533
NEC_CM04_RM04,NEC_CM05_RP00,6,6
NEC_CM04_RM04,NEC_CP00_RM01,31,31
NEC_CM04_RM04,NEC_CP00_RP00,943,943
NEC_CM04_RM04,NEC_CP00_RP01,14,14
NEC_CM04_RM04,NEC_CP00_RP02,26,26
NEC_CM04_RM04,NEC_CP00_RP03,7,7
NEC_CM04_RM04,NEC_CP01_RP00,90,90
NEC_CM04_RM04,NEC_CP01_RP01,56,56
NEC_CM04_RM04,NEC_CP01_RP02,6,6
NEC_CM04_RM04,NEC_CP01_RP03,2,2
NEC_CM04_RM04,NEC_CP01_RP04,1,1
NEC_CM04_RM04,NEC_CP02_RP00,15,15
NEC_CM04_RM04,NEC_CP02_RP01,17,17
NEC_CM04_RM04,NEC_CP02_RP02,23,23
NEC_CM04_RM04,NEC_CP02_RP03,1,1
NEC_CM04_RM04,NEC_CP02_RP04,1,1
NEC_CM04_RM04,NEC_CP03_RP01,60,60
NEC_CM04_RM04,NEC_CP03_RP02,206,206
NEC_CM04_RM04,NEC_CP03_RP03,2,2
NEC_CM04_RM04,NEC_CP04_RP01,7,7
NEC_CM04_RM04,NEC_CP04_RP03,3,3
NEC_CM04_RM04,NEC_CP04_RP04,2,2
NEC_CM04_RP00,NEC_CM01_RM01,1742,1742
NEC_CM04_RP00,NEC_CM01_RM02,16,16
NEC_CM04_RP00,NEC_CM01_RM03,8,8
NEC_CM04_RP00,NEC_CM01_RP00,262,262
NEC_CM04_RP00,NEC_CM01_RP01,36,36
NEC_CM04_RP00,NEC_CM01_RP02,8,8
NEC_CM04_RP00,NEC_CM01_RP03,2,2
NEC_CM04_RP00,NEC_CM02_RM01,2251,2257
NEC_CM04_RP00,NEC_CM02_RM02,33,33
NEC_CM04_RP00,NEC_CM02_RM04,1,1
NEC_CM04_RP00,NEC_CM02_RP00,2074,2080
NEC_CM04_RP00,NEC_CM02_RP01,542,542
NEC_CM04_RP00,NEC_CM02_RP02,70,70
NEC_CM04_RP00,NEC_CM03_RM01,8613,8744
NEC_CM04_RP00,NEC_CM03_RM02,252,252
NEC_CM04_RP00,NEC_CM03_RM03,10,10
NEC_CM04_RP00,NEC_CM03_RM04,6,6
NEC_CM04_RP00,NEC_CM03_RP00,10173,10552
NEC_CM04_RP00,NEC_CM03_RP01,368,371
NEC_CM04_RP00,NEC_CM03_RP02,43,43
NEC_CM04_RP00,NEC_CM04_RM01,2565,2589
NEC_CM04_RP00,NEC_CM04_RM02,216,216
NEC_CM04_RP00,NEC_CM04_RM03,22,22
NEC_CM04_RP00,NEC_CM04_RM04,11,11
NEC_CM04_RP00,NEC_CM04_RP00,48723,61362
NEC_CM04_RP00,NEC_CM04_RP01,291,295
NEC_CM04_RP00,NEC_CM05_RM01,1112,1118
NEC_CM04_RP00,NEC_CM05_RM02,26,26
NEC_CM04_RP00,NEC_CM05_RM03,9,9
NEC_CM04_RP00,NEC_CM05_RP00,3979,4058
NEC_CM04_RP00,NEC_CP00_RM01,34,34
NEC_CM04_RP00,NEC_CP00_RP00,554,554
NEC_CM04_RP00,NEC_CP00_RP01,27,28
NEC_CM04_RP00,NEC_CP00_RP02,24,24
NEC_CM04_RP00,NEC_CP00_RP03,8,8
NEC_CM04_RP00,NEC_CP01_RP00,45,45
NEC_CM04_RP00,NEC_CP01_RP01,7,7
NEC_CM04_RP00,NEC_CP01_RP02,4,4
NEC_CM04_RP00,NEC_CP01_RP03,1,1
NEC_CM04_RP00,NEC_CP01_RP04,5,5
NEC_CM04_RP00,NEC_CP02_RP00,1,1
NEC_CM04_RP00,NEC_CP02_RP01,10,10
NEC_CM04_RP00,NEC_CP02_RP02,2,2
NEC_CM04_RP00,NEC_CP02_RP03,3,3
NEC_CM04_RP00,NEC_CP02_RP04,1,1
NEC_CM04_RP00,NEC_CP03_RP01,22,22
NEC_CM04_RP00,NEC_CP03_RP02,39,39
NEC_CM04_RP00,NEC_CP03_RP03,1,1
NEC_CM04_RP00,NEC_CP03_RP04,1,1
NEC_CM04_RP00,NEC_CP04_RP01,2,2
NEC_CM04_RP00,NEC_CP04_RP03,9,9
NEC_CM04_RP01,NEC_CM01_RM01,328,328
NEC_CM04_RP01,NEC_CM01_RM02,4,4
NEC_CM04_RP01,NEC_CM01_RM03,3,3
NEC_CM04_RP01,NEC_CM01_RP00,72,72
NEC_CM04_RP01,NEC_CM01_RP01,24,24
NEC_CM04_RP01,NEC_CM01_RP02,38,38
NEC_CM04_RP01,NEC_CM01_RP03,2,2
NEC_CM04_RP01,NEC_CM02_RM01,337,337
NEC_CM04_RP01,NEC_CM02_RM02,4,4
NEC_CM04_RP01,NEC_CM02_RP00,344,345
NEC_CM04_RP01,NEC_CM02_RP01,312,313
NEC_CM04_RP01,NEC_CM02_RP02,212,212
NEC_CM04_RP01,NEC_CM03_RM01,400,400
NEC_CM04_RP01,NEC_CM03_RM02,21,21
NEC_CM04_RP01,NEC_CM03_RM03,2,2
NEC_CM04_RP01,NEC_CM03_RP00,757,767
NEC_CM04_RP01,NEC_CM03_RP01,4003,4238
NEC_CM04_RP01,NEC_CM03_RP02,389,390
NEC_CM04_RP01,NEC_CM04_RM01,65,65
NEC_CM04_RP01,NEC_CM04_RM02,19,19
NEC_CM04_RP01,NEC_CM04_RM03,2,2
NEC_CM04_RP01,NEC_CM04_RM04,2,2
NEC_CM04_RP01,NEC_CM04_RP00,451,457
NEC_CM04_RP01,NEC_CM04_RP01,7454,8517
NEC_CM04_RP01,NEC_CM05_RM01,54,54
NEC_CM04_RP01,NEC_CM05_RM02,3,3
NEC_CM04_RP01,NEC_CM05_RM03,1,1
NEC_CM04_RP01,NEC_CM05_RP00,148,149
NEC_CM04_RP01,NEC_CP00_RM01,13,13
NEC_CM04_RP01,NEC_CP00_RP00,551,553
NEC_CM04_RP01,NEC_CP00_RP01,48,48
NEC_CM04_RP01,NEC_CP00_RP02,96,96
NEC_CM04_RP01,NEC_CP00_RP03,4,4
NEC_CM04_RP01,NEC_CP01_RP00,37,37
NEC_CM04_RP01,NEC_CP01_RP01,10,10
NEC_CM04_RP01,NEC_CP01_RP02,4,4
NEC_CM04_RP01,NEC_CP01_RP04,1,1
NEC_CM04_RP01,NEC_CP02_RP01,1,1
NEC_CM04_RP01,NEC_CP03_RP01,3,3
NEC_CM04_RP01,NEC_CP03_RP02,9,9
NEC_CM04_RP01,NEC_CP04_RP03,2,2
NEC_CM05_RM01,NEC_CM01_RM01,930,930
NEC_CM05_RM01,NEC_CM01_RM02,10,10
NEC_CM05_RM01,NEC_CM01_RM03,25,25
NEC_CM05_RM01,NEC_CM01_RP00,89,89
NEC_CM05_RM01,NEC_CM01_RP01,7,7
NEC_CM05_RM01,NEC_CM01_RP02,1,1
NEC_CM05_RM01,NEC_CM01_RP03,1,1
NEC_CM05_RM01,NEC_CM02_RM01,1418,1418
NEC_CM05_RM01,NEC_CM02_RM02,139,139
NEC_CM05_RM01,NEC_CM02_RM03,84,84
NEC_CM05_RM01,NEC_CM02_RM04,1,1
NEC_CM05_RM01,NEC_CM02_RP00,684,684
NEC_CM05_RM01,NEC_CM02_RP01,211,211
NEC_CM05_RM01,NEC_CM02_RP02,6,6
NEC_CM05_RM01,NEC_CM03_RM01,2798,2802
NEC_CM05_RM01,NEC_CM03_RM02,2767,2815
NEC_CM05_RM01,NEC_CM03_RM03,183,184
NEC_CM05_RM01,NEC_CM03_RM04,27,27
NEC_CM05_RM01,NEC_CM03_RP00,695,697
NEC_CM05_RM01,NEC_CM03_RP01,60,60
NEC_CM05_RM01,NEC_CM03_RP02,12,12
NEC_CM05_RM01,NEC_CM04_RM01,6116,6464
NEC_CM05_RM01,NEC_CM04_RM02,3721,3867
NEC_CM05_RM01,NEC_CM04_RM03,88,88
NEC_CM05_RM01,NEC_CM04_RM04,122,122
NEC_CM05_RM01,NEC_CM04_RP00,3067,3173
NEC_CM05_RM01,NEC_CM04_RP01,31,31
NEC_CM05_RM01,NEC_CM05_RM01,46040,51481
NEC_CM05_RM01,NEC_CM05_RM02,1507,1619
NEC_CM05_RM01,NEC_CM05_RM03,74,74
NEC_CM05_RM01,NEC_CM05_RM04,8,8
NEC_CM05_RM01,NEC_CM05_RP00,10587,10989
NEC_CM05_RM01,NEC_CP00_RM01,13,13
NEC_CM05_RM01,NEC_CP00_RM02,1,1
NEC_CM05_RM01,NEC_CP00_RP00,106,106
NEC_CM05_RM01,NEC_CP00_RP01,3,3
NEC_CM05_RM01,NEC_CP00_RP02,8,8
NEC_CM05_RM01,NEC_CP01_RP00,4,4
NEC_CM05_RM01,NEC_CP01_RP01,11,11
NEC_CM05_RM01,NEC_CP01_RP02,7,7
NEC_CM05_RM01,NEC_CP01_RP04,2,2
NEC_CM05_RM01,NEC_CP02_RP00,3,3
NEC_CM05_RM01,NEC_CP02_RP01,1,1
NEC_CM05_RM01,NEC_CP02_RP02,1,1
NEC_CM05_RM01,NEC_CP02_RP03,4,4
NEC_CM05_RM01,NEC_CP02_RP04,1,1
NEC_CM05_RM01,NEC_CP03_RP01,9,9
NEC_CM05_RM01,NEC_CP03_RP02,32,32
NEC_CM05_RM01,NEC_CP04_RP01,4,4
NEC_CM05_RM01,NEC_CP04_RP03,2,2
NEC_CM05_RM01,NEC_CP04_RP04,1,1
NEC_CM05_RM02,NEC_CM01_RM01,57,57
NEC_CM05_RM02,NEC_CM01_RM02,13,13
NEC_CM05_RM02,NEC_CM01_RM03,6,6
NEC_CM05_RM02,NEC_CM01_RP00,17,17
NEC_CM05_RM02,NEC_CM01_RP01,1,1
NEC_CM05_RM02,NEC_CM01_RP02,1,1
NEC_CM05_RM02,NEC_CM02_RM01,72,72
NEC_CM05_RM02,NEC_CM02_RM02,34,34
NEC_CM05_RM02,NEC_CM02_RM03,21,21
NEC_CM05_RM02,NEC_CM02_RM04,27,27
NEC_CM05_RM02,NEC_CM02_RP00,23,23
NEC_CM05_RM02,NEC_CM02_RP01,4,4
NEC_CM05_RM02,NEC_CM02_RP02,8,8
NEC_CM05_RM02,NEC_CM03_RM01,92,92
NEC_CM05_RM02,NEC_CM03_RM02,4542,4574
NEC_CM05_RM02,NEC_CM03_RM03,238,238
NEC_CM05_RM02,NEC_CM03_RM04,767,768
NEC_CM05_RM02,NEC_CM03_RP00,12,12
NEC_CM05_RM02,NEC_CM03_RP01,1,1
NEC_CM05_RM02,NEC_CM03_RP02,4,4
NEC_CM05_RM02,NEC_CM04_RM01,2122,2244
NEC_CM05_RM02,NEC_CM04_RM02,40243,43104
NEC_CM05_RM02,NEC_CM04_RM03,3575,3617
NEC_CM05_RM02,NEC_CM04_RM04,3671,3707
NEC_CM05_RM02,NEC_CM04_RP00,15,15
NEC_CM05_RM02,NEC_CM05_RM01,2742,3215
NEC_CM05_RM02,NEC_CM05_RM02,50695,62149
NEC_CM05_RM02,NEC_CM05_RM03,3322,3423
NEC_CM05_RM02,NEC_CM05_RM04,124,124
NEC_CM05_RM02,NEC_CM05_RP00,25,25
NEC_CM05_RM02,NEC_CP00_RM01,8,8
NEC_CM05_RM02,NEC_CP00_RP00,176,176
NEC_CM05_RM02,NEC_CP00_RP01,11,11
NEC_CM05_RM02,NEC_CP00_RP02,6,6
NEC_CM05_RM02,NEC_CP01_RP00,27,27
NEC_CM05_RM02,NEC_CP01_RP01,14,14
NEC_CM05_RM02,NEC_CP01_RP02,3,3
NEC_CM05_RM02,NEC_CP01_RP04,1,1
NEC_CM05_RM02,NEC_CP02_RP00,2,2
NEC_CM05_RM02,NEC_CP02_RP01,5,5
NEC_CM05_RM02,NEC_CP02_RP02,4,4
NEC_CM05_RM02,NEC_CP02_RP03,3,3
NEC_CM05_RM02,NEC_CP03_RP01,10,10
NEC_CM05_RM02,NEC_CP03_RP02,52,52
NEC_CM05_RM02,NEC_CP03_RP03,1,1
NEC_CM05_RM02,NEC_CP04_RP01,7,7
NEC_CM05_RM03,NEC_CM01_RM01,60,60
NEC_CM05_RM03,NEC_CM01_RM02,15,15
NEC_CM05_RM03,NEC_CM01_RM03,6,6
NEC_CM05_RM03,NEC_CM01_RP00,13,13
NEC_CM05_RM03,NEC_CM01_RP01,3,3
NEC_CM05_RM03,NEC_CM01_RP02,1,1
NEC_CM05_RM03,NEC_CM02_RM01,113,113
NEC_CM05_RM03,NEC_CM02_RM02,34,34
NEC_CM05_RM03,NEC_CM02_RM03,55,55
NEC_CM05_RM03,NEC_CM02_RM04,50,50
NEC_CM05_RM03,NEC_CM02_RP00,16,16
NEC_CM05_RM03,NEC_CM02_RP01,2,2
NEC_CM05_RM03,NEC_CM02_RP02,18,18
NEC_CM05_RM03,NEC_CM03_RM01,78,78
NEC_CM05_RM03,NEC_CM03_RM02,3111,3127
NEC_CM05_RM03,NEC_CM03_RM03,299,299
NEC_CM05_RM03,NEC_CM03_RM04,1324,1326
NEC_CM05_RM03,NEC_CM03_RP00,11,11
NEC_CM05_RM03,NEC_CM03_RP02,2,2
NEC_CM05_RM03,NEC_CM04_RM01,81,81
NEC_CM05_RM03,NEC_CM04_RM02,16066,16541
NEC_CM05_RM03,NEC_CM04_RM03,7596,8070
NEC_CM05_RM03,NEC_CM04_RM04,9824,9932
NEC_CM05_RM03,NEC_CM04_RP00,12,12
NEC_CM05_RM03,NEC_CM05_RM01,27,27
NEC_CM05_RM03,NEC_CM05_RM02,3828,4058
NEC_CM05_RM03,NEC_CM05_RM03,62358,84474
NEC_CM05_RM03,NEC_CM05_RM04,1160,1193
NEC_CM05_RM03,NEC_CM05_RP00,9,9
NEC_CM05_RM03,NEC_CP00_RM01,10,10
NEC_CM05_RM03,NEC_CP00_RM02,1,1
NEC_CM05_RM03,NEC_CP00_RP00,308,308
NEC_CM05_RM03,NEC_CP00_RP01,12,12
NEC_CM05_RM03,NEC_CP00_RP02,18,18
NEC_CM05_RM03,NEC_CP00_RP03,2,2
NEC_CM05_RM03,NEC_CP01_RP00,17,17
NEC_CM05_RM03,NEC_CP01_RP01,16,16
NEC_CM05_RM03,NEC_CP01_RP02,12,12
NEC_CM05_RM03,NEC_CP01_RP04,1,1
NEC_CM05_RM03,NEC_CP02_RP00,1,1
NEC_CM05_RM03,NEC_CP02_RP01,12,12
NEC_CM05_RM03,NEC_CP02_RP02,7,7
NEC_CM05_RM03,NEC_CP02_RP03,5,5
NEC_CM05_RM03,NEC_CP03_RP01,23,23
NEC_CM05_RM03,NEC_CP03_RP02,88,88
NEC_CM05_RM03,NEC_CP03_RP03,2,2
NEC_CM05_RM03,NEC_CP04_RP00,1,1
NEC_CM05_RM03,NEC_CP04_RP01,1,1
NEC_CM05_RM03,NEC_CP04_RP03,1,1
NEC_CM05_RM03,NEC_CP04_RP04,2,2
NEC_CM05_RM04,NEC_CM01_RM01,8,8
NEC_CM05_RM04,NEC_CM01_RM02,3,3
NEC_CM05_RM04,NEC_CM01_RM03,1,1
NEC_CM05_RM04,NEC_CM01_RP00,4,4
NEC_CM05_RM04,NEC_CM01_RP01,2,2
NEC_CM05_RM04,NEC_CM02_RM01,12,12
NEC_CM05_RM04,NEC_CM02_RM02,4,4
NEC_CM05_RM04,NEC_CM02_RM03,15,15
NEC_CM05_RM04,NEC_CM02_RM04,30,30
NEC_CM05_RM04,NEC_CM02_RP00,4,4
NEC_CM05_RM04,NEC_CM02_RP01,2,2
NEC_CM05_RM04,NEC_CM02_RP02,2,2
NEC_CM05_RM04,NEC_CM03_RM01,9,9
NEC_CM05_RM04,NEC_CM03_RM02,300,301
NEC_CM05_RM04,NEC_CM03_RM03,91,91
NEC_CM05_RM04,NEC_CM03_RM04,790,795
NEC_CM05_RM04,NEC_CM03_RP00,1,1
NEC_CM05_RM04,NEC_CM03_RP02,1,1
NEC_CM05_RM04,NEC_CM04_RM01,8,8
NEC_CM05_RM04,NEC_CM04_RM02,1561,1568
NEC_CM05_RM04,NEC_CM04_RM03,731,738
NEC_CM05_RM04,NEC_CM04_RM04,14143,14761
NEC_CM05_RM04,NEC_CM05_RM01,4,4
NEC_CM05_RM04,NEC_CM05_RM02,168,168
NEC_CM05_RM04,NEC_CM05_RM03,3937,4346
NEC_CM05_RM04,NEC_CM05_RM04,11887,13637
NEC_CM05_RM04,NEC_CM05_RP00,1,1
NEC_CM05_RM04,NEC_CP00_RM01,3,3
NEC_CM05_RM04,NEC_CP00_RP00,28,28
NEC_CM05_RM04,NEC_CP00_RP01,3,3
NEC_CM05_RM04,NEC_CP00_RP02,2,2
NEC_CM05_RM04,NEC_CP01_RP00,7,7
NEC_CM05_RM04,NEC_CP01_RP01,6,6
NEC_CM05_RM04,NEC_CP02_RP01,3,3
NEC_CM05_RM04,NEC_CP03_RP01,4,4
NEC_CM05_RM04,NEC_CP03_RP02,9,9
NEC_CM05_RM04,NEC_CP04_RP01,2,2
NEC_CM05_RP00,NEC_CM01_RM01,881,881
NEC_CM05_RP00,NEC_CM01_RM02,10,10
NEC_CM05_RP00,NEC_CM01_RM03,5,5
NEC_CM05_RP00,NEC_CM01_RP00,113,113
NEC_CM05_RP00,NEC_CM01_RP01,9,9
NEC_CM05_RP00,NEC_CM01_RP02,2,2
NEC_CM05_RP00,NEC_CM02_RM01,1584,1585
NEC_CM05_RP00,NEC_CM02_RM02,27,27
NEC_CM05_RP00,NEC_CM02_RM03,4,4
NEC_CM05_RP00,NEC_CM02_RP00,804,804
NEC_CM05_RP00,NEC_CM02_RP01,227,227
NEC_CM05_RP00,NEC_CM02_RP02,5,5
NEC_CM05_RP00,NEC_CM03_RM01,2944,2951
NEC_CM05_RP00,NEC_CM03_RM02,337,337
NEC_CM05_RP00,NEC_CM03_RM03,35,35
NEC_CM05_RP00,NEC_CM03_RM04,12,12
NEC_CM05_RP00,NEC_CM03_RP00,930,933
NEC_CM05_RP00,NEC_CM03_RP01,111,111
NEC_CM05_RP00,NEC_CM03_RP02,18,18
NEC_CM05_RP00,NEC_CM04_RM01,1204,1211
NEC_CM05_RP00,NEC_CM04_RM02,250,250
NEC_CM05_RP00,NEC_CM04_RM03,19,19
NEC_CM05_RP00,NEC_CM04_RM04,27,27
NEC_CM05_RP00,NEC_CM04_RP00,7867,8509
NEC_CM05_RP00,NEC_CM04_RP01,115,115
NEC_CM05_RP00,NEC_CM05_RM01,9730,10118
NEC_CM05_RP00,NEC_CM05_RM02,44,44
NEC_CM05_RP00,NEC_CM05_RM03,6,6
NEC_CM05_RP00,NEC_CM05_RM04,1,1
NEC_CM05_RP00,NEC_CM05_RP00,46591,49928
NEC_CM05_RP00,NEC_CP00_RM01,13,13
NEC_CM05_RP00,NEC_CP00_RP00,114,114
NEC_CM05_RP00,NEC_CP00_RP01,7,7
NEC_CM05_RP00,NEC_CP00_RP02,5,5
NEC_CM05_RP00,NEC_CP00_RP03,2,2
NEC_CM05_RP00,NEC_CP01_RP00,11,11
NEC_CM05_RP00,NEC_CP01_RP01,15,15
NEC_CM05_RP00,NEC_CP01_RP02,3,3
NEC_CM05_RP00,NEC_CP01_RP04,2,2
NEC_CM05_RP00,NEC_CP02_RP00,2,2
NEC_CM05_RP00,NEC_CP02_RP01,2,2
NEC_CM05_RP00,NEC_CP02_RP02,2,2
NEC_CM05_RP00,NEC_CP02_RP03,2,2
NEC_CM05_RP00,NEC_CP03_RP01,12,12
NEC_CM05_RP00,NEC_CP03_RP02,26,26
NEC_CM05_RP00,NEC_CP03_RP03,5,5
NEC_CM05_RP00,NEC_CP04_RP00,2,2
NEC_CM05_RP00,NEC_CP04_RP01,2,2
NEC_CM05_RP00,NEC_CP04_RP03,1,1
NEC_CP00_RM01,NEC_CM01_RM01,73916,75941
NEC_CP00_RM01,NEC_CM01_RM02,7328,7401
NEC_CP00_RM01,NEC_CM01_RM03,38,38
NEC_CP00_RM01,NEC_CM01_RP00,42432,43248
NEC_CP00_RM01,NEC_CM01_RP01,108,108
NEC_CP00_RM01,NEC_CM01_RP02,37,37
NEC_CP00_RM01,NEC_CM01_RP03,4,4
NEC_CP00_RM01,NEC_CM02_RM01,2214,2219
NEC_CP00_RM01,NEC_CM02_RM02,241,241
NEC_CP00_RM01,NEC_CM02_RM03,30,30
NEC_CP00_RM01,NEC_CM02_RM04,9,9
NEC_CP00_RM01,NEC_CM02_RP00,525,525
NEC_CP00_RM01,NEC_CM02_RP01,112,112
NEC_CP00_RM01,NEC_CM02_RP02,110,111
NEC_CP00_RM01,NEC_CM03_RM01,269,269
NEC_CP00_RM01,NEC_CM03_RM02,834,835
NEC_CP00_RM01,NEC_CM03_RM03,45,45
NEC_CP00_RM01,NEC_CM03_RM04,26,26
NEC_CP00_RM01,NEC_CM03_RP00,75,75
NEC_CP00_RM01,NEC_CM03_RP01,37,37
NEC_CP00_RM01,NEC_CM03_RP02,33,33
NEC_CP00_RM01,NEC_CM04_RM01,39,39
NEC_CP00_RM01,NEC_CM04_RM02,487,487
NEC_CP00_RM01,NEC_CM04_RM03,33,33
NEC_CP00_RM01,NEC_CM04_RM04,49,49
NEC_CP00_RM01,NEC_CM04_RP00,46,46
NEC_CP00_RM01,NEC_CM04_RP01,4,4
NEC_CP00_RM01,NEC_CM05_RM01,12,12
NEC_CP00_RM01,NEC_CM05_RM02,7,7
NEC_CP00_RM01,NEC_CM05_RM03,10,10
NEC_CP00_RM01,NEC_CM05_RM04,3,3
NEC_CP00_RM01,NEC_CM05_RP00,6,6
NEC_CP00_RM01,NEC_CP00_RM01,269016,289872
NEC_CP00_RM01,NEC_CP00_RM02,1334,1385
NEC_CP00_RM01,NEC_CP00_RP00,135953,137991
NEC_CP00_RM01,NEC_CP00_RP01,360,360
NEC_CP00_RM01,NEC_CP00_RP02,355,355
NEC_CP00_RM01,NEC_CP00_RP03,16,16
NEC_CP00_RM01,NEC_CP01_RP00,1556,1557
NEC_CP00_RM01,NEC_CP01_RP01,330,330
NEC_CP00_RM01,NEC_CP01_RP02,77,77
NEC_CP00_RM01,NEC_CP01_RP03,29,29
NEC_CP00_RM01,NEC_CP01_RP04,47,47
NEC_CP00_RM01,NEC_CP02_RP00,53,53
NEC_CP00_RM01,NEC_CP02_RP01,103,103
NEC_CP00_RM01,NEC_CP02_RP02,74,74
NEC_CP00_RM01,NEC_CP02_RP03,12,12
NEC_CP00_RM01,NEC_CP02_RP04,5,5
NEC_CP00_RM01,NEC_CP03_RP00,1,1
NEC_CP00_RM01,NEC_CP03_RP01,232,232
NEC_CP00_RM01,NEC_CP03_RP02,420,420
NEC_CP00_RM01,NEC_CP03_RP03,15,15
NEC_CP00_RM01,NEC_CP03_RP04,3,3
NEC_CP00_RM01,NEC_CP04_RP00,1,1
NEC_CP00_RM01,NEC_CP04_RP01,24,24
NEC_CP00_RM01,NEC_CP04_RP03,4,4
NEC_CP00_RM01,NEC_CP04_RP04,10,10
NEC_CP00_RM02,NEC_CM01_RM01,1930,1978
NEC_CP00_RM02,NEC_CM01_RM02,2108,2294
NEC_CP00_RM02,NEC_CM01_RM03,2,2
NEC_CP00_RM02,NEC_CM01_RP00,515,519
NEC_CP00_RM02,NEC_CM01_RP01,3,3
NEC_CP00_RM02,NEC_CM02_RM01,63,63
NEC_CP00_RM02,NEC_CM02_RM02,7,7
NEC_CP00_RM02,NEC_CM02_RP00,11,11
NEC_CP00_RM02,NEC_CM02_RP01,3,3
NEC_CP00_RM02,NEC_CM03_RM01,5,5
NEC_CP00_RM02,NEC_CM03_RM02,12,12
NEC_CP00_RM02,NEC_CM03_RP00,2,2
NEC_CP00_RM02,NEC_CM04_RM01,1,1
NEC_CP00_RM02,NEC_CM04_RM02,5,5
NEC_CP00_RM02,NEC_CM04_RM04,4,4
NEC_CP00_RM02,NEC_CM04_RP00,1,1
NEC_CP00_RM02,NEC_CM05_RM03,1,1
NEC_CP00_RM02,NEC_CM05_RM04,1,1
NEC_CP00_RM02,NEC_CP00_RM01,3445,3670
NEC_CP00_RM02,NEC_CP00_RM02,1038,1276
NEC_CP00_RM02,NEC_CP00_RP00,1381,1394
NEC_CP00_RM02,NEC_CP00_RP01,4,4
NEC_CP00_RM02,NEC_CP00_RP02,4,4
NEC_CP00_RM02,NEC_CP01_RP00,10,10
NEC_CP00_RM02,NEC_CP01_RP01,5,5
NEC_CP00_RM02,NEC_CP01_RP04,1,1
NEC_CP00_RM02,NEC_CP02_RP00,1,1
NEC_CP00_RM02,NEC_CP02_RP01,2,2
NEC_CP00_RM02,NEC_CP03_RP01,2,2
NEC_CP00_RM02,NEC_CP03_RP02,7,7
NEC_CP00_RM02,NEC_CP04_RP01,1,1
NEC_CP00_RP00,NEC_CM01_RM01,98547,100552
NEC_CP00_RP00,NEC_CM01_RM02,6550,6558
NEC_CP00_RP00,NEC_CM01_RM03,286,286
NEC_CP00_RP00,NEC_CM01_RP00,178518,184848
NEC_CP00_RP00,NEC_CM01_RP01,9826,10015
NEC_CP00_RP00,NEC_CM01_RP02,2934,2937
NEC_CP00_RP00,NEC_CM01_RP03,167,167
NEC_CP00_RP00,NEC_CM02_RM01,8070,8077
NEC_CP00_RP00,NEC_CM02_RM02,982,982
NEC_CP00_RP00,NEC_CM02_RM03,411,411
NEC_CP00_RP00,NEC_CM02_RM04,26,26
NEC_CP00_RP00,NEC_CM02_RP00,4893,4894
NEC_CP00_RP00,NEC_CM02_RP01,3722,3724
NEC_CP00_RP00,NEC_CM02_RP02,7040,7060
NEC_CP00_RP00,NEC_CM03_RM01,2638,2638
NEC_CP00_RP00,NEC_CM03_RM02,7458,7462
NEC_CP00_RP00,NEC_CM03_RM03,134,134
NEC_CP00_RP00,NEC_CM03_RM04,169,169
NEC_CP00_RP00,NEC_CM03_RP00,667,667
NEC_CP00_RP00,NEC_CM03_RP01,1005,1006
NEC_CP00_RP00,NEC_CM03_RP02,2213,2218
NEC_CP00_RP00,NEC_CM04_RM01,400,400
NEC_CP00_RP00,NEC_CM04_RM02,2305,2311
NEC_CP00_RP00,NEC_CM04_RM03,193,193
NEC_CP00_RP00,NEC_CM04_RM04,485,485
NEC_CP00_RP00,NEC_CM04_RP00,385,385
NEC_CP00_RP00,NEC_CM04_RP01,56,56
NEC_CP00_RP00,NEC_CM05_RM01,83,83
NEC_CP00_RP00,NEC_CM05_RM02,85,85
NEC_CP00_RP00,NEC_CM05_RM03,164,164
NEC_CP00_RP00,NEC_CM05_RM04,19,19
NEC_CP00_RP00,NEC_CM05_RP00,105,105
NEC_CP00_RP00,NEC_CP00_RM01,47750,47984
NEC_CP00_RP00,NEC_CP00_RM02,144,144
NEC_CP00_RP00,NEC_CP00_RP00,5108133,5635799
NEC_CP00_RP00,NEC_CP00_RP01,36650,37267
NEC_CP00_RP00,NEC_CP00_RP02,24005,24096
NEC_CP00_RP00,NEC_CP00_RP03,1865,1869
NEC_CP00_RP00,NEC_CP01_RP00,160840,163890
NEC_CP00_RP00,NEC_CP01_RP01,19067,19210
NEC_CP00_RP00,NEC_CP01_RP02,1637,1641
NEC_CP00_RP00,NEC_CP01_RP03,416,416
NEC_CP00_RP00,NEC_CP01_RP04,386,386
NEC_CP00_RP00,NEC_CP02_RP00,3249,3249
NEC_CP00_RP00,NEC_CP02_RP01,3114,3122
NEC_CP00_RP00,NEC_CP02_RP02,1873,1874
NEC_CP00_RP00,NEC_CP02_RP03,215,215
NEC_CP00_RP00,NEC_CP02_RP04,24,24
NEC_CP00_RP00,NEC_CP03_RP00,8,8
NEC_CP00_RP00,NEC_CP03_RP01,4425,4427
NEC_CP00_RP00,NEC_CP03_RP02,13024,13056
NEC_CP00_RP00,NEC_CP03_RP03,177,177
NEC_CP00_RP00,NEC_CP03_RP04,24,24
NEC_CP00_RP00,NEC_CP04_RP00,36,36
NEC_CP00_RP00,NEC_CP04_RP01,532,532
NEC_CP00_RP00,NEC_CP04_RP03,152,152
NEC_CP00_RP00,NEC_CP04_RP04,127,127
NEC_CP00_RP00,NEC_CP05_RP04,55,55
NEC_CP00_RP01,NEC_CM01_RM01,697,697
NEC_CP00_RP01,NEC_CM01_RM02,78,78
NEC_CP00_RP01,NEC_CM01_RM03,3,3
NEC_CP00_RP01,NEC_CM01_RP00,2300,2456
NEC_CP00_RP01,NEC_CM01_RP01,10068,10651
NEC_CP00_RP01,NEC_CM01_RP02,1029,1030
NEC_CP00_RP01,NEC_CM01_RP03,104,104
NEC_CP00_RP01,NEC_CM02_RM01,220,220
NEC_CP00_RP01,NEC_CM02_RM02,30,30
NEC_CP00_RP01,NEC_CM02_RM03,3,3
NEC_CP00_RP01,NEC_CM02_RM04,1,1
NEC_CP00_RP01,NEC_CM02_RP00,231,231
NEC_CP00_RP01,NEC_CM02_RP01,842,847
NEC_CP00_RP01,NEC_CM02_RP02,1680,1681
NEC_CP00_RP01,NEC_CM03_RM01,121,121
NEC_CP00_RP01,NEC_CM03_RM02,192,192
NEC_CP00_RP01,NEC_CM03_RM03,6,6
NEC_CP00_RP01,NEC_CM03_RM04,7,7
NEC_CP00_RP01,NEC_CM03_RP00,40,40
NEC_CP00_RP01,NEC_CM03_RP01,268,268
NEC_CP00_RP01,NEC_CM03_RP02,506,506
NEC_CP00_RP01,NEC_CM04_RM01,14,14
NEC_CP00_RP01,NEC_CM04_RM02,92,92
NEC_CP00_RP01,NEC_CM04_RM03,9,9
NEC_CP00_RP01,NEC_CM04_RM04,30,30
NEC_CP00_RP01,NEC_CM04_RP00,19,19
NEC_CP00_RP01,NEC_CM04_RP01,11,11
NEC_CP00_RP01,NEC_CM05_RM01,5,5
NEC_CP00_RP01,NEC_CM05_RM02,4,4
NEC_CP00_RP01,NEC_CM05_RM03,2,2
NEC_CP00_RP01,NEC_CM05_RM04,2,2
NEC_CP00_RP01,NEC_CM05_RP00,2,2
NEC_CP00_RP01,NEC_CP00_RM01,276,276
NEC_CP00_RP01,NEC_CP00_RM02,3,3
NEC_CP00_RP01,NEC_CP00_RP00,107631,109661
NEC_CP00_RP01,NEC_CP00_RP01,152436,173008
NEC_CP00_RP01,NEC_CP00_RP02,13260,13512
NEC_CP00_RP01,NEC_CP00_RP03,609,609
NEC_CP00_RP01,NEC_CP01_RP00,12685,12953
NEC_CP00_RP01,NEC_CP01_RP01,15847,17475
NEC_CP00_RP01,NEC_CP01_RP02,551,557
NEC_CP00_RP01,NEC_CP01_RP03,75,75
NEC_CP00_RP01,NEC_CP01_RP04,100,100
NEC_CP00_RP01,NEC_CP02_RP00,321,321
NEC_CP00_RP01,NEC_CP02_RP01,705,707
NEC_CP00_RP01,NEC_CP02_RP02,221,221
NEC_CP00_RP01,NEC_CP02_RP03,55,55
NEC_CP00_RP01,NEC_CP02_RP04,5,5
NEC_CP00_RP01,NEC_CP03_RP00,3,3
NEC_CP00_RP01,NEC_CP03_RP01,387,387
NEC_CP00_RP01,NEC_CP03_RP02,1031,1032
NEC_CP00_RP01,NEC_CP03_RP03,40,40
NEC_CP00_RP01,NEC_CP03_RP04,4,4
NEC_CP00_RP01,NEC_CP04_RP00,6,6
NEC_CP00_RP01,NEC_CP04_RP01,46,46
NEC_CP00_RP01,NEC_CP04_RP03,14,14
NEC_CP00_RP01,NEC_CP04_RP04,10,10
NEC_CP00_RP01,NEC_CP05_RP04,2,2
NEC_CP00_RP02,NEC_CM01_RM01,339,339
NEC_CP00_RP02,NEC_CM01_RM02,13,13
NEC_CP00_RP02,NEC_CM01_RM03,1,1
NEC_CP00_RP02,NEC_CM01_RP00,381,382
NEC_CP00_RP02,NEC_CM01_RP01,1346,1347
NEC_CP00_RP02,NEC_CM01_RP02,8159,8456
NEC_CP00_RP02,NEC_CM01_RP03,457,460
NEC_CP00_RP02,NEC_CM02_RM01,129,129
NEC_CP00_RP02,NEC_CM02_RM02,14,14
NEC_CP00_RP02,NEC_CM02_RM03,3,3
NEC_CP00_RP02,NEC_CM02_RM04,1,1
NEC_CP00_RP02,NEC_CM02_RP00,132,132
NEC_CP00_RP02,NEC_CM02_RP01,1342,1346
NEC_CP00_RP02,NEC_CM02_RP02,5196,5231
NEC_CP00_RP02,NEC_CM03_RM01,38,38
NEC_CP00_RP02,NEC_CM03_RM02,177,177
NEC_CP00_RP02,NEC_CM03_RM03,5,5
NEC_CP00_RP02,NEC_CM03_RM04,15,15
NEC_CP00_RP02,NEC_CM03_RP00,33,33
NEC_CP00_RP02,NEC_CM03_RP01,463,463
NEC_CP00_RP02,NEC_CM03_RP02,1215,1218
NEC_CP00_RP02,NEC_CM04_RM01,10,10
NEC_CP00_RP02,NEC_CM04_RM02,93,93
NEC_CP00_RP02,NEC_CM04_RM03,2,2
NEC_CP00_RP02,NEC_CM04_RM04,18,18
NEC_CP00_RP02,NEC_CM04_RP00,9,9
NEC_CP00_RP02,NEC_CM04_RP01,51,51
NEC_CP00_RP02,NEC_CM05_RM01,9,9
NEC_CP00_RP02,NEC_CM05_RM02,4,4
NEC_CP00_RP02,NEC_CM05_RM03,9,9
NEC_CP00_RP02,NEC_CM05_RM04,1,1
NEC_CP00_RP02,NEC_CM05_RP00,6,6
NEC_CP00_RP02,NEC_CP00_RM01,123,123
NEC_CP00_RP02,NEC_CP00_RP00,31056,31202
NEC_CP00_RP02,NEC_CP00_RP01,11089,11531
NEC_CP00_RP02,NEC_CP00_RP02,279521,321976
NEC_CP00_RP02,NEC_CP00_RP03,8379,8638
NEC_CP00_RP02,NEC_CP01_RP00,4052,4062
NEC_CP00_RP02,NEC_CP01_RP01,900,902
NEC_CP00_RP02,NEC_CP01_RP02,3312,3390
NEC_CP00_RP02,NEC_CP01_RP03,684,690
NEC_CP00_RP02,NEC_CP01_RP04,328,328
NEC_CP00_RP02,NEC_CP02_RP00,114,114
NEC_CP00_RP02,NEC_CP02_RP01,112,112
NEC_CP00_RP02,NEC_CP02_RP02,223,223
NEC_CP00_RP02,NEC_CP02_RP03,69,69
NEC_CP00_RP02,NEC_CP02_RP04,28,28
NEC_CP00_RP02,NEC_CP03_RP00,2,2
NEC_CP00_RP02,NEC_CP03_RP01,325,325
NEC_CP00_RP02,NEC_CP03_RP02,1211,1211
NEC_CP00_RP02,NEC_CP03_RP03,59,59
NEC_CP00_RP02,NEC_CP03_RP04,13,13
NEC_CP00_RP02,NEC_CP04_RP01,26,26
NEC_CP00_RP02,NEC_CP04_RP03,52,52
NEC_CP00_RP02,NEC_CP04_RP04,8,8
NEC_CP00_RP02,NEC_CP05_RP04,3,3
NEC_CP00_RP03,NEC_CM01_RM01,25,25
NEC_CP00_RP03,NEC_CM01_RM02,1,1
NEC_CP00_RP03,NEC_CM01_RP00,39,39
NEC_CP00_RP03,NEC_CM01_RP01,173,173
NEC_CP00_RP03,NEC_CM01_RP02,1071,1082
NEC_CP00_RP03,NEC_CM01_RP03,288,315
NEC_CP00_RP03,NEC_CM02_RM01,3,3
NEC_CP00_RP03,NEC_CM02_RM02,4,4
NEC_CP00_RP03,NEC_CM02_RP00,10,10
NEC_CP00_RP03,NEC_CM02_RP01,282,283
NEC_CP00_RP03,NEC_CM02_RP02,978,980
NEC_CP00_RP03,NEC_CM03_RM01,3,3
NEC_CP00_RP03,NEC_CM03_RM02,18,18
NEC_CP00_RP03,NEC_CM03_RM03,2,2
NEC_CP00_RP03,NEC_CM03_RM04,2,2
NEC_CP00_RP03,NEC_CM03_RP00,7,7
NEC_CP00_RP03,NEC_CM03_RP01,122,122
NEC_CP00_RP03,NEC_CM03_RP02,335,335
NEC_CP00_RP03,NEC_CM04_RM02,4,4
NEC_CP00_RP03,NEC_CM04_RM03,1,1
NEC_CP00_RP03,NEC_CM04_RM04,4,4
NEC_CP00_RP03,NEC_CM04_RP00,2,2
NEC_CP00_RP03,NEC_CM04_RP01,12,12
NEC_CP00_RP03,NEC_CM05_RM02,1,1
NEC_CP00_RP03,NEC_CM05_RM03,1,1
NEC_CP00_RP03,NEC_CM05_RP00,1,1
NEC_CP00_RP03,NEC_CP00_RM01,11,11
NEC_CP00_RP03,NEC_CP00_RP00,3052,3057
NEC_CP00_RP03,NEC_CP00_RP01,720,720
NEC_CP00_RP03,NEC_CP00_RP02,21042,22258
NEC_CP00_RP03,NEC_CP00_RP03,29817,34518
NEC_CP00_RP03,NEC_CP01_RP00,427,428
NEC_CP00_RP03,NEC_CP01_RP01,63,63
NEC_CP00_RP03,NEC_CP01_RP02,430,434
NEC_CP00_RP03,NEC_CP01_RP03,1517,1563
NEC_CP00_RP03,NEC_CP01_RP04,639,675
NEC_CP00_RP03,NEC_CP02_RP00,13,13
NEC_CP00_RP03,NEC_CP02_RP01,14,14
NEC_CP00_RP03,NEC_CP02_RP02,18,18
NEC_CP00_RP03,NEC_CP02_RP03,16,16
NEC_CP00_RP03,NEC_CP02_RP04,27,27
NEC_CP00_RP03,NEC_CP03_RP01,31,31
NEC_CP00_RP03,NEC_CP03_RP02,116,116
NEC_CP00_RP03,NEC_CP03_RP03,12,12
NEC_CP00_RP03,NEC_CP04_RP01,1,1
NEC_CP00_RP03,NEC_CP04_RP03,4,4
NEC_CP00_RP03,NEC_CP05_RP04,3,3
NEC_CP01_RP00,NEC_CM01_RM01,1576,1577
NEC_CP01_RP00,NEC_CM01_RM02,176,176
NEC_CP01_RP00,NEC_CM01_RM03,16,16
NEC_CP01_RP00,NEC_CM01_RP00,1292,1292
NEC_CP01_RP00,NEC_CM01_RP01,1877,1891
NEC_CP01_RP00,NEC_CM01_RP02,621,621
NEC_CP01_RP00,NEC_CM01_RP03,48,48
NEC_CP01_RP00,NEC_CM02_RM01,616,616
NEC_CP01_RP00,NEC_CM02_RM02,89,89
NEC_CP01_RP00,NEC_CM02_RM03,18,18
NEC_CP01_RP00,NEC_CM02_RM04,2,2
NEC_CP01_RP00,NEC_CM02_RP00,352,352
NEC_CP01_RP00,NEC_CM02_RP01,707,708
NEC_CP01_RP00,NEC_CM02_RP02,1598,1601
NEC_CP01_RP00,NEC_CM03_RM01,224,224
NEC_CP01_RP00,NEC_CM03_RM02,632,632
NEC_CP01_RP00,NEC_CM03_RM03,16,16
NEC_CP01_RP00,NEC_CM03_RM04,25,25
NEC_CP01_RP00,NEC_CM03_RP00,100,100
NEC_CP01_RP00,NEC_CM03_RP01,122,122
NEC_CP01_RP00,NEC_CM03_RP02,325,325
NEC_CP01_RP00,NEC_CM04_RM01,16,16
NEC_CP01_RP00,NEC_CM04_RM02,338,338
NEC_CP01_RP00,NEC_CM04_RM03,24,24
NEC_CP01_RP00,NEC_CM04_RM04,59,59
NEC_CP01_RP00,NEC_CM04_RP00,11,11
NEC_CP01_RP00,NEC_CM04_RP01,3,3
NEC_CP01_RP00,NEC_CM05_RM01,14,14
NEC_CP01_RP00,NEC_CM05_RM02,7,7
NEC_CP01_RP00,NEC_CM05_RM03,28,28
NEC_CP01_RP00,NEC_CM05_RM04,5,5
NEC_CP01_RP00,NEC_CM05_RP00,7,7
NEC_CP01_RP00,NEC_CP00_RM01,548,548
NEC_CP01_RP00,NEC_CP00_RM02,8,8
NEC_CP01_RP00,NEC_CP00_RP00,315127,323680
NEC_CP01_RP00,NEC_CP00_RP01,9860,10032
NEC_CP01_RP00,NEC_CP00_RP02,6219,6261
NEC_CP01_RP00,NEC_CP00_RP03,471,471
NEC_CP01_RP00,NEC_CP01_RP00,560240,625011
NEC_CP01_RP00,NEC_CP01_RP01,68585,71481
NEC_CP01_RP00,NEC_CP01_RP02,385,385
NEC_CP01_RP00,NEC_CP01_RP03,180,180
NEC_CP01_RP00,NEC_CP01_RP04,168,168
NEC_CP01_RP00,NEC_CP02_RP00,13387,13920
NEC_CP01_RP00,NEC_CP02_RP01,7040,7141
NEC_CP01_RP00,NEC_CP02_RP02,568,568
NEC_CP01_RP00,NEC_CP02_RP03,102,102
NEC_CP01_RP00,NEC_CP02_RP04,13,13
NEC_CP01_RP00,NEC_CP03_RP00,8,8
NEC_CP01_RP00,NEC_CP03_RP01,1321,1321
NEC_CP01_RP00,NEC_CP03_RP02,3465,3468
NEC_CP01_RP00,NEC_CP03_RP03,104,104
NEC_CP01_RP00,NEC_CP03_RP04,17,17
NEC_CP01_RP00,NEC_CP04_RP00,14,14
NEC_CP01_RP00,NEC_CP04_RP01,154,154
NEC_CP01_RP00,NEC_CP04_RP03,64,64
NEC_CP01_RP00,NEC_CP04_RP04,34,34
NEC_CP01_RP00,NEC_CP05_RP04,8,8
NEC_CP01_RP01,NEC_CM01_RM01,970,970
NEC_CP01_RP01,NEC_CM01_RM02,120,120
NEC_CP01_RP01,NEC_CM01_RM03,8,8
NEC_CP01_RP01,NEC_CM01_RP00,581,581
NEC_CP01_RP01,NEC_CM01_RP01,160,160
NEC_CP01_RP01,NEC_CM01_RP02,147,147
NEC_CP01_RP01,NEC_CM01_RP03,19,19
NEC_CP01_RP01,NEC_CM02_RM01,394,394
NEC_CP01_RP01,NEC_CM02_RM02,33,33
NEC_CP01_RP01,NEC_CM02_RM03,18,18
NEC_CP01_RP01,NEC_CM02_RM04,2,2
NEC_CP01_RP01,NEC_CM02_RP00,195,195
NEC_CP01_RP01,NEC_CM02_RP01,130,130
NEC_CP01_RP01,NEC_CM02_RP02,299,300
NEC_CP01_RP01,NEC_CM03_RM01,94,94
NEC_CP01_RP01,NEC_CM03_RM02,501,502
NEC_CP01_RP01,NEC_CM03_RM03,17,17
NEC_CP01_RP01,NEC_CM03_RM04,24,24
NEC_CP01_RP01,NEC_CM03_RP00,55,55
NEC_CP01_RP01,NEC_CM03_RP01,35,35
NEC_CP01_RP01,NEC_CM03_RP02,92,92
NEC_CP01_RP01,NEC_CM04_RM01,15,15
NEC_CP01_RP01,NEC_CM04_RM02,199,199
NEC_CP01_RP01,NEC_CM04_RM03,19,19
NEC_CP01_RP01,NEC_CM04_RM04,34,34
NEC_CP01_RP01,NEC_CM04_RP00,13,13
NEC_CP01_RP01,NEC_CM04_RP01,1,1
NEC_CP01_RP01,NEC_CM05_RM01,11,11
NEC_CP01_RP01,NEC_CM05_RM02,19,19
NEC_CP01_RP01,NEC_CM05_RM03,15,15
NEC_CP01_RP01,NEC_CM05_RM04,4,4
NEC_CP01_RP01,NEC_CM05_RP00,10,10
NEC_CP01_RP01,NEC_CP00_RM01,261,261
NEC_CP01_RP01,NEC_CP00_RM02,2,2
NEC_CP01_RP01,NEC_CP00_RP00,33988,34285
NEC_CP01_RP01,NEC_CP00_RP01,14284,15628
NEC_CP01_RP01,NEC_CP00_RP02,1155,1156
NEC_CP01_RP01,NEC_CP00_RP03,76,76
NEC_CP01_RP01,NEC_CP01_RP00,87562,95848
NEC_CP01_RP01,NEC_CP01_RP01,619277,691974
NEC_CP01_RP01,NEC_CP01_RP02,18868,19944
NEC_CP01_RP01,NEC_CP01_RP03,228,229
NEC_CP01_RP01,NEC_CP01_RP04,406,406
NEC_CP01_RP01,NEC_CP02_RP00,3579,3628
NEC_CP01_RP01,NEC_CP02_RP01,31999,33158
NEC_CP01_RP01,NEC_CP02_RP02,8789,8872
NEC_CP01_RP01,NEC_CP02_RP03,246,246
NEC_CP01_RP01,NEC_CP02_RP04,55,55
NEC_CP01_RP01,NEC_CP03_RP00,8,8
NEC_CP01_RP01,NEC_CP03_RP01,7622,7647
NEC_CP01_RP01,NEC_CP03_RP02,21885,21965
NEC_CP01_RP01,NEC_CP03_RP03,268,268
NEC_CP01_RP01,NEC_CP03_RP04,33,33
NEC_CP01_RP01,NEC_CP04_RP00,18,18
NEC_CP01_RP01,NEC_CP04_RP01,703,703
NEC_CP01_RP01,NEC_CP04_RP03,214,214
NEC_CP01_RP01,NEC_CP04_RP04,61,61
NEC_CP01_RP01,NEC_CP05_RP04,20,20
NEC_CP01_RP02,NEC_CM01_RM01,81,81
NEC_CP01_RP02,NEC_CM01_RM02,7,7
NEC_CP01_RP02,NEC_CM01_RM03,1,1
NEC_CP01_RP02,NEC_CM01_RP00,56,56
NEC_CP01_RP02,NEC_CM01_RP01,24,24
NEC_CP01_RP02,NEC_CM01_RP02,81,81
NEC_CP01_RP02,NEC_CM01_RP03,11,11
NEC_CP01_RP02,NEC_CM02_RM01,35,35
NEC_CP01_RP02,NEC_CM02_RM02,5,5
NEC_CP01_RP02,NEC_CM02_RM03,2,2
NEC_CP01_RP02,NEC_CM02_RP00,41,41
NEC_CP01_RP02,NEC_CM02_RP01,36,37
NEC_CP01_RP02,NEC_CM02_RP02,156,156
NEC_CP01_RP02,NEC_CM03_RM01,13,13
NEC_CP01_RP02,NEC_CM03_RM02,80,80
NEC_CP01_RP02,NEC_CM03_RM03,3,3
NEC_CP01_RP02,NEC_CM03_RM04,5,5
NEC_CP01_RP02,NEC_CM03_RP00,3,3
NEC_CP01_RP02,NEC_CM03_RP01,15,15
NEC_CP01_RP02,NEC_CM03_RP02,42,42
NEC_CP01_RP02,NEC_CM04_RM01,4,4
NEC_CP01_RP02,NEC_CM04_RM02,40,40
NEC_CP01_RP02,NEC_CM04_RM03,5,5
NEC_CP01_RP02,NEC_CM04_RM04,7,7
NEC_CP01_RP02,NEC_CM04_RP00,1,1
NEC_CP01_RP02,NEC_CM04_RP01,2,2
NEC_CP01_RP02,NEC_CM05_RM02,2,2
NEC_CP01_RP02,NEC_CM05_RM03,1,1
NEC_CP01_RP02,NEC_CM05_RM04,1,1
NEC_CP01_RP02,NEC_CM05_RP00,2,2
NEC_CP01_RP02,NEC_CP00_RM01,23,23
NEC_CP01_RP02,NEC_CP00_RP00,1487,1489
NEC_CP01_RP02,NEC_CP00_RP01,517,518
NEC_CP01_RP02,NEC_CP00_RP02,4080,4156
NEC_CP01_RP02,NEC_CP00_RP03,474,477
NEC_CP01_RP02,NEC_CP01_RP00,378,378
NEC_CP01_RP02,NEC_CP01_RP01,18467,19506
NEC_CP01_RP02,NEC_CP01_RP02,76568,90639
NEC_CP01_RP02,NEC_CP01_RP03,3534,3789
NEC_CP01_RP02,NEC_CP01_RP04,1980,1992
NEC_CP01_RP02,NEC_CP02_RP00,36,36
NEC_CP01_RP02,NEC_CP02_RP01,1905,1915
NEC_CP01_RP02,NEC_CP02_RP02,8003,8222
NEC_CP01_RP02,NEC_CP02_RP03,1395,1437
NEC_CP01_RP02,NEC_CP02_RP04,234,235
NEC_CP01_RP02,NEC_CP03_RP01,3454,3461
NEC_CP01_RP02,NEC_CP03_RP02,12776,12830
NEC_CP01_RP02,NEC_CP03_RP03,313,314
NEC_CP01_RP02,NEC_CP03_RP04,51,51
NEC_CP01_RP02,NEC_CP04_RP00,20,20
NEC_CP01_RP02,NEC_CP04_RP01,322,322
NEC_CP01_RP02,NEC_CP04_RP03,73,73
NEC_CP01_RP02,NEC_CP04_RP04,39,39
NEC_CP01_RP02,NEC_CP05_RP04,10,10
NEC_CP01_RP03,NEC_CM01_RM01,20,20
NEC_CP01_RP03,NEC_CM01_RM02,2,2
NEC_CP01_RP03,NEC_CM01_RP00,13,13
NEC_CP01_RP03,NEC_CM01_RP01,20,20
NEC_CP01_RP03,NEC_CM01_RP02,72,72
NEC_CP01_RP03,NEC_CM01_RP03,23,23
NEC_CP01_RP03,NEC_CM02_RM01,5,5
NEC_CP01_RP03,NEC_CM02_RM02,1,1
NEC_CP01_RP03,NEC_CM02_RP00,5,5
NEC_CP01_RP03,NEC_CM02_RP01,22,22
NEC_CP01_RP03,NEC_CM02_RP02,85,85
NEC_CP01_RP03,NEC_CM03_RM01,4,4
NEC_CP01_RP03,NEC_CM03_RM02,37,37
NEC_CP01_RP03,NEC_CM03_RM03,1,1
NEC_CP01_RP03,NEC_CM03_RM04,1,1
NEC_CP01_RP03,NEC_CM03_RP00,1,1
NEC_CP01_RP03,NEC_CM03_RP01,8,8
NEC_CP01_RP03,NEC_CM03_RP02,29,29
NEC_CP01_RP03,NEC_CM04_RM01,1,1
NEC_CP01_RP03,NEC_CM04_RM02,14,14
NEC_CP01_RP03,NEC_CM04_RM03,2,2
NEC_CP01_RP03,NEC_CM04_RM04,1,1
NEC_CP01_RP03,NEC_CM04_RP00,1,1
NEC_CP01_RP03,NEC_CM04_RP01,3,3
NEC_CP01_RP03,NEC_CM05_RM01,2,2
NEC_CP01_RP03,NEC_CM05_RM02,1,1
NEC_CP01_RP03,NEC_CM05_RP00,2,2
NEC_CP01_RP03,NEC_CP00_RM01,1,1
NEC_CP01_RP03,NEC_CP00_RP00,426,427
NEC_CP01_RP03,NEC_CP00_RP01,93,93
NEC_CP01_RP03,NEC_CP00_RP02,1652,1678
NEC_CP01_RP03,NEC_CP00_RP03,2017,2103
NEC_CP01_RP03,NEC_CP01_RP00,83,83
NEC_CP01_RP03,NEC_CP01_RP01,125,125
NEC_CP01_RP03,NEC_CP01_RP02,3752,3913
NEC_CP01_RP03,NEC_CP01_RP03,30502,35995
NEC_CP01_RP03,NEC_CP01_RP04,8785,9268
NEC_CP01_RP03,NEC_CP02_RP00,3,3
NEC_CP01_RP03,NEC_CP02_RP01,35,35
NEC_CP01_RP03,NEC_CP02_RP02,976,1002
NEC_CP01_RP03,NEC_CP02_RP03,6038,6612
NEC_CP01_RP03,NEC_CP02_RP04,628,629
NEC_CP01_RP03,NEC_CP03_RP01,80,80
NEC_CP01_RP03,NEC_CP03_RP02,870,870
NEC_CP01_RP03,NEC_CP03_RP03,221,221
NEC_CP01_RP03,NEC_CP03_RP04,25,25
NEC_CP01_RP03,NEC_CP04_RP00,1,1
NEC_CP01_RP03,NEC_CP04_RP01,14,14
NEC_CP01_RP03,NEC_CP04_RP03,26,26
NEC_CP01_RP03,NEC_CP04_RP04,21,21
NEC_CP01_RP03,NEC_CP05_RP04,1,1
NEC_CP01_RP04,NEC_CM01_RM01,60,60
NEC_CP01_RP04,NEC_CM01_RM02,8,8
NEC_CP01_RP04,NEC_CM01_RM03,6,6
NEC_CP01_RP04,NEC_CM01_RP00,20,20
NEC_CP01_RP04,NEC_CM01_RP01,6,6
NEC_CP01_RP04,NEC_CM01_RP02,28,28
NEC_CP01_RP04,NEC_CM01_RP03,7,7
NEC_CP01_RP04,NEC_CM02_RM01,28,28
NEC_CP01_RP04,NEC_CM02_RM02,2,2
NEC_CP01_RP04,NEC_CM02_RM03,2,2
NEC_CP01_RP04,NEC_CM02_RM04,3,3
NEC_CP01_RP04,NEC_CM02_RP00,11,11
NEC_CP01_RP04,NEC_CM02_RP01,8,8
NEC_CP01_RP04,NEC_CM02_RP02,80,80
NEC_CP01_RP04,NEC_CM03_RM01,11,11
NEC_CP01_RP04,NEC_CM03_RM02,75,75
NEC_CP01_RP04,NEC_CM03_RM03,3,3
NEC_CP01_RP04,NEC_CM03_RP00,4,4
NEC_CP01_RP04,NEC_CM03_RP01,1,1
NEC_CP01_RP04,NEC_CM03_RP02,24,24
NEC_CP01_RP04,NEC_CM04_RM01,6,6
NEC_CP01_RP04,NEC_CM04_RM02,52,52
NEC_CP01_RP04,NEC_CM04_RM04,1,1
NEC_CP01_RP04,NEC_CM04_RP00,2,2
NEC_CP01_RP04,NEC_CM05_RM02,3,3
NEC_CP01_RP04,NEC_CM05_RP00,1,1
NEC_CP01_RP04,NEC_CP00_RM01,9,9
NEC_CP01_RP04,NEC_CP00_RP00,532,532
NEC_CP01_RP04,NEC_CP00_RP01,76,76
NEC_CP01_RP04,NEC_CP00_RP02,367,368
NEC_CP01_RP04,NEC_CP00_RP03,173,174
NEC_CP01_RP04,NEC_CP01_RP00,109,109
NEC_CP01_RP04,NEC_CP01_RP01,247,247
NEC_CP01_RP04,NEC_CP01_RP02,1429,1431
NEC_CP01_RP04,NEC_CP01_RP03,4563,4673
NEC_CP01_RP04,NEC_CP01_RP04,103612,125903
NEC_CP01_RP04,NEC_CP02_RP00,8,8
NEC_CP01_RP04,NEC_CP02_RP01,65,65
NEC_CP01_RP04,NEC_CP02_RP02,307,307
NEC_CP01_RP04,NEC_CP02_RP03,2669,2849
NEC_CP01_RP04,NEC_CP02_RP04,2203,2246
NEC_CP01_RP04,NEC_CP03_RP01,207,207
NEC_CP01_RP04,NEC_CP03_RP02,1153,1154
NEC_CP01_RP04,NEC_CP03_RP03,198,198
NEC_CP01_RP04,NEC_CP03_RP04,122,123
NEC_CP01_RP04,NEC_CP04_RP00,2,2
NEC_CP01_RP04,NEC_CP04_RP01,35,35
NEC_CP01_RP04,NEC_CP04_RP03,112,112
NEC_CP01_RP04,NEC_CP04_RP04,59,59
NEC_CP01_RP04,NEC_CP05_RP04,17,17
NEC_CP02_RP00,NEC_CM01_RM01,78,78
NEC_CP02_RP00,NEC_CM01_RM02,10,10
NEC_CP02_RP00,NEC_CM01_RP00,48,48
NEC_CP02_RP00,NEC_CM01_RP01,88,88
NEC_CP02_RP00,NEC_CM01_RP02,39,40
NEC_CP02_RP00,NEC_CM01_RP03,2,2
NEC_CP02_RP00,NEC_CM02_RM01,27,27
NEC_CP02_RP00,NEC_CM02_RM02,4,4
NEC_CP02_RP00,NEC_CM02_RP00,25,25
NEC_CP02_RP00,NEC_CM02_RP01,41,41
NEC_CP02_RP00,NEC_CM02_RP02,74,74
NEC_CP02_RP00,NEC_CM03_RM01,3,3
NEC_CP02_RP00,NEC_CM03_RM02,25,25
NEC_CP02_RP00,NEC_CM03_RM04,7,7
NEC_CP02_RP00,NEC_CM03_RP00,3,3
NEC_CP02_RP00,NEC_CM03_RP01,10,10
NEC_CP02_RP00,NEC_CM03_RP02,17,17
NEC_CP02_RP00,NEC_CM04_RM01,1,1
NEC_CP02_RP00,NEC_CM04_RM02,15,15
NEC_CP02_RP00,NEC_CM04_RM03,1,1
NEC_CP02_RP00,NEC_CM04_RM04,4,4
NEC_CP02_RP00,NEC_CM04_RP00,1,1
NEC_CP02_RP00,NEC_CM05_RM01,5,5
NEC_CP02_RP00,NEC_CM05_RM02,1,1
NEC_CP02_RP00,NEC_CM05_RM03,1,1
NEC_CP02_RP00,NEC_CP00_RM01,26,26
NEC_CP02_RP00,NEC_CP00_RP00,8475,8508
NEC_CP02_RP00,NEC_CP00_RP01,361,362
NEC_CP02_RP00,NEC_CP00_RP02,362,364
NEC_CP02_RP00,NEC_CP00_RP03,24,24
NEC_CP02_RP00,NEC_CP01_RP00,10045,10365
NEC_CP02_RP00,NEC_CP01_RP01,5690,5788
NEC_CP02_RP00,NEC_CP01_RP02,35,35
NEC_CP02_RP00,NEC_CP01_RP03,12,12
NEC_CP02_RP00,NEC_CP01_RP04,9,9
NEC_CP02_RP00,NEC_CP02_RP00,17474,19901
NEC_CP02_RP00,NEC_CP02_RP01,7859,10048
NEC_CP02_RP00,NEC_CP02_RP02,62,62
NEC_CP02_RP00,NEC_CP02_RP03,10,10
NEC_CP02_RP00,NEC_CP03_RP00,81,106
NEC_CP02_RP00,NEC_CP03_RP01,652,658
NEC_CP02_RP00,NEC_CP03_RP02,370,371
NEC_CP02_RP00,NEC_CP03_RP03,11,11
NEC_CP02_RP00,NEC_CP03_RP04,4,4
NEC_CP02_RP00,NEC_CP04_RP00,2,2
NEC_CP02_RP00,NEC_CP04_RP01,17,17
NEC_CP02_RP00,NEC_CP04_RP03,5,5
NEC_CP02_RP00,NEC_CP04_RP04,5,5
NEC_CP02_RP01,NEC_CM01_RM01,278,278
NEC_CP02_RP01,NEC_CM01_RM02,24,24
NEC_CP02_RP01,NEC_CM01_RM03,1,1
NEC_CP02_RP01,NEC_CM01_RP00,153,153
NEC_CP02_RP01,NEC_CM01_RP01,31,31
NEC_CP02_RP01,NEC_CM01_RP02,39,39
NEC_CP02_RP01,NEC_CM01_RP03,3,3
NEC_CP02_RP01,NEC_CM02_RM01,78,78
NEC_CP02_RP01,NEC_CM02_RM02,9,9
NEC_CP02_RP01,NEC_CM02_RM03,3,3
NEC_CP02_RP01,NEC_CM02_RM04,2,2
NEC_CP02_RP01,NEC_CM02_RP00,60,60
NEC_CP02_RP01,NEC_CM02_RP01,31,31
NEC_CP02_RP01,NEC_CM02_RP02,80,80
NEC_CP02_RP01,NEC_CM03_RM01,21,21
NEC_CP02_RP01,NEC_CM03_RM02,153,153
NEC_CP02_RP01,NEC_CM03_RM03,7,7
NEC_CP02_RP01,NEC_CM03_RM04,23,23
NEC_CP02_RP01,NEC_CM03_RP00,10,10
NEC_CP02_RP01,NEC_CM03_RP01,3,3
NEC_CP02_RP01,NEC_CM03_RP02,23,23
NEC_CP02_RP01,NEC_CM04_RM01,8,8
NEC_CP02_RP01,NEC_CM04_RM02,102,102
NEC_CP02_RP01,NEC_CM04_RM03,7,7
NEC_CP02_RP01,NEC_CM04_RM04,19,19
NEC_CP02_RP01,NEC_CM04_RP00,13,13
NEC_CP02_RP01,NEC_CM04_RP01,2,2
NEC_CP02_RP01,NEC_CM05_RM01,2,2
NEC_CP02_RP01,NEC_CM05_RM02,5,5
NEC_CP02_RP01,NEC_CM05_RM03,6,6
NEC_CP02_RP01,NEC_CM05_RM04,1,1
NEC_CP02_RP01,NEC_CM05_RP00,6,6
NEC_CP02_RP01,NEC_CP00_RM01,92,92
NEC_CP02_RP01,NEC_CP00_RP00,4569,4577
NEC_CP02_RP01,NEC_CP00_RP01,809,810
NEC_CP02_RP01,NEC_CP00_RP02,214,214
NEC_CP02_RP01,NEC_CP00_RP03,24,24
NEC_CP02_RP01,NEC_CP01_RP00,11151,11301
NEC_CP02_RP01,NEC_CP01_RP01,75421,80152
NEC_CP02_RP01,NEC_CP01_RP02,3447,3570
NEC_CP02_RP01,NEC_CP01_RP03,92,92
NEC_CP02_RP01,NEC_CP01_RP04,175,175
NEC_CP02_RP01,NEC_CP02_RP00,8684,9770
NEC_CP02_RP01,NEC_CP02_RP01,141142,169387
NEC_CP02_RP01,NEC_CP02_RP02,33684,36030
NEC_CP02_RP01,NEC_CP02_RP03,152,152
NEC_CP02_RP01,NEC_CP02_RP04,40,40
NEC_CP02_RP01,NEC_CP03_RP00,31,31
NEC_CP02_RP01,NEC_CP03_RP01,62701,65299
NEC_CP02_RP01,NEC_CP03_RP02,33726,34283
NEC_CP02_RP01,NEC_CP03_RP03,174,174
NEC_CP02_RP01,NEC_CP03_RP04,50,50
NEC_CP02_RP01,NEC_CP04_RP00,29,29
NEC_CP02_RP01,NEC_CP04_RP01,675,675
NEC_CP02_RP01,NEC_CP04_RP03,134,134
NEC_CP02_RP01,NEC_CP04_RP04,63,63
NEC_CP02_RP01,NEC_CP05_RP04,19,19
NEC_CP02_RP02,NEC_CM01_RM01,153,153
NEC_CP02_RP02,NEC_CM01_RM02,18,18
NEC_CP02_RP02,NEC_CM01_RM03,2,2
NEC_CP02_RP02,NEC_CM01_RP00,130,130
NEC_CP02_RP02,NEC_CM01_RP01,39,39
NEC_CP02_RP02,NEC_CM01_RP02,41,41
NEC_CP02_RP02,NEC_CM01_RP03,4,4
NEC_CP02_RP02,NEC_CM02_RM01,66,66
NEC_CP02_RP02,NEC_CM02_RM02,5,5
NEC_CP02_RP02,NEC_CM02_RM03,9,9
NEC_CP02_RP02,NEC_CM02_RM04,3,3
NEC_CP02_RP02,NEC_CM02_RP00,48,48
NEC_CP02_RP02,NEC_CM02_RP01,19,19
NEC_CP02_RP02,NEC_CM02_RP02,125,125
NEC_CP02_RP02,NEC_CM03_RM01,29,29
NEC_CP02_RP02,NEC_CM03_RM02,197,197
NEC_CP02_RP02,NEC_CM03_RM03,6,6
NEC_CP02_RP02,NEC_CM03_RM04,8,8
NEC_CP02_RP02,NEC_CM03_RP00,13,13
NEC_CP02_RP02,NEC_CM03_RP01,2,2
NEC_CP02_RP02,NEC_CM03_RP02,44,44
NEC_CP02_RP02,NEC_CM04_RM01,8,8
NEC_CP02_RP02,NEC_CM04_RM02,117,117
NEC_CP02_RP02,NEC_CM04_RM03,10,10
NEC_CP02_RP02,NEC_CM04_RM04,16,16
NEC_CP02_RP02,NEC_CM04_RP00,9,9
NEC_CP02_RP02,NEC_CM05_RM01,5,5
NEC_CP02_RP02,NEC_CM05_RM02,6,6
NEC_CP02_RP02,NEC_CM05_RM03,6,6
NEC_CP02_RP02,NEC_CM05_RP00,3,3
NEC_CP02_RP02,NEC_CP00_RM01,77,77
NEC_CP02_RP02,NEC_CP00_RP00,1997,1998
NEC_CP02_RP02,NEC_CP00_RP01,218,218
NEC_CP02_RP02,NEC_CP00_RP02,425,425
NEC_CP02_RP02,NEC_CP00_RP03,44,44
NEC_CP02_RP02,NEC_CP01_RP00,682,682
NEC_CP02_RP02,NEC_CP01_RP01,11112,11427
NEC_CP02_RP02,NEC_CP01_RP02,10794,11433
NEC_CP02_RP02,NEC_CP01_RP03,738,758
NEC_CP02_RP02,NEC_CP01_RP04,546,547
NEC_CP02_RP02,NEC_CP02_RP00,71,71
NEC_CP02_RP02,NEC_CP02_RP01,17732,18576
NEC_CP02_RP02,NEC_CP02_RP02,194320,219149
NEC_CP02_RP02,NEC_CP02_RP03,10019,10479
NEC_CP02_RP02,NEC_CP02_RP04,436,436
NEC_CP02_RP02,NEC_CP03_RP00,3,3
NEC_CP02_RP02,NEC_CP03_RP01,19837,19997
NEC_CP02_RP02,NEC_CP03_RP02,152699,161340
NEC_CP02_RP02,NEC_CP03_RP03,4216,4299
NEC_CP02_RP02,NEC_CP03_RP04,408,409
NEC_CP02_RP02,NEC_CP04_RP00,39,39
NEC_CP02_RP02,NEC_CP04_RP01,1284,1284
NEC_CP02_RP02,NEC_CP04_RP03,344,344
NEC_CP02_RP02,NEC_CP04_RP04,154,154
NEC_CP02_RP02,NEC_CP05_RP04,29,29
NEC_CP02_RP03,NEC_CM01_RM01,27,27
NEC_CP02_RP03,NEC_CM01_RM02,6,6
NEC_CP02_RP03,NEC_CM01_RM03,1,1
NEC_CP02_RP03,NEC_CM01_RP00,23,23
NEC_CP02_RP03,NEC_CM01_RP01,6,6
NEC_CP02_RP03,NEC_CM01_RP02,18,18
NEC_CP02_RP03,NEC_CM01_RP03,1,1
NEC_CP02_RP03,NEC_CM02_RM01,12,12
NEC_CP02_RP03,NEC_CM02_RM02,6,6
NEC_CP02_RP03,NEC_CM02_RM04,1,1
NEC_CP02_RP03,NEC_CM02_RP00,6,6
NEC_CP02_RP03,NEC_CM02_RP01,4,4
NEC_CP02_RP03,NEC_CM02_RP02,34,34
NEC_CP02_RP03,NEC_CM03_RM01,10,10
NEC_CP02_RP03,NEC_CM03_RM02,71,71
NEC_CP02_RP03,NEC_CM03_RM03,2,2
NEC_CP02_RP03,NEC_CM03_RP00,2,2
NEC_CP02_RP03,NEC_CM03_RP01,1,1
NEC_CP02_RP03,NEC_CM03_RP02,20,20
NEC_CP02_RP03,NEC_CM04_RM01,3,3
NEC_CP02_RP03,NEC_CM04_RM02,36,36
NEC_CP02_RP03,NEC_CM04_RM03,2,2
NEC_CP02_RP03,NEC_CM04_RP00,3,3
NEC_CP02_RP03,NEC_CM04_RP01,1,1
NEC_CP02_RP03,NEC_CM05_RM01,2,2
NEC_CP02_RP03,NEC_CM05_RM02,4,4
NEC_CP02_RP03,NEC_CM05_RM03,2,2
NEC_CP02_RP03,NEC_CM05_RP00,1,1
NEC_CP02_RP03,NEC_CP00_RM01,5,5
NEC_CP02_RP03,NEC_CP00_RP00,342,343
NEC_CP02_RP03,NEC_CP00_RP01,41,41
NEC_CP02_RP03,NEC_CP00_RP02,148,148
NEC_CP02_RP03,NEC_CP00_RP03,84,84
NEC_CP02_RP03,NEC_CP01_RP00,129,129
NEC_CP02_RP03,NEC_CP01_RP01,273,273
NEC_CP02_RP03,NEC_CP01_RP02,946,954
NEC_CP02_RP03,NEC_CP01_RP03,2660,2724
NEC_CP02_RP03,NEC_CP01_RP04,1413,1418
NEC_CP02_RP03,NEC_CP02_RP00,13,13
NEC_CP02_RP03,NEC_CP02_RP01,134,134
NEC_CP02_RP03,NEC_CP02_RP02,8089,8417
NEC_CP02_RP03,NEC_CP02_RP03,67241,82522
NEC_CP02_RP03,NEC_CP02_RP04,2218,2385
NEC_CP02_RP03,NEC_CP03_RP01,644,644
NEC_CP02_RP03,NEC_CP03_RP02,22260,23034
NEC_CP02_RP03,NEC_CP03_RP03,9287,9597
NEC_CP02_RP03,NEC_CP03_RP04,982,989
NEC_CP02_RP03,NEC_CP04_RP00,1,1
NEC_CP02_RP03,NEC_CP04_RP01,88,88
NEC_CP02_RP03,NEC_CP04_RP03,533,533
NEC_CP02_RP03,NEC_CP04_RP04,280,280
NEC_CP02_RP03,NEC_CP05_RP04,21,21
NEC_CP02_RP04,NEC_CM01_RM01,10,10
NEC_CP02_RP04,NEC_CM01_RP00,6,6
NEC_CP02_RP04,NEC_CM01_RP01,2,2
NEC_CP02_RP04,NEC_CM01_RP02,11,11
NEC_CP02_RP04,NEC_CM01_RP03,1,1
NEC_CP02_RP04,NEC_CM02_RM01,5,5
NEC_CP02_RP04,NEC_CM02_RM02,1,1
NEC_CP02_RP04,NEC_CM02_RM03,1,1
NEC_CP02_RP04,NEC_CM02_RP00,5,5
NEC_CP02_RP04,NEC_CM02_RP02,15,15
NEC_CP02_RP04,NEC_CM03_RM02,17,17
NEC_CP02_RP04,NEC_CM03_RM03,1,1
NEC_CP02_RP04,NEC_CM03_RP01,1,1
NEC_CP02_RP04,NEC_CM03_RP02,4,4
NEC_CP02_RP04,NEC_CM04_RM01,1,1
NEC_CP02_RP04,NEC_CM04_RM02,10,10
NEC_CP02_RP04,NEC_CM04_RM04,1,1
NEC_CP02_RP04,NEC_CM05_RM03,1,1
NEC_CP02_RP04,NEC_CM05_RP00,1,1
NEC_CP02_RP04,NEC_CP00_RP00,126,126
NEC_CP02_RP04,NEC_CP00_RP01,21,21
NEC_CP02_RP04,NEC_CP00_RP02,40,40
NEC_CP02_RP04,NEC_CP00_RP03,30,30
NEC_CP02_RP04,NEC_CP01_RP00,25,25
NEC_CP02_RP04,NEC_CP01_RP01,79,79
NEC_CP02_RP04,NEC_CP01_RP02,309,309
NEC_CP02_RP04,NEC_CP01_RP03,842,847
NEC_CP02_RP04,NEC_CP01_RP04,5195,5288
NEC_CP02_RP04,NEC_CP02_RP00,4,4
NEC_CP02_RP04,NEC_CP02_RP01,28,28
NEC_CP02_RP04,NEC_CP02_RP02,489,496
NEC_CP02_RP04,NEC_CP02_RP03,3889,4081
NEC_CP02_RP04,NEC_CP02_RP04,17803,20338
NEC_CP02_RP04,NEC_CP03_RP01,77,77
NEC_CP02_RP04,NEC_CP03_RP02,1383,1384
NEC_CP02_RP04,NEC_CP03_RP03,669,673
NEC_CP02_RP04,NEC_CP03_RP04,811,826
NEC_CP02_RP04,NEC_CP04_RP00,3,3
NEC_CP02_RP04,NEC_CP04_RP01,11,11
NEC_CP02_RP04,NEC_CP04_RP03,156,156
NEC_CP02_RP04,NEC_CP04_RP04,124,124
NEC_CP02_RP04,NEC_CP05_RP04,2,2
NEC_CP03_RP00,NEC_CM02_RM01,1,1
NEC_CP03_RP00,NEC_CP00_RP00,2,2
NEC_CP03_RP00,NEC_CP00_RP01,1,1
NEC_CP03_RP00,NEC_CP01_RP01,3,3
NEC_CP03_RP00,NEC_CP02_RP00,7,9
NEC_CP03_RP00,NEC_CP02_RP01,18,18
NEC_CP03_RP00,NEC_CP02_RP02,3,3
NEC_CP03_RP00,NEC_CP03_RP00,115,153
NEC_CP03_RP00,NEC_CP03_RP01,56,56
NEC_CP03_RP00,NEC_CP03_RP02,10,10
NEC_CP03_RP00,NEC_CP04_RP01,2,2
NEC_CP03_RP00,NEC_CP04_RP04,1,1
NEC_CP03_RP01,NEC_CM01_RM01,282,282
NEC_CP03_RP01,NEC_CM01_RM02,31,31
NEC_CP03_RP01,NEC_CM01_RM03,8,8
NEC_CP03_RP01,NEC_CM01_RP00,246,246
NEC_CP03_RP01,NEC_CM01_RP01,57,57
NEC_CP03_RP01,NEC_CM01_RP02,42,42
NEC_CP03_RP01,NEC_CM01_RP03,3,3
NEC_CP03_RP01,NEC_CM02_RM01,107,107
NEC_CP03_RP01,NEC_CM02_RM02,29,30
NEC_CP03_RP01,NEC_CM02_RM03,14,14
NEC_CP03_RP01,NEC_CM02_RM04,6,6
NEC_CP03_RP01,NEC_CM02_RP00,67,67
NEC_CP03_RP01,NEC_CM02_RP01,25,25
NEC_CP03_RP01,NEC_CM02_RP02,139,139
NEC_CP03_RP01,NEC_CM03_RM01,69,69
NEC_CP03_RP01,NEC_CM03_RM02,496,496
NEC_CP03_RP01,NEC_CM03_RM03,15,15
NEC_CP03_RP01,NEC_CM03_RM04,33,33
NEC_CP03_RP01,NEC_CM03_RP00,19,19
NEC_CP03_RP01,NEC_CM03_RP01,14,14
NEC_CP03_RP01,NEC_CM03_RP02,49,49
NEC_CP03_RP01,NEC_CM04_RM01,24,24
NEC_CP03_RP01,NEC_CM04_RM02,273,273
NEC_CP03_RP01,NEC_CM04_RM03,18,18
NEC_CP03_RP01,NEC_CM04_RM04,35,35
NEC_CP03_RP01,NEC_CM04_RP00,10,10
NEC_CP03_RP01,NEC_CM04_RP01,6,6
NEC_CP03_RP01,NEC_CM05_RM01,4,4
NEC_CP03_RP01,NEC_CM05_RM02,10,10
NEC_CP03_RP01,NEC_CM05_RM03,13,13
NEC_CP03_RP01,NEC_CM05_RM04,3,3
NEC_CP03_RP01,NEC_CM05_RP00,12,12
NEC_CP03_RP01,NEC_CP00_RM01,170,170
NEC_CP03_RP01,NEC_CP00_RP00,5399,5399
NEC_CP03_RP01,NEC_CP00_RP01,297,297
NEC_CP03_RP01,NEC_CP00_RP02,395,396
NEC_CP03_RP01,NEC_CP00_RP03,43,43
NEC_CP03_RP01,NEC_CP01_RP00,1585,1587
NEC_CP03_RP01,NEC_CP01_RP01,7465,7472
NEC_CP03_RP01,NEC_CP01_RP02,3791,3839
NEC_CP03_RP01,NEC_CP01_RP03,147,147
NEC_CP03_RP01,NEC_CP01_RP04,353,353
NEC_CP03_RP01,NEC_CP02_RP00,416,417
NEC_CP03_RP01,NEC_CP02_RP01,25717,26372
NEC_CP03_RP01,NEC_CP02_RP02,25688,25986
NEC_CP03_RP01,NEC_CP02_RP03,401,401
NEC_CP03_RP01,NEC_CP02_RP04,155,155
NEC_CP03_RP01,NEC_CP03_RP00,87,87
NEC_CP03_RP01,NEC_CP03_RP01,667425,713422
NEC_CP03_RP01,NEC_CP03_RP02,244912,256079
NEC_CP03_RP01,NEC_CP03_RP03,515,515
NEC_CP03_RP01,NEC_CP03_RP04,114,114
NEC_CP03_RP01,NEC_CP04_RP00,140,140
NEC_CP03_RP01,NEC_CP04_RP01,14334,14662
NEC_CP03_RP01,NEC_CP04_RP03,337,337
NEC_CP03_RP01,NEC_CP04_RP04,186,186
NEC_CP03_RP01,NEC_CP05_RP04,41,41
NEC_CP03_RP02,NEC_CM01_RM01,724,724
NEC_CP03_RP02,NEC_CM01_RM02,49,49
NEC_CP03_RP02,NEC_CM01_RM03,10,10
NEC_CP03_RP02,NEC_CM01_RP00,276,276
NEC_CP03_RP02,NEC_CM01_RP01,85,85
NEC_CP03_RP02,NEC_CM01_RP02,66,66
NEC_CP03_RP02,NEC_CM01_RP03,9,9
NEC_CP03_RP02,NEC_CM02_RM01,269,269
NEC_CP03_RP02,NEC_CM02_RM02,50,50
NEC_CP03_RP02,NEC_CM02_RM03,24,24
NEC_CP03_RP02,NEC_CM02_RM04,8,8
NEC_CP03_RP02,NEC_CM02_RP00,101,101
NEC_CP03_RP02,NEC_CM02_RP01,38,38
NEC_CP03_RP02,NEC_CM02_RP02,364,366
NEC_CP03_RP02,NEC_CM03_RM01,82,82
NEC_CP03_RP02,NEC_CM03_RM02,1311,1312
NEC_CP03_RP02,NEC_CM03_RM03,27,27
NEC_CP03_RP02,NEC_CM03_RM04,49,49
NEC_CP03_RP02,NEC_CM03_RP00,25,25
NEC_CP03_RP02,NEC_CM03_RP01,29,29
NEC_CP03_RP02,NEC_CM03_RP02,153,154
NEC_CP03_RP02,NEC_CM04_RM01,22,22
NEC_CP03_RP02,NEC_CM04_RM02,766,769
NEC_CP03_RP02,NEC_CM04_RM03,31,31
NEC_CP03_RP02,NEC_CM04_RM04,66,66
NEC_CP03_RP02,NEC_CM04_RP00,36,36
NEC_CP03_RP02,NEC_CM04_RP01,5,5
NEC_CP03_RP02,NEC_CM05_RM01,15,15
NEC_CP03_RP02,NEC_CM05_RM02,21,21
NEC_CP03_RP02,NEC_CM05_RM03,41,41
NEC_CP03_RP02,NEC_CM05_RM04,2,2
NEC_CP03_RP02,NEC_CM05_RP00,7,7
NEC_CP03_RP02,NEC_CP00_RM01,118,119
NEC_CP03_RP02,NEC_CP00_RM02,2,2
NEC_CP03_RP02,NEC_CP00_RP00,10553,10561
NEC_CP03_RP02,NEC_CP00_RP01,563,564
NEC_CP03_RP02,NEC_CP00_RP02,1009,1011
NEC_CP03_RP02,NEC_CP00_RP03,83,83
NEC_CP03_RP02,NEC_CP01_RP00,2126,2132
NEC_CP03_RP02,NEC_CP01_RP01,10083,10102
NEC_CP03_RP02,NEC_CP01_RP02,6904,6996
NEC_CP03_RP02,NEC_CP01_RP03,304,304
NEC_CP03_RP02,NEC_CP01_RP04,1218,1218
NEC_CP03_RP02,NEC_CP02_RP00,158,158
NEC_CP03_RP02,NEC_CP02_RP01,6986,7099
NEC_CP03_RP02,NEC_CP02_RP02,73710,77309
NEC_CP03_RP02,NEC_CP02_RP03,14893,15272
NEC_CP03_RP02,NEC_CP02_RP04,768,768
NEC_CP03_RP02,NEC_CP03_RP00,5,5
NEC_CP03_RP02,NEC_CP03_RP01,89880,91485
NEC_CP03_RP02,NEC_CP03_RP02,1485983,1659385
NEC_CP03_RP02,NEC_CP03_RP03,23063,24638
NEC_CP03_RP02,NEC_CP03_RP04,957,959
NEC_CP03_RP02,NEC_CP04_RP00,159,159
NEC_CP03_RP02,NEC_CP04_RP01,5677,5686
NEC_CP03_RP02,NEC_CP04_RP03,1546,1546
NEC_CP03_RP02,NEC_CP04_RP04,647,647
NEC_CP03_RP02,NEC_CP05_RP04,144,144
NEC_CP03_RP03,NEC_CM01_RM01,55,55
NEC_CP03_RP03,NEC_CM01_RM02,11,11
NEC_CP03_RP03,NEC_CM01_RM03,1,1
NEC_CP03_RP03,NEC_CM01_RP00,12,12
NEC_CP03_RP03,NEC_CM01_RP01,6,6
NEC_CP03_RP03,NEC_CM01_RP02,8,8
NEC_CP03_RP03,NEC_CM01_RP03,1,1
NEC_CP03_RP03,NEC_CM02_RM01,11,11
NEC_CP03_RP03,NEC_CM02_RM03,4,4
NEC_CP03_RP03,NEC_CM02_RP00,9,9
NEC_CP03_RP03,NEC_CM02_RP01,6,6
NEC_CP03_RP03,NEC_CM02_RP02,31,31
NEC_CP03_RP03,NEC_CM03_RM01,15,15
NEC_CP03_RP03,NEC_CM03_RM02,94,94
NEC_CP03_RP03,NEC_CM03_RM03,3,3
NEC_CP03_RP03,NEC_CM03_RM04,5,5
NEC_CP03_RP03,NEC_CM03_RP00,6,6
NEC_CP03_RP03,NEC_CM03_RP01,5,5
NEC_CP03_RP03,NEC_CM03_RP02,17,17
NEC_CP03_RP03,NEC_CM04_RM01,4,4
NEC_CP03_RP03,NEC_CM04_RM02,41,41
NEC_CP03_RP03,NEC_CM04_RM03,3,3
NEC_CP03_RP03,NEC_CM04_RM04,6,6
NEC_CP03_RP03,NEC_CM04_RP00,4,4
NEC_CP03_RP03,NEC_CM05_RM01,2,2
NEC_CP03_RP03,NEC_CM05_RM02,1,1
NEC_CP03_RP03,NEC_CM05_RM03,1,1
NEC_CP03_RP03,NEC_CM05_RP00,2,2
NEC_CP03_RP03,NEC_CP00_RM01,9,9
NEC_CP03_RP03,NEC_CP00_RP00,425,427
NEC_CP03_RP03,NEC_CP00_RP01,39,39
NEC_CP03_RP03,NEC_CP00_RP02,103,103
NEC_CP03_RP03,NEC_CP00_RP03,32,32
NEC_CP03_RP03,NEC_CP01_RP00,96,96
NEC_CP03_RP03,NEC_CP01_RP01,346,346
NEC_CP03_RP03,NEC_CP01_RP02,249,250
NEC_CP03_RP03,NEC_CP01_RP03,72,72
NEC_CP03_RP03,NEC_CP01_RP04,196,197
NEC_CP03_RP03,NEC_CP02_RP00,10,10
NEC_CP03_RP03,NEC_CP02_RP01,182,182
NEC_CP03_RP03,NEC_CP02_RP02,4849,4976
NEC_CP03_RP03,NEC_CP02_RP03,16080,17154
NEC_CP03_RP03,NEC_CP02_RP04,526,527
NEC_CP03_RP03,NEC_CP03_RP00,2,2
NEC_CP03_RP03,NEC_CP03_RP01,1064,1064
NEC_CP03_RP03,NEC_CP03_RP02,39559,41447
NEC_CP03_RP03,NEC_CP03_RP03,83699,96614
NEC_CP03_RP03,NEC_CP03_RP04,3223,3316
NEC_CP03_RP03,NEC_CP04_RP00,1,1
NEC_CP03_RP03,NEC_CP04_RP01,147,147
NEC_CP03_RP03,NEC_CP04_RP03,28453,30189
NEC_CP03_RP03,NEC_CP04_RP04,5337,5391
NEC_CP03_RP03,NEC_CP05_RP04,453,457
NEC_CP03_RP04,NEC_CM01_RM01,4,4
NEC_CP03_RP04,NEC_CM01_RM02,1,1
NEC_CP03_RP04,NEC_CM01_RP00,1,1
NEC_CP03_RP04,NEC_CM01_RP01,1,1
NEC_CP03_RP04,NEC_CM01_RP02,3,3
NEC_CP03_RP04,NEC_CM02_RM01,9,9
NEC_CP03_RP04,NEC_CM02_RP00,1,1
NEC_CP03_RP04,NEC_CM02_RP02,6,6
NEC_CP03_RP04,NEC_CM03_RM01,1,1
NEC_CP03_RP04,NEC_CM03_RM02,16,16
NEC_CP03_RP04,NEC_CM03_RM03,1,1
NEC_CP03_RP04,NEC_CM03_RP00,1,1
NEC_CP03_RP04,NEC_CM03_RP02,5,5
NEC_CP03_RP04,NEC_CM04_RM02,4,4
NEC_CP03_RP04,NEC_CM04_RM03,1,1
NEC_CP03_RP04,NEC_CM04_RP01,1,1
NEC_CP03_RP04,NEC_CP00_RP00,68,68
NEC_CP03_RP04,NEC_CP00_RP01,4,4
NEC_CP03_RP04,NEC_CP00_RP02,19,20
NEC_CP03_RP04,NEC_CP00_RP03,5,5
NEC_CP03_RP04,NEC_CP01_RP00,23,23
NEC_CP03_RP04,NEC_CP01_RP01,36,36
NEC_CP03_RP04,NEC_CP01_RP02,28,28
NEC_CP03_RP04,NEC_CP01_RP03,48,48
NEC_CP03_RP04,NEC_CP01_RP04,138,138
NEC_CP03_RP04,NEC_CP02_RP00,2,2
NEC_CP03_RP04,NEC_CP02_RP01,19,19
NEC_CP03_RP04,NEC_CP02_RP02,360,361
NEC_CP03_RP04,NEC_CP02_RP03,1408,1429
NEC_CP03_RP04,NEC_CP02_RP04,858,886
NEC_CP03_RP04,NEC_CP03_RP01,84,84
NEC_CP03_RP04,NEC_CP03_RP02,1800,1809
NEC_CP03_RP04,NEC_CP03_RP03,2477,2533
NEC_CP03_RP04,NEC_CP03_RP04,15725,18312
NEC_CP03_RP04,NEC_CP04_RP00,2,2
NEC_CP03_RP04,NEC_CP04_RP01,10,10
NEC_CP03_RP04,NEC_CP04_RP03,5865,6089
NEC_CP03_RP04,NEC_CP04_RP04,5956,6154
NEC_CP03_RP04,NEC_CP05_RP04,385,385
NEC_CP04_RP00,NEC_CM01_RM01,2,2
NEC_CP04_RP00,NEC_CM01_RP00,2,2
NEC_CP04_RP00,NEC_CM02_RM01,1,1
NEC_CP04_RP00,NEC_CM02_RP02,3,3
NEC_CP04_RP00,NEC_CM03_RM02,2,2
NEC_CP04_RP00,NEC_CM03_RM03,1,1
NEC_CP04_RP00,NEC_CM04_RM01,1,1
NEC_CP04_RP00,NEC_CM04_RM02,1,1
NEC_CP04_RP00,NEC_CP00_RP00,33,33
NEC_CP04_RP00,NEC_CP00_RP01,2,2
NEC_CP04_RP00,NEC_CP00_RP02,1,1
NEC_CP04_RP00,NEC_CP01_RP00,7,7
NEC_CP04_RP00,NEC_CP01_RP01,43,43
NEC_CP04_RP00,NEC_CP01_RP02,22,22
NEC_CP04_RP00,NEC_CP01_RP03,4,4
NEC_CP04_RP00,NEC_CP01_RP04,1,1
NEC_CP04_RP00,NEC_CP02_RP01,21,21
NEC_CP04_RP00,NEC_CP02_RP02,91,91
NEC_CP04_RP00,NEC_CP02_RP03,5,5
NEC_CP04_RP00,NEC_CP02_RP04,1,1
NEC_CP04_RP00,NEC_CP03_RP01,442,444
NEC_CP04_RP00,NEC_CP03_RP02,627,629
NEC_CP04_RP00,NEC_CP03_RP03,3,3
NEC_CP04_RP00,NEC_CP03_RP04,2,2
NEC_CP04_RP00,NEC_CP04_RP00,1543,2197
NEC_CP04_RP00,NEC_CP04_RP01,1245,1769
NEC_CP04_RP00,NEC_CP04_RP03,3,3
NEC_CP04_RP01,NEC_CM01_RM01,32,32
NEC_CP04_RP01,NEC_CM01_RM02,2,2
NEC_CP04_RP01,NEC_CM01_RP00,14,14
NEC_CP04_RP01,NEC_CM01_RP01,2,2
NEC_CP04_RP01,NEC_CM01_RP02,3,3
NEC_CP04_RP01,NEC_CM02_RM01,15,15
NEC_CP04_RP01,NEC_CM02_RM02,5,5
NEC_CP04_RP01,NEC_CM02_RM03,1,1
NEC_CP04_RP01,NEC_CM02_RM04,2,2
NEC_CP04_RP01,NEC_CM02_RP00,4,4
NEC_CP04_RP01,NEC_CM02_RP01,3,3
NEC_CP04_RP01,NEC_CM02_RP02,21,21
NEC_CP04_RP01,NEC_CM03_RM01,6,6
NEC_CP04_RP01,NEC_CM03_RM02,72,72
NEC_CP04_RP01,NEC_CM03_RM04,4,4
NEC_CP04_RP01,NEC_CM03_RP00,5,5
NEC_CP04_RP01,NEC_CM03_RP01,1,1
NEC_CP04_RP01,NEC_CM03_RP02,12,12
NEC_CP04_RP01,NEC_CM04_RM01,1,1
NEC_CP04_RP01,NEC_CM04_RM02,41,41
NEC_CP04_RP01,NEC_CM04_RM04,5,5
NEC_CP04_RP01,NEC_CM04_RP00,2,2
NEC_CP04_RP01,NEC_CM05_RM01,2,2
NEC_CP04_RP01,NEC_CM05_RM02,3,3
NEC_CP04_RP01,NEC_CM05_RP00,1,1
NEC_CP04_RP01,NEC_CP00_RM01,7,7
NEC_CP04_RP01,NEC_CP00_RP00,721,721
NEC_CP04_RP01,NEC_CP00_RP01,52,52
NEC_CP04_RP01,NEC_CP00_RP02,64,64
NEC_CP04_RP01,NEC_CP00_RP03,4,4
NEC_CP04_RP01,NEC_CP01_RP00,165,165
NEC_CP04_RP01,NEC_CP01_RP01,768,768
NEC_CP04_RP01,NEC_CP01_RP02,567,571
NEC_CP04_RP01,NEC_CP01_RP03,55,55
NEC_CP04_RP01,NEC_CP01_RP04,86,86
NEC_CP04_RP01,NEC_CP02_RP00,15,15
NEC_CP04_RP01,NEC_CP02_RP01,617,619
NEC_CP04_RP01,NEC_CP02_RP02,2101,2105
NEC_CP04_RP01,NEC_CP02_RP03,82,82
NEC_CP04_RP01,NEC_CP02_RP04,27,27
NEC_CP04_RP01,NEC_CP03_RP00,2,2
NEC_CP04_RP01,NEC_CP03_RP01,19332,20481
NEC_CP04_RP01,NEC_CP03_RP02,18940,19112
NEC_CP04_RP01,NEC_CP03_RP03,76,76
NEC_CP04_RP01,NEC_CP03_RP04,44,44
NEC_CP04_RP01,NEC_CP04_RP00,583,596
NEC_CP04_RP01,NEC_CP04_RP01,55739,61466
NEC_CP04_RP01,NEC_CP04_RP03,59,59
NEC_CP04_RP01,NEC_CP04_RP04,26,26
NEC_CP04_RP01,NEC_CP05_RP04,3,3
NEC_CP04_RP03,NEC_CM01_RM01,37,37
NEC_CP04_RP03,NEC_CM01_RM02,8,8
NEC_CP04_RP03,NEC_CM01_RM03,1,1
NEC_CP04_RP03,NEC_CM01_RP00,16,16
NEC_CP04_RP03,NEC_CM01_RP01,1,1
NEC_CP04_RP03,NEC_CM01_RP02,5,5
NEC_CP04_RP03,NEC_CM02_RM01,9,9
NEC_CP04_RP03,NEC_CM02_RM02,4,4
NEC_CP04_RP03,NEC_CM02_RM03,2,2
NEC_CP04_RP03,NEC_CM02_RP00,12,12
NEC_CP04_RP03,NEC_CM02_RP01,1,1
NEC_CP04_RP03,NEC_CM02_RP02,24,24
NEC_CP04_RP03,NEC_CM03_RM01,7,7
NEC_CP04_RP03,NEC_CM03_RM02,93,93
NEC_CP04_RP03,NEC_CM03_RM04,1,1
NEC_CP04_RP03,NEC_CM03_RP00,2,2
NEC_CP04_RP03,NEC_CM03_RP01,2,2
NEC_CP04_RP03,NEC_CM03_RP02,11,11
NEC_CP04_RP03,NEC_CM04_RM01,6,6
NEC_CP04_RP03,NEC_CM04_RM02,29,29
NEC_CP04_RP03,NEC_CM04_RM04,10,10
NEC_CP04_RP03,NEC_CM04_RP00,3,3
NEC_CP04_RP03,NEC_CM05_RM01,1,1
NEC_CP04_RP03,NEC_CM05_RM03,1,1
NEC_CP04_RP03,NEC_CM05_RP00,4,4
NEC_CP04_RP03,NEC_CP00_RM01,8,8
NEC_CP04_RP03,NEC_CP00_RP00,279,279
NEC_CP04_RP03,NEC_CP00_RP01,17,17
NEC_CP04_RP03,NEC_CP00_RP02,64,64
NEC_CP04_RP03,NEC_CP00_RP03,7,7
NEC_CP04_RP03,NEC_CP01_RP00,33,33
NEC_CP04_RP03,NEC_CP01_RP01,119,119
NEC_CP04_RP03,NEC_CP01_RP02,59,59
NEC_CP04_RP03,NEC_CP01_RP03,46,46
NEC_CP04_RP03,NEC_CP01_RP04,122,122
NEC_CP04_RP03,NEC_CP02_RP00,6,6
NEC_CP04_RP03,NEC_CP02_RP01,60,60
NEC_CP04_RP03,NEC_CP02_RP02,319,320
NEC_CP04_RP03,NEC_CP02_RP03,383,383
NEC_CP04_RP03,NEC_CP02_RP04,59,59
NEC_CP04_RP03,NEC_CP03_RP01,276,276
NEC_CP04_RP03,NEC_CP03_RP02,2856,2864
NEC_CP04_RP03,NEC_CP03_RP03,8041,8375
NEC_CP04_RP03,NEC_CP03_RP04,1419,1434
NEC_CP04_RP03,NEC_CP04_RP00,4,4
NEC_CP04_RP03,NEC_CP04_RP01,45,45
NEC_CP04_RP03,NEC_CP04_RP03,91975,107884
NEC_CP04_RP03,NEC_CP04_RP04,13954,14946
NEC_CP04_RP03,NEC_CP05_RP03,2,2
NEC_CP04_RP03,NEC_CP05_RP04,1022,1029
NEC_CP04_RP04,NEC_CM01_RM01,47,47
NEC_CP04_RP04,NEC_CM01_RM02,4,4
NEC_CP04_RP04,NEC_CM01_RM03,1,1
NEC_CP04_RP04,NEC_CM01_RP00,16,16
NEC_CP04_RP04,NEC_CM01_RP01,4,4
NEC_CP04_RP04,NEC_CM01_RP02,4,4
NEC_CP04_RP04,NEC_CM02_RM01,13,13
NEC_CP04_RP04,NEC_CM02_RM02,5,5
NEC_CP04_RP04,NEC_CM02_RM03,2,2
NEC_CP04_RP04,NEC_CM02_RP00,10,10
NEC_CP04_RP04,NEC_CM02_RP01,1,1
NEC_CP04_RP04,NEC_CM02_RP02,18,18
NEC_CP04_RP04,NEC_CM03_RM01,8,8
NEC_CP04_RP04,NEC_CM03_RM02,79,79
NEC_CP04_RP04,NEC_CM03_RP00,2,2
NEC_CP04_RP04,NEC_CM03_RP01,6,6
NEC_CP04_RP04,NEC_CM03_RP02,20,20
NEC_CP04_RP04,NEC_CM04_RM01,1,1
NEC_CP04_RP04,NEC_CM04_RM02,38,38
NEC_CP04_RP04,NEC_CM04_RM04,9,9
NEC_CP04_RP04,NEC_CM05_RM01,1,1
NEC_CP04_RP04,NEC_CP00_RM01,5,5
NEC_CP04_RP04,NEC_CP00_RP00,318,318
NEC_CP04_RP04,NEC_CP00_RP01,19,19
NEC_CP04_RP04,NEC_CP00_RP02,46,46
NEC_CP04_RP04,NEC_CP00_RP03,11,11
NEC_CP04_RP04,NEC_CP01_RP00,50,50
NEC_CP04_RP04,NEC_CP01_RP01,124,124
NEC_CP04_RP04,NEC_CP01_RP02,66,66
NEC_CP04_RP04,NEC_CP01_RP03,56,56
NEC_CP04_RP04,NEC_CP01_RP04,160,160
NEC_CP04_RP04,NEC_CP02_RP00,4,4
NEC_CP04_RP04,NEC_CP02_RP01,66,66
NEC_CP04_RP04,NEC_CP02_RP02,318,318
NEC_CP04_RP04,NEC_CP02_RP03,237,237
NEC_CP04_RP04,NEC_CP02_RP04,134,134
NEC_CP04_RP04,NEC_CP03_RP01,301,301
NEC_CP04_RP04,NEC_CP03_RP02,1976,1978
NEC_CP04_RP04,NEC_CP03_RP03,2532,2549
NEC_CP04_RP04,NEC_CP03_RP04,3756,3946
NEC_CP04_RP04,NEC_CP04_RP00,5,5
NEC_CP04_RP04,NEC_CP04_RP01,56,56
NEC_CP04_RP04,NEC_CP04_RP03,28608,30048
NEC_CP04_RP04,NEC_CP04_RP04,90053,104433
NEC_CP04_RP04,NEC_CP05_RP03,4,4
NEC_CP04_RP04,NEC_CP05_RP04,3683,3731
NEC_CP05_RP03,NEC_CP03_RP03,1,1
NEC_CP05_RP03,NEC_CP03_RP04,1,1
NEC_CP05_RP03,NEC_CP04_RP03,6,6
NEC_CP05_RP03,NEC_CP04_RP04,18,19
NEC_CP05_RP03,NEC_CP05_RP04,9,9
NEC_CP05_RP04,NEC_CM01_RM01,12,12
NEC_CP05_RP04,NEC_CM01_RP00,2,2
NEC_CP05_RP04,NEC_CM01_RP01,1,1
NEC_CP05_RP04,NEC_CM01_RP02,1,1
NEC_CP05_RP04,NEC_CM01_RP03,1,1
NEC_CP05_RP04,NEC_CM02_RM01,2,2
NEC_CP05_RP04,NEC_CM02_RM02,1,1
NEC_CP05_RP04,NEC_CM02_RP00,4,4
NEC_CP05_RP04,NEC_CM02_RP01,2,2
NEC_CP05_RP04,NEC_CM02_RP02,7,7
NEC_CP05_RP04,NEC_CM03_RM01,1,1
NEC_CP05_RP04,NEC_CM03_RM02,4,4
NEC_CP05_RP04,NEC_CM03_RM04,2,2
NEC_CP05_RP04,NEC_CM03_RP00,3,3
NEC_CP05_RP04,NEC_CM03_RP01,1,1
NEC_CP05_RP04,NEC_CM03_RP02,2,2
NEC_CP05_RP04,NEC_CM04_RM01,1,1
NEC_CP05_RP04,NEC_CM04_RM02,4,4
NEC_CP05_RP04,NEC_CP00_RM01,3,3
NEC_CP05_RP04,NEC_CP00_RP00,57,57
NEC_CP05_RP04,NEC_CP00_RP01,4,4
NEC_CP05_RP04,NEC_CP00_RP02,6,6
NEC_CP05_RP04,NEC_CP00_RP03,5,5
NEC_CP05_RP04,NEC_CP01_RP00,12,12
NEC_CP05_RP04,NEC_CP01_RP01,17,17
NEC_CP05_RP04,NEC_CP01_RP02,8,8
NEC_CP05_RP04,NEC_CP01_RP03,7,7
NEC_CP05_RP04,NEC_CP01_RP04,32,32
NEC_CP05_RP04,NEC_CP02_RP00,2,2
NEC_CP05_RP04,NEC_CP02_RP01,7,7
NEC_CP05_RP04,NEC_CP02_RP02,51,51
NEC_CP05_RP04,NEC_CP02_RP03,34,34
NEC_CP05_RP04,NEC_CP02_RP04,10,10
NEC_CP05_RP04,NEC_CP03_RP01,48,48
NEC_CP05_RP04,NEC_CP03_RP02,234,234
NEC_CP05_RP04,NEC_CP03_RP03,428,429
NEC_CP05_RP04,NEC_CP03_RP04,220,220
NEC_CP05_RP04,NEC_CP04_RP00,1,1
NEC_CP05_RP04,NEC_CP04_RP01,6,6
NEC_CP05_RP04,NEC_CP04_RP03,3243,3317
NEC_CP05_RP04,NEC_CP04_RP04,6924,7161
NEC_CP05_RP04,NEC_CP05_RP03,10,10
NEC_CP05_RP04,NEC_CP05_RP04,19515,22418
