{"type":"FeatureCollection","features":[
{"type":"Feature","geometry":{"type":"Point","coordinates":[-75.5846482,38.6395589]},"properties":{"ele":"7","gnis:feature_id":"214367","name":"Nanticoke Acres","place":"hamlet"}},
{"type":"Feature","geometry":{"type":"Point","coordinates":[-75.6288157,38.433728]},"properties":{"ele":"13","gnis:feature_id":"1668313","name":"Canterbury","place":"hamlet"}},
{"type":"Feature","geometry":{"type":"Point","coordinates":[-75.5496446,38.2920632]},"properties":{"ele":"17","gnis:feature_id":"1668370","name":"Foxchase","place":"hamlet"}},
{"type":"Feature","geometry":{"type":"Point","coordinates":[-76.1079974,38.6806732]},"properties":{"ele":"4","gnis:feature_id":"592903","name":"Sailors Retreat","place":"neighbourhood"}},
{"type":"Feature","geometry":{"type":"Point","coordinates":[-75.7543775,38.511227]},"properties":{"ele":"1","gnis:feature_id":"591142","name":"Riverton","place":"hamlet"}},
{"type":"Feature","geometry":{"type":"Point","coordinates":[-75.5852038,38.6315035]},"properties":{"ele":"6","gnis:feature_id":"216621","name":"Hasting Estates Mobile Home Park","place":"hamlet"}},
{"type":"Feature","geometry":{"type":"Point","coordinates":[-75.6435394,38.5723373]},"properties":{"ele":"2","gnis:feature_id":"216023","name":"Baileys Landing","place":"hamlet"}},
{"type":"Feature","geometry":{"type":"Point","coordinates":[-75.3001909,38.7206683]},"properties":{"ele":"12","gnis:feature_id":"215531","name":"Deerwood","place":"hamlet"}},
{"type":"Feature","geometry":{"type":"Point","coordinates":[-75.5846478,38.4990046]},"properties":{"ele":"13","gnis:feature_id":"216201","name":"Saint George","place":"hamlet"}},
{"type":"Feature","geometry":{"type":"Point","coordinates":[-75.5585376,37.9254021]},"properties":{"ele":"6","gnis:feature_id":"1477425","name":"Horsey","place":"locality","wikidata":"Q14691996"}},
{"type":"Feature","geometry":{"type":"Point","coordinates":[-75.5477007,38.3681732]},"properties":{"ele":"13","gnis:feature_id":"1668409","name":"Hotton Acres","place":"hamlet"}},
{"type":"Feature","geometry":{"type":"Point","coordinates":[-76.1435532,38.5398421]},"properties":{"ele":"1","gnis:feature_id":"596631","name":"Paw Paw Acres","place":"hamlet"}},
{"type":"Feature","geometry":{"type":"Point","coordinates":[-76.1843892,38.7034515]},"properties":{"ele":"3","gnis:feature_id":"583146","name":"Bellevue","place":"hamlet","wikidata":"Q4883889","wikipedia":"en:Bellevue, Maryland"}},
{"type":"Feature","geometry":{"type":"Point","coordinates":[-75.6210386,38.6567811]},"properties":{"ele":"11","gnis:feature_id":"216199","name":"Ross","place":"hamlet"}},
{"type":"Feature","geometry":{"type":"Point","coordinates":[-75.3432486,38.7017798]},"properties":{"ele":"14","gnis:feature_id":"216206","name":"Saulsbury Switch","place":"hamlet","wikidata":"Q7427386"}},
{"type":"Feature","geometry":{"type":"Point","coordinates":[-75.5618683,38.4251168]},"properties":{"ele":"13","gnis:feature_id":"1668327","name":"Chestnut Hill","place":"hamlet"}},
{"type":"Feature","geometry":{"type":"Point","coordinates":[-75.8582651,38.0934566]},"properties":{"ele":"1","gnis:feature_id":"591200","name":"Rumbley","place":"hamlet"}},
{"type":"Feature","geometry":{"type":"Point","coordinates":[-75.6149273,38.6995584]},"properties":{"ele":"12","gnis:feature_id":"213752","name":"Cannon","place":"hamlet","wikidata":"Q5032738"}},
{"type":"Feature","geometry":{"type":"Point","coordinates":[-75.7557629,38.1154008]},"properties":{"ele":"1","gnis:feature_id":"590728","name":"Manokin","place":"hamlet","wikidata":"Q6751201"}},
{"type":"Feature","geometry":{"type":"Point","coordinates":[-75.6338168,38.5642819]},"properties":{"ele":"5","gnis:feature_id":"215330","name":"River-view Acres","place":"hamlet"}},
{"type":"Feature","geometry":{"type":"Point","coordinates":[-76.1029964,38.5445638]},"properties":{"ele":"3","gnis:feature_id":"589974","name":"Christs Rock","place":"locality"}},
{"type":"Feature","geometry":{"type":"Point","coordinates":[-76.0854972,38.7592829]},"properties":{"ele":"5","gnis:feature_id":"592998","name":"Woodland","place":"neighbourhood"}},
{"type":"Feature","geometry":{"type":"Point","coordinates":[-75.7513218,38.4884495]},"properties":{"ele":"8","gnis:feature_id":"591330","name":"Spring Grove","place":"hamlet"}},
{"type":"Feature","geometry":{"type":"Point","coordinates":[-75.7707639,38.0392905]},"properties":{"ele":"1","gnis:feature_id":"590741","name":"Marion","place":"hamlet","wikidata":"Q6765374"}},
{"type":"Feature","geometry":{"type":"Point","coordinates":[-76.0752192,38.7615049]},"properties":{"ele":"7","gnis:feature_id":"592871","name":"Pennsfield","place":"neighbourhood"}},
{"type":"Feature","geometry":{"type":"Point","coordinates":[-75.6182606,38.6226147]},"properties":{"ele":"4","gnis:feature_id":"217337","name":"Hill N Dale","place":"hamlet"}},
{"type":"Feature","geometry":{"type":"Point","coordinates":[-75.9029879,38.2470669]},"properties":{"ele":"2","gnis:feature_id":"591501","name":"Waterview","place":"hamlet","wikidata":"Q6166562"}},
{"type":"Feature","geometry":{"type":"Point","coordinates":[-75.7227096,38.5115047]},"properties":{"ele":"9","gnis:feature_id":"591230","name":"Santo Domingo","place":"hamlet"}},
{"type":"Feature","geometry":{"type":"Point","coordinates":[-75.9944066,38.5589794]},"properties":{"ele":"8","gnis:feature_id":"596749","name":"Woodland Acres","place":"neighbourhood"}},
{"type":"Feature","geometry":{"type":"Point","coordinates":[-75.6204808,38.337063]},"properties":{"ele":"7","gnis:feature_id":"1668337","name":"Covered Bridge Estates","place":"hamlet"}},
{"type":"Feature","geometry":{"type":"Point","coordinates":[-75.49131,38.4287275]},"properties":{"ele":"20","gnis:feature_id":"1668385","name":"Greenland","place":"hamlet"}},
{"type":"Feature","geometry":{"type":"Point","coordinates":[-75.4171412,38.7415021]},"properties":{"ele":"14","gnis:feature_id":"216191","name":"Redden","place":"hamlet","wikidata":"Q7305601"}},
{"type":"Feature","geometry":{"type":"Point","coordinates":[-75.472977,38.6540031]},"properties":{"ele":"13","gnis:feature_id":"216105","name":"Gum Crossroads","place":"hamlet","wikidata":"Q5617978"}},
{"type":"Feature","geometry":{"type":"Point","coordinates":[-75.9729917,38.4253977]},"properties":{"ele":"2","gnis:feature_id":"589926","name":"Cedar Landing","place":"hamlet"}},
{"type":"Feature","geometry":{"type":"Point","coordinates":[-75.374639,38.6978911]},"properties":{"ele":"15","gnis:feature_id":"215417","name":"Greenlea Acres","place":"hamlet"}},
{"type":"Feature","geometry":{"type":"Point","coordinates":[-75.5032545,38.3492842]},"properties":{"ele":"16","gnis:feature_id":"1668510","name":"Quail Ridge","place":"hamlet"}},
{"type":"Feature","geometry":{"type":"Point","coordinates":[-75.2885237,38.6653907]},"properties":{"ele":"11","gnis:feature_id":"215406","name":"Pine Lake Development","place":"hamlet"}},
{"type":"Feature","geometry":{"type":"Point","coordinates":[-76.0963298,38.5820632]},"properties":{"ele":"5","gnis:feature_id":"596538","name":"Garden Estates","place":"neighbourhood"}},
{"type":"Feature","geometry":{"type":"Point","coordinates":[-75.4771433,38.5417817]},"properties":{"ele":"11","gnis:feature_id":"216177","name":"Pepper","place":"hamlet"}},
{"type":"Feature","geometry":{"type":"Point","coordinates":[-75.5874239,38.3181743]},"properties":{"ele":"12","gnis:feature_id":"1668494","name":"Pheasant Run","place":"hamlet"}},
{"type":"Feature","geometry":{"type":"Point","coordinates":[-75.550202,38.5331709]},"properties":{"ele":"10","gnis:feature_id":"216110","name":"Hearns Crossroads","place":"hamlet","wikidata":"Q5691691"}},
{"type":"Feature","geometry":{"type":"Point","coordinates":[-75.5999252,38.3926175]},"properties":{"ele":"9","gnis:feature_id":"1668484","name":"Overbrook Manor","place":"hamlet"}},
{"type":"Feature","geometry":{"type":"Point","coordinates":[-75.6778687,38.4978842]},"properties":{"ele":"13","gnis:feature_id":"216069","name":"Columbia","place":"hamlet"}},
{"type":"Feature","geometry":{"type":"Point","coordinates":[-75.5635341,38.3073408]},"properties":{"ele":"14","gnis:feature_id":"1668483","name":"Oakland Acres","place":"hamlet"}},
{"type":"Feature","geometry":{"type":"Point","coordinates":[-75.6285367,38.338452]},"properties":{"ele":"5","gnis:feature_id":"1668562","name":"Timberlake","place":"hamlet"}},
{"type":"Feature","geometry":{"type":"Point","coordinates":[-75.6477038,38.3115082]},"properties":{"ele":"12","gnis:feature_id":"590053","name":"Crows Nest","place":"hamlet"}},
{"type":"Feature","geometry":{"type":"Point","coordinates":[-75.5188109,38.3987281]},"properties":{"ele":"17","gnis:feature_id":"1668438","name":"Maria Acres","place":"hamlet"}},
{"type":"Feature","geometry":{"type":"Point","coordinates":[-75.2553861,38.2612232]},"properties":{"ele":"12","gnis:feature_id":"1668815","name":"Bay Harbour","place":"hamlet"}},
{"type":"Feature","geometry":{"type":"Point","coordinates":[-75.5149218,38.3826172]},"properties":{"ele":"16","gnis:feature_id":"1668388","name":"Grenada Manor","place":"hamlet"}},
{"type":"Feature","geometry":{"type":"Point","coordinates":[-75.682706,38.3781739]},"properties":{"ele":"13","gnis:feature_id":"1668520","name":"Rockawalking Acres","place":"hamlet"}},
{"type":"Feature","geometry":{"type":"Point","coordinates":[-75.5829815,38.6534477]},"properties":{"ele":"5","gnis:feature_id":"217043","name":"North Shores","place":"hamlet"}},
{"type":"Feature","geometry":{"type":"Point","coordinates":[-75.594647,38.3823398]},"properties":{"ele":"8","gnis:feature_id":"588994","name":"Hyde Park","place":"neighbourhood"}},
{"type":"Feature","geometry":{"type":"Point","coordinates":[-75.6068705,38.076511]},"properties":{"ele":"1","gnis:feature_id":"591083","name":"Puncheon Landing","place":"hamlet"}},
{"type":"Feature","geometry":{"type":"Point","coordinates":[-76.1605001,38.7640059]},"properties":{"ele":"3","gnis:feature_id":"592644","name":"Arcadia Shores","place":"neighbourhood"}},
{"type":"Feature","geometry":{"type":"Point","coordinates":[-75.3615845,38.042899]},"properties":{"ele":"0","gnis:feature_id":"590288","name":"George Island Landing","place":"hamlet","wikidata":"Q5540971"}},
{"type":"Feature","geometry":{"type":"Point","coordinates":[-75.8182649,38.0062351]},"properties":{"ele":"1","gnis:feature_id":"590502","name":"Hopewell","place":"hamlet","wikidata":"Q5900240"}},
{"type":"Feature","geometry":{"type":"Point","coordinates":[-75.5474232,38.399006]},"properties":{"ele":"14","gnis:feature_id":"595642","name":"Middle Neck","place":"hamlet"}},
{"type":"Feature","geometry":{"type":"Point","coordinates":[-75.3908877,38.6968526]},"properties":{"ele":"15","gnis:feature_id":"215538","name":"Highland Terrace","place":"hamlet"}},
{"type":"Feature","geometry":{"type":"Point","coordinates":[-75.4093626,38.55817]},"properties":{"ele":"15","gnis:feature_id":"216188","name":"Pusey Crossroads","place":"hamlet","wikidata":"Q7261713"}},
{"type":"Feature","geometry":{"type":"Point","coordinates":[-75.2690785,38.58428]},"properties":{"ele":"4","gnis:feature_id":"216168","name":"Old Landing","place":"locality"}},
{"type":"Feature","geometry":{"type":"Point","coordinates":[-75.6460462,38.2241428]},"properties":{"ele":"8","gnis:feature_id":"590965","name":"Palmetto","place":"hamlet"}},
{"type":"Feature","geometry":{"type":"Point","coordinates":[-76.0513285,38.5956737]},"properties":{"ele":"1","gnis:feature_id":"592741","name":"Ferry Point","place":"neighbourhood"}},
{"type":"Feature","geometry":{"type":"Point","coordinates":[-75.513255,38.3848393]},"properties":{"ele":"16","gnis:feature_id":"1668501","name":"Plainfield","place":"hamlet"}},
{"type":"Feature","geometry":{"type":"Point","coordinates":[-75.5007546,38.3870614]},"properties":{"ele":"15","gnis:feature_id":"1668581","name":"Walston Switch","place":"hamlet"}},
{"type":"Feature","geometry":{"type":"Point","coordinates":[-75.8913246,38.7295591]},"properties":{"ele":"15","gnis:feature_id":"590568","name":"Jonestown","place":"hamlet"}},
{"type":"Feature","geometry":{"type":"Point","coordinates":[-75.5718699,38.6534477]},"properties":{"ele":"7","gnis:feature_id":"217050","name":"Fernwood","place":"hamlet"}},
{"type":"Feature","geometry":{"type":"Point","coordinates":[-75.6829829,38.3278971]},"properties":{"ele":"8","gnis:feature_id":"591287","name":"Siloam","place":"hamlet"}},
{"type":"Feature","geometry":{"type":"Point","coordinates":[-76.180778,38.7070625]},"properties":{"ele":"2","gnis:feature_id":"592651","name":"Avonvue","place":"hamlet"}},
{"type":"Feature","geometry":{"type":"Point","coordinates":[-75.8274344,38.5337276]},"properties":{"ele":"7","gnis:feature_id":"591111","name":"Reids Grove","place":"hamlet"}},
{"type":"Feature","geometry":{"type":"Point","coordinates":[-75.7635407,38.3026205]},"properties":{"ele":"3","gnis:feature_id":"1668383","name":"Green Hill Village","place":"hamlet"}},
{"type":"Feature","geometry":{"type":"Point","coordinates":[-75.5615916,38.6067815]},"properties":{"ele":"12","gnis:feature_id":"215436","name":"Colonial Acres","place":"hamlet"}},
{"type":"Feature","geometry":{"type":"Point","coordinates":[-75.6171495,38.6476145]},"properties":{"ele":"10","gnis:feature_id":"215449","name":"Hurley Heights","place":"hamlet"}},
{"type":"Feature","geometry":{"type":"Point","coordinates":[-75.4518649,38.6537252]},"properties":{"ele":"14","gnis:feature_id":"216132","name":"Knowles Crossroads","place":"hamlet","wikidata":"Q6423413"}},
{"type":"Feature","geometry":{"type":"Point","coordinates":[-75.8199304,38.2626217]},"properties":{"ele":"1","gnis:feature_id":"590876","name":"New Road Landing","place":"hamlet"}},
{"type":"Feature","geometry":{"type":"Point","coordinates":[-75.6760387,38.3581742]},"properties":{"ele":"5","gnis:feature_id":"1668523","name":"Rolling Meadows","place":"hamlet"}},
{"type":"Feature","geometry":{"type":"Point","coordinates":[-75.5718699,38.6523366]},"properties":{"ele":"7","gnis:feature_id":"215425","name":"Meadows","place":"hamlet"}},
{"type":"Feature","geometry":{"type":"Point","coordinates":[-75.3329703,38.5690028]},"properties":{"ele":"12","gnis:feature_id":"216181","name":"Phillips Hill","place":"neighbourhood","wikidata":"Q7185908"}},
{"type":"Feature","geometry":{"type":"Point","coordinates":[-76.0571626,38.7195608]},"properties":{"ele":"19","gnis:feature_id":"592777","name":"Holly Oaks","place":"neighbourhood"}},
{"type":"Feature","geometry":{"type":"Point","coordinates":[-76.0927186,38.5778966]},"properties":{"ele":"5","gnis:feature_id":"596603","name":"Lovers Lane","place":"neighbourhood"}},
{"type":"Feature","geometry":{"type":"Point","coordinates":[-75.5693682,38.3790064]},"properties":{"ele":"12","gnis:feature_id":"1668311","name":"Brookdale Heights","place":"neighbourhood"}},
{"type":"Feature","geometry":{"type":"Point","coordinates":[-75.3665845,38.0692874]},"properties":{"ele":"0","gnis:feature_id":"591236","name":"Scarboro Landing","place":"hamlet"}},
{"type":"Feature","geometry":{"type":"Point","coordinates":[-75.4943698,37.8840136]},"properties":{"ele":"3","gnis:feature_id":"1493825","name":"Wishart","place":"hamlet","wikidata":"Q8027571"}},
{"type":"Feature","geometry":{"type":"Point","coordinates":[-75.7696531,37.9965131]},"properties":{"ele":"1","gnis:feature_id":"590531","name":"Indian Hammock","place":"hamlet"}},
{"type":"Feature","geometry":{"type":"Point","coordinates":[-75.5027008,38.0926209]},"properties":{"ele":"2","gnis:feature_id":"591564","name":"Willow Grove","place":"hamlet"}},
{"type":"Feature","geometry":{"type":"Point","coordinates":[-75.5565903,38.4192835]},"properties":{"ele":"14","gnis:feature_id":"1668295","name":"Avalon Park","place":"hamlet"}},
{"type":"Feature","geometry":{"type":"Point","coordinates":[-75.6113146,38.3978953]},"properties":{"ele":"12","gnis:feature_id":"1668593","name":"Westview","place":"hamlet"}},
{"type":"Feature","geometry":{"type":"Point","coordinates":[-75.4785326,38.6148367]},"properties":{"ele":"15","gnis:feature_id":"216107","name":"Hardscrabble","place":"hamlet","wikidata":"Q14685442"}},
{"type":"Feature","geometry":{"type":"Point","coordinates":[-75.5377005,38.1851201]},"properties":{"ele":"6","gnis:feature_id":"591546","name":"Whiteburg","place":"hamlet"}},
{"type":"Feature","geometry":{"type":"Point","coordinates":[-75.8385434,38.3537311]},"properties":{"ele":"4","gnis:feature_id":"1668590","name":"Westmoreland Park","place":"hamlet"}},
{"type":"Feature","geometry":{"type":"Point","coordinates":[-75.6254816,38.3917844]},"properties":{"ele":"12","gnis:feature_id":"1668470","name":"Newland Park","place":"hamlet"}},
{"type":"Feature","geometry":{"type":"Point","coordinates":[-75.3815855,38.0215105]},"properties":{"ele":"1","gnis:feature_id":"589741","name":"Bessen Landing","place":"hamlet"}},
{"type":"Feature","geometry":{"type":"Point","coordinates":[-75.5513138,38.6903919]},"properties":{"ele":"7","gnis:feature_id":"215430","name":"Fisher Mill Park","place":"hamlet"}},
{"type":"Feature","geometry":{"type":"Point","coordinates":[-75.4396415,38.4987262]},"properties":{"ele":"15","gnis:feature_id":"216178","name":"Pepperbox","place":"hamlet","wikidata":"Q7166392"}},
{"type":"Feature","geometry":{"type":"Point","coordinates":[-75.3601939,38.7320574]},"properties":{"ele":"14","gnis:feature_id":"216202","name":"Sand Hill","place":"hamlet"}},
{"type":"Feature","geometry":{"type":"Point","coordinates":[-75.6412087,38.6191849]},"properties":{"ele":"3","gnis:feature_id":"216623","name":"Upcounty Mobile Home Park","place":"hamlet"}},
{"type":"Feature","geometry":{"type":"Point","coordinates":[-75.8874356,38.6867819]},"properties":{"ele":"10","gnis:feature_id":"584288","name":"Ellwood","place":"hamlet"}},
{"type":"Feature","geometry":{"type":"Point","coordinates":[-75.6615935,38.3451188]},"properties":{"ele":"5","gnis:feature_id":"590985","name":"Patricks Landing","place":"hamlet"}},
{"type":"Feature","geometry":{"type":"Point","coordinates":[-75.5838147,38.5856705]},"properties":{"ele":"12","gnis:feature_id":"216050","name":"Broad Creek","place":"hamlet","wikidata":"Q4971865"}},
{"type":"Feature","geometry":{"type":"Point","coordinates":[-75.5482564,38.3870617]},"properties":{"ele":"14","gnis:feature_id":"1668546","name":"Sherwood Manor","place":"hamlet"}},
{"type":"Feature","geometry":{"type":"Point","coordinates":[-75.8096537,37.9909575]},"properties":{"ele":"1","gnis:feature_id":"589909","name":"Cash Corner","place":"hamlet"}},
{"type":"Feature","geometry":{"type":"Point","coordinates":[-75.5674236,38.3590068]},"properties":{"ele":"12","gnis:feature_id":"1668632","name":"Chelsea Court","place":"hamlet"}},
{"type":"Feature","geometry":{"type":"Point","coordinates":[-75.9940555,38.4172718]},"properties":{"ele":"0","gnis:feature_id":"589743","name":"Bestpitch","place":"hamlet"}},
{"type":"Feature","geometry":{"type":"Point","coordinates":[-75.8254869,38.3145651]},"properties":{"ele":"2","gnis:feature_id":"590077","name":"Deep Branch","place":"hamlet"}},
{"type":"Feature","geometry":{"type":"Point","coordinates":[-75.6824274,38.3290082]},"properties":{"ele":"8","gnis:feature_id":"1668597","name":"Whayland","place":"hamlet"}},
{"type":"Feature","geometry":{"type":"Point","coordinates":[-76.0427169,38.552063]},"properties":{"ele":"7","gnis:feature_id":"596578","name":"Jacktown","place":"hamlet"}},
{"type":"Feature","geometry":{"type":"Point","coordinates":[-75.5032543,38.3087292]},"properties":{"ele":"15","gnis:feature_id":"1668456","name":"Mount Olive Manor","place":"hamlet"}},
{"type":"Feature","geometry":{"type":"Point","coordinates":[-75.5674242,38.4278946]},"properties":{"ele":"13","gnis:feature_id":"1668480","name":"Oak Haven","place":"hamlet"}},
{"type":"Feature","geometry":{"type":"Point","coordinates":[-75.5010327,38.4442829]},"properties":{"ele":"17","gnis:feature_id":"1668554","name":"Stellas Venture","place":"hamlet"}},
{"type":"Feature","geometry":{"type":"Point","coordinates":[-75.6815929,38.2603984]},"properties":{"ele":"5","gnis:feature_id":"590704","name":"Loretto","place":"hamlet"}},
{"type":"Feature","geometry":{"type":"Point","coordinates":[-75.796597,38.2970653]},"properties":{"ele":"2","gnis:feature_id":"590750","name":"Martins Corner","place":"hamlet"}},
{"type":"Feature","geometry":{"type":"Point","coordinates":[-76.0229939,38.5373408]},"properties":{"ele":"6","gnis:feature_id":"596465","name":"Cardtown","place":"locality"}},
{"type":"Feature","geometry":{"type":"Point","coordinates":[-76.0816079,38.7256722]},"properties":{"ele":"7","gnis:feature_id":"590630","name":"Llandaff","place":"locality"}},
{"type":"Feature","geometry":{"type":"Point","coordinates":[-76.0716077,38.7470606]},"properties":{"ele":"9","gnis:feature_id":"592749","name":"Frankford","place":"locality"}},
{"type":"Feature","geometry":{"type":"Point","coordinates":[-75.9154917,38.6203941]},"properties":{"ele":"14","gnis:feature_id":"596450","name":"Cabin Creek Estates","place":"hamlet"}},
{"type":"Feature","geometry":{"type":"Point","coordinates":[-76.0704935,38.2998447]},"properties":{"ele":"1","gnis:feature_id":"591416","name":"Toddville","place":"hamlet","wikidata":"Q7812752","wikipedia":"en:Toddville, Maryland"}},
{"type":"Feature","geometry":{"type":"Point","coordinates":[-76.0746634,38.752894]},"properties":{"ele":"6","gnis:feature_id":"592877","name":"Poplar Hill","place":"locality"}},
{"type":"Feature","geometry":{"type":"Point","coordinates":[-75.854657,38.6667819]},"properties":{"ele":"15","gnis:feature_id":"596636","name":"Piney Grove Estates","place":"hamlet"}},
{"type":"Feature","geometry":{"type":"Point","coordinates":[-75.2965797,38.6370576]},"properties":{"ele":"10","gnis:feature_id":"215403","name":"Gran-ville","place":"hamlet"}},
{"type":"Feature","geometry":{"type":"Point","coordinates":[-75.6204829,38.6231703]},"properties":{"ele":"6","gnis:feature_id":"217481","name":"Nanticoke Estates","place":"hamlet"}},
{"type":"Feature","geometry":{"type":"Point","coordinates":[-75.2599115,38.5753911]},"properties":{"ele":"7","gnis:feature_id":"215411","name":"Sandy Beach","place":"neighbourhood"}},
{"type":"Feature","geometry":{"type":"Point","coordinates":[-75.8118781,38.7231698]},"properties":{"ele":"11","gnis:feature_id":"590885","name":"Nichols","place":"hamlet"}},
{"type":"Feature","geometry":{"type":"Point","coordinates":[-75.5671476,38.666781]},"properties":{"ele":"5","gnis:feature_id":"216154","name":"Middleford","place":"hamlet","wikidata":"Q6841790"}},
{"type":"Feature","geometry":{"type":"Point","coordinates":[-75.659929,38.6826142]},"properties":{"ele":"13","gnis:feature_id":"215445","name":"Briar Hook","place":"hamlet"}},
{"type":"Feature","geometry":{"type":"Point","coordinates":[-76.0732745,38.7578939]},"properties":{"ele":"7","gnis:feature_id":"592938","name":"South Pennsfield","place":"neighbourhood"}},
{"type":"Feature","geometry":{"type":"Point","coordinates":[-75.6524287,38.7145583]},"properties":{"ele":"15","gnis:feature_id":"216065","name":"Clarksons Crossroads","place":"hamlet","wikidata":"Q5127655"}},
{"type":"Feature","geometry":{"type":"Point","coordinates":[-75.7204832,38.2651209]},"properties":{"ele":"4","gnis:feature_id":"591036","name":"Polk Landing","place":"hamlet"}},
{"type":"Feature","geometry":{"type":"Point","coordinates":[-75.8399321,37.9595691]},"properties":{"ele":"1","gnis:feature_id":"589872","name":"Byrdtown","place":"hamlet"}},
{"type":"Feature","geometry":{"type":"Point","coordinates":[-75.2788279,38.5647875]},"properties":{"ele":"8","gnis:feature_id":"215356","name":"Kerseys Evergreen Acres","place":"neighbourhood"}},
{"type":"Feature","geometry":{"type":"Point","coordinates":[-75.6507619,38.6331702]},"properties":{"ele":"7","gnis:feature_id":"215443","name":"Woodland Station","place":"hamlet"}},
{"type":"Feature","geometry":{"type":"Point","coordinates":[-75.2874146,38.1490077]},"properties":{"ele":"2","gnis:feature_id":"586719","name":"Public Landing","place":"hamlet","wikidata":"Q7257434"}},
{"type":"Feature","geometry":{"type":"Point","coordinates":[-75.5507564,38.3753953]},"properties":{"ele":"13","gnis:feature_id":"1668420","name":"Justice Heights","place":"neighbourhood"}},
{"type":"Feature","geometry":{"type":"Point","coordinates":[-75.592424,38.3051189]},"properties":{"ele":"13","gnis:feature_id":"1668349","name":"Doe Run","place":"hamlet"}},
{"type":"Feature","geometry":{"type":"Point","coordinates":[-75.5021436,38.3990058]},"properties":{"ele":"17","gnis:feature_id":"1668384","name":"Country Comforts","place":"hamlet"}},
{"type":"Feature","geometry":{"type":"Point","coordinates":[-75.8302123,38.5070612]},"properties":{"ele":"5","gnis:feature_id":"591091","name":"Ralph","place":"hamlet"}},
{"type":"Feature","geometry":{"type":"Point","coordinates":[-76.1599427,38.5470644]},"properties":{"ele":"1","gnis:feature_id":"590059","name":"Dailsville","place":"hamlet"}},
{"type":"Feature","geometry":{"type":"Point","coordinates":[-75.5474228,38.3537289]},"properties":{"ele":"14","gnis:feature_id":"1668422","name":"Kaywood","place":"hamlet"}},
{"type":"Feature","geometry":{"type":"Point","coordinates":[-75.5715905,38.3776176]},"properties":{"ele":"11","gnis:feature_id":"1668449","name":"Moss Hill Acres","place":"neighbourhood"}},
{"type":"Feature","geometry":{"type":"Point","coordinates":[-75.7790961,38.196789]},"properties":{"ele":"2","gnis:feature_id":"591470","name":"Venton","place":"hamlet","wikidata":"Q14692458"}},
{"type":"Feature","geometry":{"type":"Point","coordinates":[-75.3543601,38.5465031]},"properties":{"ele":"13","gnis:feature_id":"216158","name":"Mission","place":"hamlet","wikidata":"Q6878452"}},
{"type":"Feature","geometry":{"type":"Point","coordinates":[-75.3057475,38.4034485]},"properties":{"ele":"11","gnis:feature_id":"1668739","name":"Duncan Crossing","place":"hamlet"}},
{"type":"Feature","geometry":{"type":"Point","coordinates":[-75.4090854,38.1534528]},"properties":{"ele":"7","gnis:feature_id":"1668849","name":"Castle Haven Estates","place":"hamlet"}},
{"type":"Feature","geometry":{"type":"Point","coordinates":[-75.5049216,38.4167833]},"properties":{"ele":"17","gnis:feature_id":"1668493","name":"Pembroke Hills","place":"hamlet"}},
{"type":"Feature","geometry":{"type":"Point","coordinates":[-75.6513153,38.3370633]},"properties":{"ele":"3","gnis:feature_id":"1668550","name":"Silver Run","place":"hamlet","wikidata":"Q14692399"}},
{"type":"Feature","geometry":{"type":"Point","coordinates":[-75.5671457,38.3456737]},"properties":{"ele":"13","gnis:feature_id":"1668659","name":"Highland Park","place":"neighbourhood"}},
{"type":"Feature","geometry":{"type":"Point","coordinates":[-75.5049214,38.3853949]},"properties":{"ele":"15","gnis:feature_id":"591490","name":"Walston","place":"hamlet"}},
{"type":"Feature","geometry":{"type":"Point","coordinates":[-75.8085419,38.0998454]},"properties":{"ele":"1","gnis:feature_id":"590632","name":"Landonville","place":"hamlet"}},
{"type":"Feature","geometry":{"type":"Point","coordinates":[-75.8349306,38.246511]},"properties":{"ele":"4","gnis:feature_id":"588851","name":"Pine Beach","place":"hamlet"}},
{"type":"Feature","geometry":{"type":"Point","coordinates":[-75.2746344,38.5826134]},"properties":{"ele":"6","gnis:feature_id":"216739","name":"Riverview","place":"neighbourhood","wikidata":"Q7338717"}},
{"type":"Feature","geometry":{"type":"Point","coordinates":[-75.3754723,38.3287278]},"properties":{"ele":"9","gnis:feature_id":"591066","name":"Powellville","place":"hamlet","wikidata":"Q3885785"}},
{"type":"Feature","geometry":{"type":"Point","coordinates":[-75.5596455,38.3612289]},"properties":{"ele":"12","gnis:feature_id":"1668672","name":"Livingston Heights","place":"hamlet"}},
{"type":"Feature","geometry":{"type":"Point","coordinates":[-75.6121477,38.3784511]},"properties":{"ele":"9","gnis:feature_id":"1668459","name":"Mount Vernon","place":"neighbourhood"}},
{"type":"Feature","geometry":{"type":"Point","coordinates":[-75.4135292,38.392894]},"properties":{"ele":"15","gnis:feature_id":"1668505","name":"Pittsville Manor","place":"hamlet"}},
{"type":"Feature","geometry":{"type":"Point","coordinates":[-75.5618679,38.3756732]},"properties":{"ele":"12","gnis:feature_id":"1668330","name":"Cloverdale Farm","place":"neighbourhood"}},
{"type":"Feature","geometry":{"type":"Point","coordinates":[-75.8471545,38.3367871]},"properties":{"ele":"4","gnis:feature_id":"591538","name":"Wetipquin","place":"hamlet","wikidata":"Q754530"}},
{"type":"Feature","geometry":{"type":"Point","coordinates":[-75.5210331,38.3792839]},"properties":{"ele":"15","gnis:feature_id":"1668333","name":"Colonial Acres","place":"hamlet"}},
{"type":"Feature","geometry":{"type":"Point","coordinates":[-75.5772786,38.659316]},"properties":{"ele":"6","gnis:feature_id":"217042","name":"Kenmore Park","place":"hamlet"}},
{"type":"Feature","geometry":{"type":"Point","coordinates":[-75.895766,38.2867885]},"properties":{"ele":"3","gnis:feature_id":"590561","name":"Jesterville","place":"hamlet","wikidata":"Q5929783"}},
{"type":"Feature","geometry":{"type":"Point","coordinates":[-75.6477041,38.3381744]},"properties":{"ele":"3","gnis:feature_id":"1668328","name":"Chinaberry Manor","place":"hamlet"}},
{"type":"Feature","geometry":{"type":"Point","coordinates":[-75.9027137,38.6078942]},"properties":{"ele":"12","gnis:feature_id":"596674","name":"Sandtop","place":"hamlet"}},
{"type":"Feature","geometry":{"type":"Point","coordinates":[-75.7885234,38.5838209]},"properties":{"ele":"3","gnis:feature_id":"584269","name":"Eldorado","place":"hamlet","population":"58","population:date":"2006","source:population":"US Census","wikidata":"Q753832","wikipedia":"en:Eldorado, Maryland"}},
{"type":"Feature","geometry":{"type":"Point","coordinates":[-75.8582682,38.7031704]},"properties":{"ele":"13","gnis:feature_id":"590528","name":"Hynson","place":"hamlet"}},
{"type":"Feature","geometry":{"type":"Point","coordinates":[-75.8735438,38.3220653]},"properties":{"ele":"6","gnis:feature_id":"591446","name":"Tyaskin","place":"hamlet","wikidata":"Q3886478"}},
{"type":"Feature","geometry":{"type":"Point","coordinates":[-75.620759,38.3681737]},"properties":{"ele":"9","gnis:feature_id":"1668683","name":"Pecan Acres","place":"neighbourhood"}},
{"type":"Feature","geometry":{"type":"Point","coordinates":[-75.3449156,38.3928935]},"properties":{"ele":"11","gnis:feature_id":"1668488","name":"Parkview","place":"hamlet"}},
{"type":"Feature","geometry":{"type":"Point","coordinates":[-75.7565991,38.6812253]},"properties":{"ele":"13","gnis:feature_id":"596003","name":"Meadowbrook Park","place":"neighbourhood"}},
{"type":"Feature","geometry":{"type":"Point","coordinates":[-75.6904827,38.2995643]},"properties":{"ele":"7","gnis:feature_id":"590206","name":"Ferry Road","place":"hamlet"}},
{"type":"Feature","geometry":{"type":"Point","coordinates":[-75.6552066,38.5640041]},"properties":{"ele":"7","gnis:feature_id":"217055","name":"White River Estates","place":"hamlet"}},
{"type":"Feature","geometry":{"type":"Point","coordinates":[-75.3351931,38.3909489]},"properties":{"ele":"10","gnis:feature_id":"590880","name":"New Hope","place":"hamlet"}},
{"type":"Feature","geometry":{"type":"Point","coordinates":[-75.610202,38.2715086]},"properties":{"ele":"14","gnis:feature_id":"1668984","name":"Perrys Haven","place":"hamlet"}},
{"type":"Feature","geometry":{"type":"Point","coordinates":[-75.6788157,38.2959532]},"properties":{"ele":"6","gnis:feature_id":"1668442","name":"Meadow Manor","place":"hamlet"}},
{"type":"Feature","geometry":{"type":"Point","coordinates":[-75.5365897,38.4548384]},"properties":{"ele":"15","gnis:feature_id":"1668317","name":"Carey Acres","place":"hamlet"}},
{"type":"Feature","geometry":{"type":"Point","coordinates":[-75.7365967,38.0095684]},"properties":{"ele":"1","gnis:feature_id":"588638","name":"Conners Corner","place":"hamlet"}},
{"type":"Feature","geometry":{"type":"Point","coordinates":[-75.7715982,38.4012295]},"properties":{"ele":"4","gnis:feature_id":"590554","name":"Jenkins Landing","place":"hamlet"}},
{"type":"Feature","geometry":{"type":"Point","coordinates":[-75.5885365,38.4584496]},"properties":{"ele":"14","gnis:feature_id":"215360","name":"Westerlee","place":"hamlet"}},
{"type":"Feature","geometry":{"type":"Point","coordinates":[-75.5982599,38.6640032]},"properties":{"ele":"9","gnis:feature_id":"217567","name":"The Oaks","place":"hamlet"}},
{"type":"Feature","geometry":{"type":"Point","coordinates":[-75.5129778,38.4951156]},"properties":{"ele":"12","gnis:feature_id":"216719","name":"Smith Hill","place":"hamlet"}},
{"type":"Feature","geometry":{"type":"Point","coordinates":[-75.8435431,37.9917908]},"properties":{"ele":"1","gnis:feature_id":"596928","name":"Ward","place":"hamlet"}},
{"type":"Feature","geometry":{"type":"Point","coordinates":[-75.6177035,38.38234]},"properties":{"ele":"11","gnis:feature_id":"1668434","name":"Manokin","place":"hamlet"}},
{"type":"Feature","geometry":{"type":"Point","coordinates":[-75.5559694,38.5841759]},"properties":{"ele":"12","gnis:feature_id":"215434","name":"Sussex Estates","place":"hamlet"}},
{"type":"Feature","geometry":{"type":"Point","coordinates":[-75.5371446,38.3553955]},"properties":{"ele":"13","gnis:feature_id":"1668451","name":"Mount Hermon Heights","place":"hamlet"}},
{"type":"Feature","geometry":{"type":"Point","coordinates":[-75.63217,38.6620786]},"properties":{"ele":"10","gnis:feature_id":"217573","name":"Atlanta Estates","place":"hamlet"}},
{"type":"Feature","geometry":{"type":"Point","coordinates":[-75.8382262,38.5771205]},"properties":{"ele":"12","gnis:feature_id":"586815","name":"Rhodesdale","place":"hamlet","wikidata":"Q7321048","wikipedia":"en:Rhodesdale, Maryland"}},
{"type":"Feature","geometry":{"type":"Point","coordinates":[-75.8338232,38.6973369]},"properties":{"ele":"14","gnis:feature_id":"596744","name":"White Oak Manor","place":"hamlet"}},
{"type":"Feature","geometry":{"type":"Point","coordinates":[-75.5940931,38.6784475]},"properties":{"ele":"9","gnis:feature_id":"217037","name":"Hearns Mill","place":"hamlet"}},
{"type":"Feature","geometry":{"type":"Point","coordinates":[-75.9082694,38.7117818]},"properties":{"ele":"14","gnis:feature_id":"591069","name":"Wrights Wharf","place":"hamlet"}},
{"type":"Feature","geometry":{"type":"Point","coordinates":[-75.2613,38.7340012]},"properties":{"ele":"9","gnis:feature_id":"215534","name":"Lazy Lake","place":"hamlet"}},
{"type":"Feature","geometry":{"type":"Point","coordinates":[-75.6238171,37.8592929]},"properties":{"ele":"2","gnis:feature_id":"1470332","name":"Mearsville","place":"hamlet","wikidata":"Q6804147"}},
{"type":"Feature","geometry":{"type":"Point","coordinates":[-75.4374207,38.0817875]},"properties":{"ele":"10","gnis:feature_id":"1668982","name":"Owl Hollow Acres","place":"hamlet"}},
{"type":"Feature","geometry":{"type":"Point","coordinates":[-75.7893775,38.7556694]},"properties":{"ele":"13","gnis:feature_id":"589628","name":"Agner","place":"hamlet"}},
{"type":"Feature","geometry":{"type":"Point","coordinates":[-76.1718885,38.6728963]},"properties":{"ele":"1","gnis:feature_id":"592955","name":"The Bachelor Point Harbor","place":"neighbourhood"}},
{"type":"Feature","geometry":{"type":"Point","coordinates":[-75.3346376,38.3528938]},"properties":{"ele":"11","gnis:feature_id":"590840","name":"Mount Pleasant","place":"hamlet"}},
{"type":"Feature","geometry":{"type":"Point","coordinates":[-76.0210495,38.5556739]},"properties":{"ele":"6","gnis:feature_id":"596443","name":"Bonnie Brook","place":"neighbourhood"}},
{"type":"Feature","geometry":{"type":"Point","coordinates":[-75.6093695,38.1565101]},"properties":{"ele":"6","gnis:feature_id":"591507","name":"Wellington","place":"hamlet"}},
{"type":"Feature","geometry":{"type":"Point","coordinates":[-75.5310353,38.7103917]},"properties":{"ele":"11","gnis:feature_id":"216073","name":"Coverdale Crossroads","place":"hamlet"}},
{"type":"Feature","geometry":{"type":"Point","coordinates":[-75.4760317,38.4417828]},"properties":{"ele":"18","gnis:feature_id":"585792","name":"Melson","place":"hamlet"}},
{"type":"Feature","geometry":{"type":"Point","coordinates":[-75.5843701,38.5437264]},"properties":{"ele":"9","gnis:feature_id":"215365","name":"Hollywoods Park","note:wikipedia":"No article as of 2012-12","place":"hamlet"}},
{"type":"Feature","geometry":{"type":"Point","coordinates":[-76.1852208,38.4978987]},"properties":{"ele":"1","gnis:feature_id":"590808","name":"Milton","place":"hamlet"}},
{"type":"Feature","geometry":{"type":"Point","coordinates":[-76.0979965,38.5873409]},"properties":{"ele":"4","gnis:feature_id":"596600","name":"Lodgecliff","place":"neighbourhood"}},
{"type":"Feature","geometry":{"type":"Point","coordinates":[-75.5896484,38.6345589]},"properties":{"ele":"6","gnis:feature_id":"216622","name":"Mobile Gardens Mobile Home Park","place":"hamlet"}},
{"type":"Feature","geometry":{"type":"Point","coordinates":[-75.5088112,38.5248375]},"properties":{"ele":"10","gnis:feature_id":"216140","name":"Lowe","place":"hamlet","wikidata":"Q6693109"}},
{"type":"Feature","geometry":{"type":"Point","coordinates":[-75.5871462,38.3292852]},"properties":{"ele":"10","gnis:feature_id":"1668433","name":"Magnolia Terrace","place":"hamlet"}},
{"type":"Feature","geometry":{"type":"Point","coordinates":[-76.0691077,38.7570604]},"properties":{"ele":"7","gnis:feature_id":"592820","name":"Mecklenburg","place":"neighbourhood"}},
{"type":"Feature","geometry":{"type":"Point","coordinates":[-76.1838315,38.413455]},"properties":{"ele":"0","gnis:feature_id":"591133","name":"Riggins Corner","place":"locality"}},
{"type":"Feature","geometry":{"type":"Point","coordinates":[-75.3949185,38.1334531]},"properties":{"ele":"10","gnis:feature_id":"591235","name":"Scarboro","place":"hamlet"}},
{"type":"Feature","geometry":{"type":"Point","coordinates":[-75.5868686,38.3484515]},"properties":{"ele":"11","gnis:feature_id":"1668671","name":"Lincoln Heights","place":"neighbourhood"}},
{"type":"Feature","geometry":{"type":"Point","coordinates":[-75.5538116,38.3098407]},"properties":{"ele":"14","gnis:feature_id":"1668528","name":"Rustic Acres","place":"hamlet"}},
{"type":"Feature","geometry":{"type":"Point","coordinates":[-75.7657665,38.5303936]},"properties":{"ele":"2","gnis:feature_id":"591488","name":"Walnut Landing","place":"hamlet"}},
{"type":"Feature","geometry":{"type":"Point","coordinates":[-75.4474203,38.6676139]},"properties":{"ele":"13","gnis:feature_id":"216149","name":"McDonalds Crossroads","place":"hamlet","wikidata":"Q6800939"}},
{"type":"Feature","geometry":{"type":"Point","coordinates":[-75.6643731,37.9251251]},"properties":{"ele":"1","gnis:feature_id":"1500028","name":"Sanford","place":"hamlet","population":"168","population:date":"2020","source:population":"US Census","wikidata":"Q6120052","wikipedia":"en:Sanford, Virginia"}},
{"type":"Feature","geometry":{"type":"Point","coordinates":[-75.7857652,38.3992853]},"properties":{"ele":"4","gnis:feature_id":"1668324","name":"Cherry Walk Estates","place":"hamlet"}},
{"type":"Feature","geometry":{"type":"Point","coordinates":[-75.5293666,38.3540066]},"properties":{"ele":"13","gnis:feature_id":"590835","name":"Mount Hermon","place":"hamlet"}},
{"type":"Feature","geometry":{"type":"Point","coordinates":[-75.8485433,37.9692912]},"properties":{"ele":"1","gnis:feature_id":"596857","name":"Nelson","place":"hamlet"}},
{"type":"Feature","geometry":{"type":"Point","coordinates":[-75.5413116,38.3640065]},"properties":{"ele":"12","gnis:feature_id":"1668294","name":"Autumn Grove","place":"hamlet"}},
{"type":"Feature","geometry":{"type":"Point","coordinates":[-75.5552013,38.3981728]},"properties":{"ele":"13","gnis:feature_id":"1668315","name":"Cannon Farm","place":"hamlet"}},
{"type":"Feature","geometry":{"type":"Point","coordinates":[-75.8510415,37.9867908]},"properties":{"ele":"1","gnis:feature_id":"596793","name":"Daugherty Town","place":"hamlet"}},
{"type":"Feature","geometry":{"type":"Point","coordinates":[-75.6707608,38.1020668]},"properties":{"ele":"4","gnis:feature_id":"590027","name":"Cottage Grove","place":"hamlet"}},
{"type":"Feature","geometry":{"type":"Point","coordinates":[-75.899099,38.1887339]},"properties":{"ele":"1","gnis:feature_id":"584010","name":"Dames Quarter","place":"hamlet","wikidata":"Q754388"}},
{"type":"Feature","geometry":{"type":"Point","coordinates":[-75.8360431,37.9665135]},"properties":{"ele":"1","gnis:feature_id":"596916","name":"Tyler","place":"hamlet"}},
{"type":"Feature","geometry":{"type":"Point","coordinates":[-75.5607572,38.4217835]},"properties":{"ele":"14","gnis:feature_id":"1668496","name":"Pine Knoll Terrace","place":"hamlet"}},
{"type":"Feature","geometry":{"type":"Point","coordinates":[-75.3654733,38.0753984]},"properties":{"ele":"0","gnis:feature_id":"591394","name":"Taylor Landing","place":"hamlet"}},
{"type":"Feature","geometry":{"type":"Point","coordinates":[-75.51381,38.2667855]},"properties":{"ele":"14","gnis:feature_id":"590698","name":"Longridge","place":"hamlet"}},
{"type":"Feature","geometry":{"type":"Point","coordinates":[-75.5885373,38.6542811]},"properties":{"ele":"4","gnis:feature_id":"217566","name":"Beaver Dam Heights","place":"hamlet"}},
{"type":"Feature","geometry":{"type":"Point","coordinates":[-75.4093627,38.5926142]},"properties":{"ele":"16","gnis:feature_id":"217086","name":"Bryans Store","place":"hamlet","wikidata":"Q14685280"}},
{"type":"Feature","geometry":{"type":"Point","coordinates":[-75.370472,38.6431692]},"properties":{"ele":"13","gnis:feature_id":"216784","name":"Piney Grove Manor","place":"hamlet","wikidata":"Q7195622"}},
{"type":"Feature","geometry":{"type":"Point","coordinates":[-75.3768613,38.2895616]},"properties":{"ele":"8","gnis:feature_id":"591553","name":"Whiton","place":"hamlet"}},
{"type":"Feature","geometry":{"type":"Point","coordinates":[-75.5135347,38.7106695]},"properties":{"ele":"10","gnis:feature_id":"217040","name":"Collins Pond Acres","place":"hamlet"}},
{"type":"Feature","geometry":{"type":"Point","coordinates":[-75.6579844,38.6001149]},"properties":{"ele":"1","gnis:feature_id":"216257","name":"Woodland","place":"hamlet","wikidata":"Q8032796"}},
{"type":"Feature","geometry":{"type":"Point","coordinates":[-75.9927153,38.5228963]},"properties":{"ele":"5","gnis:feature_id":"589629","name":"Airey","place":"hamlet","wikidata":"Q4698677"}},
{"type":"Feature","geometry":{"type":"Point","coordinates":[-75.839931,38.1873448]},"properties":{"ele":"1","gnis:feature_id":"591219","name":"Saint Stephen","place":"hamlet"}},
{"type":"Feature","geometry":{"type":"Point","coordinates":[-75.5410354,38.65317]},"properties":{"ele":"9","gnis:feature_id":"215426","name":"Concord Heights","place":"hamlet"}},
{"type":"Feature","geometry":{"type":"Point","coordinates":[-75.9774377,38.6815049]},"properties":{"ele":"5","gnis:feature_id":"591576","name":"Windyhill","place":"hamlet"}},
{"type":"Feature","geometry":{"type":"Point","coordinates":[-75.610203,38.3598403]},"properties":{"ele":"7","gnis:feature_id":"1668689","name":"Riverside Homes","place":"neighbourhood"}},
{"type":"Feature","geometry":{"type":"Point","coordinates":[-75.5121443,38.4515051]},"properties":{"ele":"16","gnis:feature_id":"1668393","name":"Hayden Acres","place":"hamlet"}},
{"type":"Feature","geometry":{"type":"Point","coordinates":[-75.557424,38.4478942]},"properties":{"ele":"14","gnis:feature_id":"588996","name":"Woodlawn","place":"hamlet"}},
{"type":"Feature","geometry":{"type":"Point","coordinates":[-75.2613,38.7184457]},"properties":{"ele":"11","gnis:feature_id":"215533","name":"Shady Rest Park","place":"hamlet"}},
{"type":"Feature","geometry":{"type":"Point","coordinates":[-75.6618731,37.9115143]},"properties":{"ele":"1","gnis:feature_id":"1499113","name":"Belinda","place":"locality","wikidata":"Q4882849"}},
{"type":"Feature","geometry":{"type":"Point","coordinates":[-75.4501977,38.5320593]},"properties":{"ele":"14","gnis:feature_id":"216247","name":"Whaleys Crossroads","place":"hamlet","wikidata":"Q7990555"}},
{"type":"Feature","geometry":{"type":"Point","coordinates":[-75.5696472,38.5084488]},"properties":{"ele":"10","gnis:feature_id":"216022","name":"Bacons","place":"hamlet","wikidata":"Q4839960"}},
{"type":"Feature","geometry":{"type":"Point","coordinates":[-76.0199387,38.6420614]},"properties":{"ele":"15","gnis:feature_id":"583019","name":"Barber","place":"hamlet"}},
{"type":"Feature","geometry":{"type":"Point","coordinates":[-75.8024335,38.7103921]},"properties":{"ele":"11","gnis:feature_id":"595950","name":"Bradley Heights","place":"neighbourhood"}},
{"type":"Feature","geometry":{"type":"Point","coordinates":[-75.6638173,38.4426169]},"properties":{"ele":"14","gnis:feature_id":"1668398","name":"Hickory Acres","place":"hamlet"}},
{"type":"Feature","geometry":{"type":"Point","coordinates":[-75.5321457,38.554004]},"properties":{"ele":"9","gnis:feature_id":"216204","name":"Sandy Fork","place":"hamlet"}},
{"type":"Feature","geometry":{"type":"Point","coordinates":[-75.3835302,38.0078996]},"properties":{"ele":"0","gnis:feature_id":"1494944","name":"Franklin City","place":"hamlet","wikidata":"Q5491358","wikipedia":"en:Franklin City, Virginia"}},
{"type":"Feature","geometry":{"type":"Point","coordinates":[-75.461865,38.5770591]},"properties":{"ele":"14","gnis:feature_id":"216112","name":"Hitchens Crossroads","place":"hamlet"}},
{"type":"Feature","geometry":{"type":"Point","coordinates":[-75.6265921,38.333452]},"properties":{"ele":"7","gnis:feature_id":"1668405","name":"Holly Manor","place":"hamlet"}},
{"type":"Feature","geometry":{"type":"Point","coordinates":[-76.0418842,38.7192829]},"properties":{"ele":"20","gnis:feature_id":"588586","name":"Ivytown","place":"hamlet"}},
{"type":"Feature","geometry":{"type":"Point","coordinates":[-75.6629835,38.0390119]},"properties":{"ele":"1","gnis:feature_id":"591110","name":"Rehobeth","place":"hamlet","wikidata":"Q7309832"}},
{"type":"Feature","geometry":{"type":"Point","coordinates":[-75.8760434,38.2906772]},"properties":{"ele":"1","gnis:feature_id":"1668569","name":"Twin River Trailer Park","place":"hamlet"}},
{"type":"Feature","geometry":{"type":"Point","coordinates":[-75.5802018,38.3517848]},"properties":{"ele":"12","gnis:feature_id":"1668680","name":"Park Manor","place":"neighbourhood"}},
{"type":"Feature","geometry":{"type":"Point","coordinates":[-76.1490127,38.3428769]},"properties":{"ele":"1","gnis:feature_id":"590625","name":"Lakesville","place":"locality"}},
{"type":"Feature","geometry":{"type":"Point","coordinates":[-75.58298,38.3951174]},"properties":{"ele":"10","gnis:feature_id":"1668476","name":"Northwood","place":"hamlet"}},
{"type":"Feature","geometry":{"type":"Point","coordinates":[-75.9482703,38.6809491]},"properties":{"ele":"1","gnis:feature_id":"589973","name":"Choptank","place":"hamlet","population":"129","wikidata":"Q3886567","wikipedia":"en:Choptank, Maryland"}},
{"type":"Feature","geometry":{"type":"Point","coordinates":[-76.1038301,38.5851188]},"properties":{"ele":"6","gnis:feature_id":"596675","name":"Sandy Acres","place":"neighbourhood"}},
{"type":"Feature","geometry":{"type":"Point","coordinates":[-75.4568641,38.3987276]},"properties":{"ele":"20","gnis:feature_id":"1668527","name":"Rush Acres","place":"hamlet"}},
{"type":"Feature","geometry":{"type":"Point","coordinates":[-75.569924,38.391784]},"properties":{"ele":"11","gnis:feature_id":"1668410","name":"Hudson Heights","place":"neighbourhood"}},
{"type":"Feature","geometry":{"type":"Point","coordinates":[-75.7649316,38.4062293]},"properties":{"ele":"3","gnis:feature_id":"591117","name":"Rewastico","place":"hamlet"}},
{"type":"Feature","geometry":{"type":"Point","coordinates":[-75.4915896,38.0706767]},"properties":{"ele":"10","gnis:feature_id":"588665","name":"Goodwill","place":"hamlet","wikidata":"Q5583645"}},
{"type":"Feature","geometry":{"type":"Point","coordinates":[-75.371583,38.4951146]},"properties":{"ele":"13","gnis:feature_id":"216245","name":"Westwoods","place":"hamlet","wikidata":"Q7989924"}},
{"type":"Feature","geometry":{"type":"Point","coordinates":[-75.361583,38.3326165]},"properties":{"ele":"12","gnis:feature_id":"1668303","name":"Berlin West","place":"hamlet"}},
{"type":"Feature","geometry":{"type":"Point","coordinates":[-75.3032477,38.3417826]},"properties":{"ele":"7","gnis:feature_id":"591414","name":"Timmonstown","place":"hamlet"}},
{"type":"Feature","geometry":{"type":"Point","coordinates":[-75.728818,38.3334528]},"properties":{"ele":"1","gnis:feature_id":"590036","name":"Simms Wharf","place":"hamlet"}},
{"type":"Feature","geometry":{"type":"Point","coordinates":[-76.0649407,38.7278942]},"properties":{"ele":"11","gnis:feature_id":"592868","name":"Peach Blossom Heights","place":"neighbourhood"}},
{"type":"Feature","geometry":{"type":"Point","coordinates":[-75.6446506,38.5928927]},"properties":{"ele":"4","gnis:feature_id":"215440","name":"Patty Cannon Estates","place":"hamlet"}},
{"type":"Feature","geometry":{"type":"Point","coordinates":[-75.633552,38.6644489]},"properties":{"ele":"11","gnis:feature_id":"215447","name":"Devonshire Woods","place":"hamlet"}},
{"type":"Feature","geometry":{"type":"Point","coordinates":[-76.0132715,38.5612292]},"properties":{"ele":"3","gnis:feature_id":"596743","name":"Whitehall","place":"neighbourhood","wikidata":"Q14692491","wikipedia":"en:Whitehall, Dorchester County, Maryland"}},
{"type":"Feature","geometry":{"type":"Point","coordinates":[-75.3510283,38.0834537]},"properties":{"ele":"0","gnis:feature_id":"590511","name":"Hudson Landing","place":"hamlet"}},
{"type":"Feature","geometry":{"type":"Point","coordinates":[-75.5540902,38.4265056]},"properties":{"ele":"14","gnis:feature_id":"1668341","name":"Danwood","place":"hamlet"}},
{"type":"Feature","geometry":{"type":"Point","coordinates":[-75.5729785,38.2340087]},"properties":{"ele":"12","gnis:feature_id":"1668838","name":"Blueberry Hill","place":"hamlet"}},
{"type":"Feature","geometry":{"type":"Point","coordinates":[-76.1877468,38.2861616]},"properties":{"ele":"0","gnis:feature_id":"588389","name":"Hooper Islands","place":"locality"}},
{"type":"Feature","geometry":{"type":"Point","coordinates":[-75.7063197,38.6609477]},"properties":{"ele":"13","gnis:feature_id":"216165","name":"Oak Grove","place":"hamlet"}},
{"type":"Feature","geometry":{"type":"Point","coordinates":[-75.7063197,38.6353924]},"properties":{"ele":"13","gnis:feature_id":"214538","name":"Reliance","place":"hamlet","wikidata":"Q7311001"}},
{"type":"Feature","geometry":{"type":"Point","coordinates":[-75.9502114,38.1390121]},"properties":{"ele":"1","gnis:feature_id":"591510","name":"Wenona","place":"hamlet","wikidata":"Q7982923"}},
{"type":"Feature","geometry":{"type":"Point","coordinates":[-75.575759,38.6398367]},"properties":{"ele":"8","gnis:feature_id":"217571","name":"Broad Acres","place":"hamlet"}},
{"type":"Feature","geometry":{"type":"Point","coordinates":[-75.5793697,38.0778996]},"properties":{"ele":"3","gnis:feature_id":"596774","name":"Cassatt","place":"hamlet"}},
{"type":"Feature","geometry":{"type":"Point","coordinates":[-75.6846511,38.0079014]},"properties":{"ele":"1","gnis:feature_id":"588692","name":"Marumsco","place":"hamlet"}},
{"type":"Feature","geometry":{"type":"Point","coordinates":[-75.8668769,38.3226209]},"properties":{"ele":"5","gnis:feature_id":"1668570","name":"Tyaskin Estates","place":"hamlet"}},
{"type":"Feature","geometry":{"type":"Point","coordinates":[-75.5782591,38.6409478]},"properties":{"ele":"7","gnis:feature_id":"217047","name":"Lightfoots Furnace","place":"hamlet"}},
{"type":"Feature","geometry":{"type":"Point","coordinates":[-75.5238129,38.7092807]},"properties":{"ele":"9","gnis:feature_id":"215541","name":"Collins Mill Park","place":"hamlet"}},
{"type":"Feature","geometry":{"type":"Point","coordinates":[-75.6724277,38.3709516]},"properties":{"ele":"9","gnis:feature_id":"1668323","name":"Centennial Village","place":"hamlet"}},
{"type":"Feature","geometry":{"type":"Point","coordinates":[-75.595482,38.6834474]},"properties":{"ele":"9","gnis:feature_id":"217036","name":"Lake Shores","place":"hamlet"}},
{"type":"Feature","geometry":{"type":"Point","coordinates":[-75.6054834,37.8562373]},"properties":{"ele":"6","gnis:feature_id":"1493275","name":"Mears Station","place":"locality","wikidata":"Q14692198"}},
{"type":"Feature","geometry":{"type":"Point","coordinates":[-75.4543665,38.0201218]},"properties":{"ele":"5","gnis:feature_id":"591505","name":"Welbourne","place":"hamlet"}},
{"type":"Feature","geometry":{"type":"Point","coordinates":[-76.0949418,38.7320611]},"properties":{"ele":"2","gnis:feature_id":"592706","name":"Country Club Estates","place":"neighbourhood"}},
{"type":"Feature","geometry":{"type":"Point","coordinates":[-75.7018751,38.4867828]},"properties":{"ele":"12","gnis:feature_id":"1668473","name":"Norfolk Downs","place":"hamlet"}},
{"type":"Feature","geometry":{"type":"Point","coordinates":[-75.8482673,38.4473404]},"properties":{"ele":"1","gnis:feature_id":"588672","name":"Hollands Crossroads","place":"hamlet"}},
{"type":"Feature","geometry":{"type":"Point","coordinates":[-76.0818827,38.2820672]},"properties":{"ele":"1","gnis:feature_id":"588298","name":"Wingate","place":"hamlet","wikidata":"Q16888210"}},
{"type":"Feature","geometry":{"type":"Point","coordinates":[-76.1821653,38.5137318]},"properties":{"ele":"1","gnis:feature_id":"596444","name":"Brad Vern Park","place":"neighbourhood"}},
{"type":"Feature","geometry":{"type":"Point","coordinates":[-76.1758412,38.5033093]},"properties":{"ele":"1","gnis:feature_id":"591609","name":"Woolford","place":"hamlet","wikidata":"Q8033812"}},
{"type":"Feature","geometry":{"type":"Point","coordinates":[-75.2593555,38.6987237]},"properties":{"ele":"12","gnis:feature_id":"216787","name":"Andersons Corner","place":"hamlet"}},
{"type":"Feature","geometry":{"type":"Point","coordinates":[-75.2954702,38.2031734]},"properties":{"ele":"11","gnis:feature_id":"1668904","name":"Harmon Landing Estates","place":"hamlet"}},
{"type":"Feature","geometry":{"type":"Point","coordinates":[-75.5960378,38.7542803]},"properties":{"ele":"14","gnis:feature_id":"215551","name":"Bridgeville North","place":"hamlet"}},
{"type":"Feature","geometry":{"type":"Point","coordinates":[-76.0960518,38.546786]},"properties":{"ele":"3","gnis:feature_id":"596630","name":"Patamoke Village","place":"neighbourhood"}},
{"type":"Feature","geometry":{"type":"Point","coordinates":[-76.0124378,38.4901192]},"properties":{"ele":"3","gnis:feature_id":"590537","name":"Indianbone","place":"locality"}},
{"type":"Feature","geometry":{"type":"Point","coordinates":[-75.5457562,38.3717842]},"properties":{"ele":"13","gnis:feature_id":"1668601","name":"White Plains","place":"hamlet"}},
{"type":"Feature","geometry":{"type":"Point","coordinates":[-75.8607244,37.9742275]},"properties":{"ele":"1","gnis:feature_id":"590556","name":"Jersey","place":"hamlet"}},
{"type":"Feature","geometry":{"type":"Point","coordinates":[-75.9338254,38.5942835]},"properties":{"ele":"8","gnis:feature_id":"596555","name":"Heritage Mobile Home Park","place":"hamlet"}},
{"type":"Feature","geometry":{"type":"Point","coordinates":[-75.609369,38.3081746]},"properties":{"ele":"13","gnis:feature_id":"1668444","name":"Moonglow Manor","place":"hamlet"}},
{"type":"Feature","geometry":{"type":"Point","coordinates":[-75.5302001,38.3787284]},"properties":{"ele":"14","gnis:feature_id":"1668301","name":"Beaver Run Manor","place":"hamlet"}},
{"type":"Feature","geometry":{"type":"Point","coordinates":[-75.6524282,38.468172]},"properties":{"ele":"13","gnis:feature_id":"217178","name":"Susan Beach Corner","place":"hamlet"}},
{"type":"Feature","geometry":{"type":"Point","coordinates":[-75.6393726,37.9145695]},"properties":{"ele":"1","gnis:feature_id":"1499733","name":"Messongo","place":"locality","wikidata":"Q6822039"}},
{"type":"Feature","geometry":{"type":"Point","coordinates":[-75.7015949,38.3442858]},"properties":{"ele":"5","gnis:feature_id":"1668400","name":"High Bank Estates","place":"hamlet"}},
{"type":"Feature","geometry":{"type":"Point","coordinates":[-75.5696459,38.36484]},"properties":{"ele":"12","gnis:feature_id":"1668709","name":"Sunayr","place":"neighbourhood"}},
{"type":"Feature","geometry":{"type":"Point","coordinates":[-75.8291009,38.6578929]},"properties":{"ele":"12","gnis:feature_id":"591559","name":"Williamsburg","place":"hamlet","wikidata":"Q8021145","wikipedia":"en:Williamsburg, Maryland"}},
{"type":"Feature","geometry":{"type":"Point","coordinates":[-75.6363168,38.500949]},"properties":{"ele":"14","gnis:feature_id":"216189","name":"Ralphs","place":"hamlet"}},
{"type":"Feature","geometry":{"type":"Point","coordinates":[-76.0443843,38.7131719]},"properties":{"ele":"18","gnis:feature_id":"590725","name":"Manadier","place":"hamlet"}},
{"type":"Feature","geometry":{"type":"Point","coordinates":[-75.5935374,38.6348367]},"properties":{"ele":"6","gnis:feature_id":"216620","name":"Hastings Park Mobile Home Park","place":"hamlet"}},
{"type":"Feature","geometry":{"type":"Point","coordinates":[-75.4635309,38.3562282]},"properties":{"ele":"16","gnis:feature_id":"591266","name":"Shavox","place":"hamlet"}},
{"type":"Feature","geometry":{"type":"Point","coordinates":[-76.0885527,38.7423387]},"properties":{"ele":"8","gnis:feature_id":"592702","name":"Cooks Hope","place":"locality"}},
{"type":"Feature","geometry":{"type":"Point","coordinates":[-75.562147,38.5626151]},"properties":{"ele":"9","gnis:feature_id":"217483","name":"Lakeside Manor","place":"hamlet"}},
{"type":"Feature","geometry":{"type":"Point","coordinates":[-76.1777937,38.7422694]},"properties":{"ele":"2","gnis:feature_id":"591197","name":"Royal Oak","place":"hamlet","wikidata":"Q7374614"}},
{"type":"Feature","geometry":{"type":"Point","coordinates":[-75.6771499,38.3640074]},"properties":{"ele":"8","gnis:feature_id":"1668521","name":"Rockawalking Estates","place":"hamlet"}},
{"type":"Feature","geometry":{"type":"Point","coordinates":[-76.0866081,38.7326166]},"properties":{"ele":"6","gnis:feature_id":"592752","name":"Gilnock Hall","place":"neighbourhood"}},
{"type":"Feature","geometry":{"type":"Point","coordinates":[-75.4904775,38.595948]},"properties":{"ele":"14","gnis:feature_id":"217085","name":"Sycamore","place":"hamlet","wikidata":"Q85804577"}},
{"type":"Feature","geometry":{"type":"Point","coordinates":[-75.877434,38.4051193]},"properties":{"ele":"1","gnis:feature_id":"589997","name":"Cokeland","place":"hamlet"}},
{"type":"Feature","geometry":{"type":"Point","coordinates":[-75.6563174,37.9356804]},"properties":{"ele":"0","gnis:feature_id":"1499421","name":"Flag Pond Landing","place":"locality","wikidata":"Q5456633"}},
{"type":"Feature","geometry":{"type":"Point","coordinates":[-75.9102105,38.2584557]},"properties":{"ele":"2","gnis:feature_id":"1668461","name":"Nanticoke Acres","place":"hamlet","wikidata":"Q6037904"}},
{"type":"Feature","geometry":{"type":"Point","coordinates":[-75.5329798,38.0612327]},"properties":{"ele":"9","gnis:feature_id":"1668901","name":"Harbor Acres","place":"hamlet"}},
{"type":"Feature","geometry":{"type":"Point","coordinates":[-76.0071605,38.6320614]},"properties":{"ele":"8","gnis:feature_id":"592669","name":"Bristolwood","place":"hamlet"}},
{"type":"Feature","geometry":{"type":"Point","coordinates":[-75.6171494,38.5620596]},"properties":{"ele":"8","gnis:feature_id":"215328","name":"Broad Creek Estates","place":"hamlet"}},
{"type":"Feature","geometry":{"type":"Point","coordinates":[-75.2985242,38.6595574]},"properties":{"ele":"12","gnis:feature_id":"215405","name":"Kawan Acres","place":"hamlet"}},
{"type":"Feature","geometry":{"type":"Point","coordinates":[-75.3968623,38.6915024]},"properties":{"ele":"15","gnis:feature_id":"215419","name":"Dunbarton Oaks Apartments","place":"hamlet"}},
{"type":"Feature","geometry":{"type":"Point","coordinates":[-75.5443676,38.419839]},"properties":{"ele":"15","gnis:feature_id":"1668526","name":"Rum Ridge Estates","place":"hamlet"}},
{"type":"Feature","geometry":{"type":"Point","coordinates":[-75.5732589,38.6584476]},"properties":{"ele":"5","gnis:feature_id":"217044","name":"Snug Harbor","place":"hamlet"}},
{"type":"Feature","geometry":{"type":"Point","coordinates":[-75.5577024,38.5626151]},"properties":{"ele":"9","gnis:feature_id":"216578","name":"Shady Acres Mobile Home Park","place":"hamlet"}},
{"type":"Feature","geometry":{"type":"Point","coordinates":[-76.1141092,38.7453946]},"properties":{"ele":"2","gnis:feature_id":"592869","name":"Peach Orchard","place":"neighbourhood"}},
{"type":"Feature","geometry":{"type":"Point","coordinates":[-75.8077081,38.1731782]},"properties":{"ele":"1","gnis:feature_id":"590953","name":"Oriole","place":"hamlet","wikidata":"Q7102734"}},
{"type":"Feature","geometry":{"type":"Point","coordinates":[-75.9039999,38.6511612]},"properties":{"ele":"13","gnis:feature_id":"591476","name":"Waddells Corner","place":"hamlet","wikidata":"Q7958974","wikipedia":"en:Waddells Corner, Maryland"}},
{"type":"Feature","geometry":{"type":"Point","coordinates":[-75.3685305,37.9204016]},"properties":{"ele":"2","gnis:feature_id":"1492577","name":"Birch Town","place":"hamlet","wikidata":"Q4915694","wikipedia":"en:Birch Town, Virginia"}},
{"type":"Feature","geometry":{"type":"Point","coordinates":[-75.560201,38.3406737]},"properties":{"ele":"11","gnis:feature_id":"1668677","name":"Nevins Mill","place":"hamlet"}},
{"type":"Feature","geometry":{"type":"Point","coordinates":[-76.1566109,38.7556728]},"properties":{"ele":"3","gnis:feature_id":"592954","name":"Thanksgiving","place":"locality"}},
{"type":"Feature","geometry":{"type":"Point","coordinates":[-75.2604691,38.1967844]},"properties":{"ele":"1","gnis:feature_id":"590422","name":"Harmon Landing","place":"hamlet"}},
{"type":"Feature","geometry":{"type":"Point","coordinates":[-75.4179742,38.1945633]},"properties":{"ele":"7","gnis:feature_id":"1668925","name":"Kirkwood Acres","place":"hamlet"}},
{"type":"Feature","geometry":{"type":"Point","coordinates":[-75.6068702,38.4306725]},"properties":{"ele":"13","gnis:feature_id":"1668413","name":"Jersey Road Estates","place":"hamlet"}},
{"type":"Feature","geometry":{"type":"Point","coordinates":[-76.0379945,38.5578963]},"properties":{"ele":"7","gnis:feature_id":"596466","name":"Cedar Woods","place":"neighbourhood"}},
{"type":"Feature","geometry":{"type":"Point","coordinates":[-75.2619751,38.6547069]},"properties":{"ele":"11","gnis:feature_id":"216614","name":"Patterson Place Mobile Home Park","place":"hamlet"}},
{"type":"Feature","geometry":{"type":"Point","coordinates":[-75.2926924,38.2131732]},"properties":{"ele":"10","gnis:feature_id":"1668973","name":"Oak Hill Estates","place":"hamlet"}},
{"type":"Feature","geometry":{"type":"Point","coordinates":[-75.7479849,38.3084535]},"properties":{"ele":"3","gnis:feature_id":"590987","name":"Pea Hill","place":"hamlet"}},
{"type":"Feature","geometry":{"type":"Point","coordinates":[-75.9574369,38.5531732]},"properties":{"ele":"7","gnis:feature_id":"590456","name":"Hicksburg","place":"hamlet"}},
{"type":"Feature","geometry":{"type":"Point","coordinates":[-76.0224387,38.6056732]},"properties":{"ele":"6","gnis:feature_id":"592656","name":"Belmont Landing","place":"hamlet"}},
{"type":"Feature","geometry":{"type":"Point","coordinates":[-75.5796477,38.5476152]},"properties":{"ele":"9","gnis:feature_id":"215366","name":"Pusey Development","note:wikipedia":"No article as of 2012-12","place":"hamlet"}},
{"type":"Feature","geometry":{"type":"Point","coordinates":[-75.6224253,38.3317854]},"properties":{"ele":"7","gnis:feature_id":"1668445","name":"Moores Corner","place":"hamlet"}},
{"type":"Feature","geometry":{"type":"Point","coordinates":[-75.7540971,38.0154018]},"properties":{"ele":"1","gnis:feature_id":"591438","name":"Tulls Corner","place":"hamlet","wikidata":"Q7852224"}},
{"type":"Feature","geometry":{"type":"Point","coordinates":[-76.0621629,38.746505]},"properties":{"ele":"12","gnis:feature_id":"592654","name":"Beechwood","place":"neighbourhood"}},
{"type":"Feature","geometry":{"type":"Point","coordinates":[-75.7063171,38.1240114]},"properties":{"ele":"4","gnis:feature_id":"588163","name":"Westover","place":"hamlet","wikidata":"Q7989518"}},
{"type":"Feature","geometry":{"type":"Point","coordinates":[-75.5952042,38.6473366]},"properties":{"ele":"3","gnis:feature_id":"215422","name":"The Island","place":"hamlet"}},
{"type":"Feature","geometry":{"type":"Point","coordinates":[-75.6088159,38.6806698]},"properties":{"ele":"9","gnis:feature_id":"215431","name":"Middleford Acres","place":"hamlet"}},
{"type":"Feature","geometry":{"type":"Point","coordinates":[-75.5115895,38.6001148]},"properties":{"ele":"12","gnis:feature_id":"215435","name":"Frederick Acres","place":"hamlet"}},
{"type":"Feature","geometry":{"type":"Point","coordinates":[-75.8988761,38.7029692]},"properties":{"ele":"1","gnis:feature_id":"590667","name":"Linchester","place":"hamlet","wikidata":"Q13424027"}},
{"type":"Feature","geometry":{"type":"Point","coordinates":[-75.8566015,38.6037271]},"properties":{"ele":"12","gnis:feature_id":"591000","name":"Petersburg","place":"hamlet"}},
{"type":"Feature","geometry":{"type":"Point","coordinates":[-76.1913316,38.384011]},"properties":{"ele":"1","gnis:feature_id":"590050","name":"Crossroads","place":"locality"}},
{"type":"Feature","geometry":{"type":"Point","coordinates":[-75.5121439,38.3806728]},"properties":{"ele":"15","gnis:feature_id":"1668424","name":"Kenilworth","place":"hamlet"}},
{"type":"Feature","geometry":{"type":"Point","coordinates":[-75.6107586,38.3653958]},"properties":{"ele":"6","gnis:feature_id":"1668626","name":"California","place":"neighbourhood"}},
{"type":"Feature","geometry":{"type":"Point","coordinates":[-75.3604715,38.5153922]},"properties":{"ele":"13","gnis:feature_id":"215357","name":"Nentego Manor","place":"hamlet"}},
{"type":"Feature","geometry":{"type":"Point","coordinates":[-75.4740868,38.3728948]},"properties":{"ele":"18","gnis:feature_id":"590216","name":"Forest Grove","place":"hamlet"}},
{"type":"Feature","geometry":{"type":"Point","coordinates":[-76.1829993,38.5898419]},"properties":{"ele":"1","gnis:feature_id":"588688","name":"Lloyds","place":"locality","wikidata":"Q14692128"}},
{"type":"Feature","geometry":{"type":"Point","coordinates":[-75.6204801,38.2215094]},"properties":{"ele":"10","gnis:feature_id":"590929","name":"Oakville","place":"hamlet"}},
{"type":"Feature","geometry":{"type":"Point","coordinates":[-75.3640829,38.7009465]},"properties":{"ele":"14","gnis:feature_id":"215528","name":"Rogers Development","place":"hamlet"}},
{"type":"Feature","geometry":{"type":"Point","coordinates":[-76.0521591,38.242901]},"properties":{"ele":"1","gnis:feature_id":"590045","name":"Crocheron","place":"hamlet","wikidata":"Q5187270"}},
{"type":"Feature","geometry":{"type":"Point","coordinates":[-75.8204861,38.1870669]},"properties":{"ele":"1","gnis:feature_id":"590813","name":"Monie","place":"hamlet"}},
{"type":"Feature","geometry":{"type":"Point","coordinates":[-75.8077082,38.1604005]},"properties":{"ele":"1","gnis:feature_id":"589933","name":"Champ","place":"hamlet"}},
{"type":"Feature","geometry":{"type":"Point","coordinates":[-75.2654673,38.5723356]},"properties":{"ele":"6","gnis:feature_id":"216738","name":"Holiday Acres","place":"neighbourhood","wikidata":"Q5880362"}},
{"type":"Feature","geometry":{"type":"Point","coordinates":[-75.5596456,38.3648399]},"properties":{"ele":"13","gnis:feature_id":"1668686","name":"Philmore Park","place":"hamlet"}},
{"type":"Feature","geometry":{"type":"Point","coordinates":[-76.1441106,38.7626169]},"properties":{"ele":"3","gnis:feature_id":"590606","name":"Kirkham","place":"locality"}},
{"type":"Feature","geometry":{"type":"Point","coordinates":[-75.6118699,38.37984]},"properties":{"ele":"9","gnis:feature_id":"1668591","name":"Westover Hills","place":"neighbourhood"}},
{"type":"Feature","geometry":{"type":"Point","coordinates":[-75.4301972,38.6523361]},"properties":{"ele":"15","gnis:feature_id":"216246","name":"Whaleys Corners","place":"hamlet","wikidata":"Q7990554"}},
{"type":"Feature","geometry":{"type":"Point","coordinates":[-75.490755,38.1553978]},"properties":{"ele":"8","gnis:feature_id":"588639","name":"Corbin","place":"hamlet"}},
{"type":"Feature","geometry":{"type":"Point","coordinates":[-76.1107758,38.7498389]},"properties":{"ele":"3","gnis:feature_id":"592988","name":"Waverly Island Estates","place":"neighbourhood"}},
{"type":"Feature","geometry":{"type":"Point","coordinates":[-75.792709,38.3498419]},"properties":{"ele":"3","gnis:feature_id":"591196","name":"Royal Oak","place":"hamlet"}},
{"type":"Feature","geometry":{"type":"Point","coordinates":[-75.7296503,38.2759541]},"properties":{"ele":"1","gnis:feature_id":"591478","name":"Wagner Landing","place":"hamlet"}},
{"type":"Feature","geometry":{"type":"Point","coordinates":[-75.6592808,38.3472988]},"properties":{"ele":"6","gnis:feature_id":"1668516","name":"River Isle Estates","place":"hamlet"}},
{"type":"Feature","geometry":{"type":"Point","coordinates":[-75.3429707,38.5765028]},"properties":{"ele":"12","gnis:feature_id":"215410","name":"Lakeview Estates","place":"neighbourhood"}},
{"type":"Feature","geometry":{"type":"Point","coordinates":[-75.5704799,38.4312278]},"properties":{"ele":"12","gnis:feature_id":"1668482","name":"Oakdale Acres","place":"hamlet"}},
{"type":"Feature","geometry":{"type":"Point","coordinates":[-75.3004686,38.7206683]},"properties":{"ele":"12","gnis:feature_id":"215530","name":"Briarwood Manor","place":"hamlet"}},
{"type":"Feature","geometry":{"type":"Point","coordinates":[-75.4293658,37.9862334]},"properties":{"ele":"4","gnis:feature_id":"1493601","name":"Sinnickson","place":"locality","wikidata":"Q7524726"}},
{"type":"Feature","geometry":{"type":"Point","coordinates":[-75.2971353,38.6470575]},"properties":{"ele":"12","gnis:feature_id":"216261","name":"Zoar","place":"hamlet","wikidata":"Q8073160"}},
{"type":"Feature","geometry":{"type":"Point","coordinates":[-75.5774257,38.6459478]},"properties":{"ele":"4","gnis:feature_id":"217046","name":"Douglas Forge","place":"hamlet"}},
{"type":"Feature","geometry":{"type":"Point","coordinates":[-75.5557567,38.3901173]},"properties":{"ele":"12","gnis:feature_id":"588993","name":"Green Acres","place":"hamlet"}},
{"type":"Feature","geometry":{"type":"Point","coordinates":[-75.8890994,38.3062324]},"properties":{"ele":"5","gnis:feature_id":"589760","name":"Bivalve","place":"hamlet","wikidata":"Q3886323"}},
{"type":"Feature","geometry":{"type":"Point","coordinates":[-75.471587,38.2042859]},"properties":{"ele":"9","gnis:feature_id":"590265","name":"Furnace","place":"hamlet"}},
{"type":"Feature","geometry":{"type":"Point","coordinates":[-75.5799259,38.6570588]},"properties":{"ele":"6","gnis:feature_id":"215427","name":"Friedel Property","place":"hamlet"}},
{"type":"Feature","geometry":{"type":"Point","coordinates":[-75.6560399,38.5670596]},"properties":{"ele":"5","gnis:feature_id":"215439","name":"Hoagland Subdivision","place":"hamlet"}},
{"type":"Feature","geometry":{"type":"Point","coordinates":[-75.3168584,38.6390022]},"properties":{"ele":"6","gnis:feature_id":"216160","name":"Morris Mill","place":"hamlet","wikidata":"Q6913812"}},
{"type":"Feature","geometry":{"type":"Point","coordinates":[-75.6779851,38.708725]},"properties":{"ele":"15","gnis:feature_id":"216021","name":"Atlanta","place":"hamlet","wikidata":"Q4815967"}},
{"type":"Feature","geometry":{"type":"Point","coordinates":[-75.6143719,37.9579018]},"properties":{"ele":"1","gnis:feature_id":"1495332","name":"Bullbegger","place":"hamlet","wikidata":"Q4996698"}},
{"type":"Feature","geometry":{"type":"Point","coordinates":[-76.1799417,38.2612343]},"properties":{"ele":"1","gnis:feature_id":"590500","name":"Hoopersville","place":"hamlet","wikidata":"Q5898394"}},
{"type":"Feature","geometry":{"type":"Point","coordinates":[-76.1516089,38.5292868]},"properties":{"ele":"1","gnis:feature_id":"596648","name":"Ripling Waters","place":"locality"}},
{"type":"Feature","geometry":{"type":"Point","coordinates":[-75.6010377,38.6145591]},"properties":{"ele":"10","gnis:feature_id":"215438","name":"Johnson Development","place":"hamlet"}},
{"type":"Feature","geometry":{"type":"Point","coordinates":[-75.5802013,38.3015078]},"properties":{"ele":"15","gnis:feature_id":"1668343","name":"Deer Harbour","place":"hamlet"}},
{"type":"Feature","geometry":{"type":"Point","coordinates":[-75.6315945,38.6576144]},"properties":{"ele":"10","gnis:feature_id":"217574","name":"Heritage Village","place":"hamlet"}},
{"type":"Feature","geometry":{"type":"Point","coordinates":[-75.5552027,38.6420589]},"properties":{"ele":"8","gnis:feature_id":"213823","name":"Concord","place":"hamlet","wikidata":"Q5158746","wikipedia":"en:Concord, Delaware"}},
{"type":"Feature","geometry":{"type":"Point","coordinates":[-75.927436,38.4840072]},"properties":{"ele":"2","gnis:feature_id":"591169","name":"Rocky Hook","place":"hamlet"}},
{"type":"Feature","geometry":{"type":"Point","coordinates":[-75.3963068,38.6915024]},"properties":{"ele":"14","gnis:feature_id":"215418","name":"Kings Second Addition","place":"hamlet"}},
{"type":"Feature","geometry":{"type":"Point","coordinates":[-75.577148,38.65817]},"properties":{"ele":"6","gnis:feature_id":"215428","name":"North Shores Addition","place":"hamlet"}},
{"type":"Feature","geometry":{"type":"Point","coordinates":[-75.7038168,38.3101198]},"properties":{"ele":"7","gnis:feature_id":"591443","name":"Twiggs Corner","place":"hamlet"}},
{"type":"Feature","geometry":{"type":"Point","coordinates":[-75.8393764,37.9740133]},"properties":{"ele":"1","gnis:feature_id":"596833","name":"Lawson","place":"hamlet"}},
{"type":"Feature","geometry":{"type":"Point","coordinates":[-75.6046473,38.3745622]},"properties":{"ele":"5","gnis:feature_id":"1668667","name":"Jersey","place":"neighbourhood"}},
{"type":"Feature","geometry":{"type":"Point","coordinates":[-75.5954822,38.733447]},"properties":{"ele":"13","gnis:feature_id":"217568","name":"Bridgeville Manor","place":"hamlet"}},
{"type":"Feature","geometry":{"type":"Point","coordinates":[-76.1855006,38.7351178]},"properties":{"ele":"2","gnis:feature_id":"592900","name":"Royal Acres","place":"hamlet"}},
{"type":"Feature","geometry":{"type":"Point","coordinates":[-75.8215969,38.2453999]},"properties":{"ele":"2","gnis:feature_id":"590845","name":"Mount Vernon","place":"hamlet","wikidata":"Q754944"}},
{"type":"Feature","geometry":{"type":"Point","coordinates":[-76.1413319,38.6723403]},"properties":{"ele":"1","gnis:feature_id":"592776","name":"Holly Harbor","place":"neighbourhood"}},
{"type":"Feature","geometry":{"type":"Point","coordinates":[-75.836045,38.4570622]},"properties":{"ele":"0","gnis:feature_id":"589867","name":"Butlers Beach","place":"hamlet"}},
{"type":"Feature","geometry":{"type":"Point","coordinates":[-75.4710313,38.3876168]},"properties":{"ele":"25","gnis:feature_id":"586426","name":"Parsonsburg","place":"hamlet","wikidata":"Q3885673"}},
{"type":"Feature","geometry":{"type":"Point","coordinates":[-75.6724275,38.357063]},"properties":{"ele":"7","gnis:feature_id":"1668555","name":"Stonehedge Estates","place":"hamlet"}},
{"type":"Feature","geometry":{"type":"Point","coordinates":[-75.6927058,38.3431746]},"properties":{"ele":"3","gnis:feature_id":"1668579","name":"Upper Ferry Estates","place":"hamlet"}},
{"type":"Feature","geometry":{"type":"Point","coordinates":[-75.5463134,38.6467811]},"properties":{"ele":"8","gnis:feature_id":"217045","name":"Lakewood","place":"hamlet"}},
{"type":"Feature","geometry":{"type":"Point","coordinates":[-75.4529764,38.7462245]},"properties":{"ele":"13","gnis:feature_id":"216130","name":"Kings Crossroads","place":"hamlet"}},
{"type":"Feature","geometry":{"type":"Point","coordinates":[-76.0121603,38.5565071]},"properties":{"ele":"6","gnis:feature_id":"596464","name":"Cannon Acres","place":"neighbourhood"}},
{"type":"Feature","geometry":{"type":"Point","coordinates":[-76.0018823,38.5665068]},"properties":{"ele":"4","gnis:feature_id":"596727","name":"Victoria","place":"neighbourhood"}},
{"type":"Feature","geometry":{"type":"Point","coordinates":[-75.7149313,38.5662264]},"properties":{"ele":"4","gnis:feature_id":"590271","name":"Galestown","place":"hamlet","population":"98","population:date":"2006","source:population":"US Census"}},
{"type":"Feature","geometry":{"type":"Point","coordinates":[-75.6007579,38.3367852]},"properties":{"ele":"9","gnis:feature_id":"590626","name":"Lakewood","place":"neighbourhood"}},
{"type":"Feature","geometry":{"type":"Point","coordinates":[-76.1093862,38.6487291]},"properties":{"ele":"3","gnis:feature_id":"592767","name":"Hampton","place":"hamlet"}},
{"type":"Feature","geometry":{"type":"Point","coordinates":[-75.6871511,38.4126176]},"properties":{"ele":"12","gnis:feature_id":"1668302","name":"Belle Haven","place":"hamlet"}},
{"type":"Feature","geometry":{"type":"Point","coordinates":[-75.457142,38.4140052]},"properties":{"ele":"19","gnis:feature_id":"1668353","name":"East Winds","place":"hamlet"}},
{"type":"Feature","geometry":{"type":"Point","coordinates":[-75.5343665,38.3220626]},"properties":{"ele":"14","gnis:feature_id":"1668397","name":"Heritage Manor","place":"hamlet"}},
{"type":"Feature","geometry":{"type":"Point","coordinates":[-75.3399151,38.6409467]},"properties":{"ele":"12","gnis:feature_id":"216228","name":"Stockley","place":"hamlet","wikidata":"Q7618119"}},
{"type":"Feature","geometry":{"type":"Point","coordinates":[-75.8141005,38.6467818]},"properties":{"ele":"2","gnis:feature_id":"589833","name":"Browns Landing","place":"hamlet"}},
{"type":"Feature","geometry":{"type":"Point","coordinates":[-75.5868719,37.8665147]},"properties":{"ele":"9","gnis:feature_id":"1477379","name":"Groton Town","place":"locality","wikidata":"Q5610775"}},
{"type":"Feature","geometry":{"type":"Point","coordinates":[-75.5524233,38.3901173]},"properties":{"ele":"13","gnis:feature_id":"1668478","name":"Nottingham Woods","place":"hamlet"}},
{"type":"Feature","geometry":{"type":"Point","coordinates":[-75.5515905,38.4673383]},"properties":{"ele":"15","gnis:feature_id":"216574","name":"Stage Mobile Home Village","place":"hamlet"}},
{"type":"Feature","geometry":{"type":"Point","coordinates":[-75.3376944,38.0984534]},"properties":{"ele":"1","gnis:feature_id":"591435","name":"Boxiron Landing","place":"hamlet"}},
{"type":"Feature","geometry":{"type":"Point","coordinates":[-75.6982618,38.3606743]},"properties":{"ele":"7","gnis:feature_id":"1668615","name":"Woods Edge","place":"hamlet"}},
{"type":"Feature","geometry":{"type":"Point","coordinates":[-75.5396481,37.9462347]},"properties":{"ele":"8","gnis:feature_id":"1495992","name":"Nash Corner","place":"locality","wikidata":"Q6966774"}},
{"type":"Feature","geometry":{"type":"Point","coordinates":[-75.5974244,38.3334518]},"properties":{"ele":"9","gnis:feature_id":"1668331","name":"Colbourn Manor","place":"hamlet"}},
{"type":"Feature","geometry":{"type":"Point","coordinates":[-75.6329817,38.3703959]},"properties":{"ele":"10","gnis:feature_id":"1668514","name":"Ray Park Heights","place":"hamlet"}},
{"type":"Feature","geometry":{"type":"Point","coordinates":[-75.5807599,37.9665124]},"properties":{"ele":"2","gnis:feature_id":"1496329","name":"Tunnels Mill","place":"hamlet","wikidata":"Q7853330"}},
{"type":"Feature","geometry":{"type":"Point","coordinates":[-75.887433,38.3187322]},"properties":{"ele":"2","gnis:feature_id":"1668309","name":"Briar Patch","place":"hamlet"}},
{"type":"Feature","geometry":{"type":"Point","coordinates":[-75.8246564,38.630671]},"properties":{"ele":"7","gnis:feature_id":"596565","name":"Holly Hill","place":"hamlet"}},
{"type":"Feature","geometry":{"type":"Point","coordinates":[-75.5790913,38.1270656]},"properties":{"ele":"6","gnis:feature_id":"583833","name":"Cokesbury","place":"hamlet","wikidata":"Q5141731"}},
{"type":"Feature","geometry":{"type":"Point","coordinates":[-76.1043865,38.7203948]},"properties":{"ele":"4","gnis:feature_id":"592678","name":"Canterbury","place":"neighbourhood"}},
{"type":"Feature","geometry":{"type":"Point","coordinates":[-76.1888319,38.4776211]},"properties":{"ele":"1","gnis:feature_id":"590429","name":"Harrisville","place":"locality"}},
{"type":"Feature","geometry":{"type":"Point","coordinates":[-75.8760464,38.5887274]},"properties":{"ele":"15","gnis:feature_id":"596690","name":"Shiloh Manor","place":"neighbourhood"}},
{"type":"Feature","geometry":{"type":"Point","coordinates":[-75.5565898,38.3592845]},"properties":{"ele":"12","gnis:feature_id":"1668673","name":"Midvale Manor","place":"hamlet"}},
{"type":"Feature","geometry":{"type":"Point","coordinates":[-75.5504785,38.3592844]},"properties":{"ele":"12","gnis:feature_id":"1668641","name":"Crestwood","place":"hamlet"}},
{"type":"Feature","geometry":{"type":"Point","coordinates":[-76.0996632,38.5842855]},"properties":{"ele":"3","gnis:feature_id":"596719","name":"Treeland","place":"neighbourhood"}},
{"type":"Feature","geometry":{"type":"Point","coordinates":[-76.1691101,38.615397]},"properties":{"ele":"2","gnis:feature_id":"596446","name":"Brelsmir Haven","place":"locality"}},
{"type":"Feature","geometry":{"type":"Point","coordinates":[-75.3532518,37.9373456]},"properties":{"ele":"1","gnis:feature_id":"1492853","name":"Deep Hole","place":"hamlet","wikidata":"Q5250215"}},
{"type":"Feature","geometry":{"type":"Point","coordinates":[-75.677984,38.4148397]},"properties":{"ele":"13","gnis:feature_id":"1668364","name":"Farmhouse Acres","place":"hamlet"}},
{"type":"Feature","geometry":{"type":"Point","coordinates":[-76.0807728,38.4470649]},"properties":{"ele":"1","gnis:feature_id":"591253","name":"Seward","place":"locality"}},
{"type":"Feature","geometry":{"type":"Point","coordinates":[-75.6080436,38.6501157]},"properties":{"ele":"9","gnis:feature_id":"217570","name":"Seaford Heights","place":"hamlet"}},
{"type":"Feature","geometry":{"type":"Point","coordinates":[-75.6535398,38.7531692]},"properties":{"ele":"18","gnis:feature_id":"216082","name":"Dublin Hill","place":"hamlet","wikidata":"Q25025376"}},
{"type":"Feature","geometry":{"type":"Point","coordinates":[-75.5732572,38.3723399]},"properties":{"ele":"11","gnis:feature_id":"1668715","name":"Washington Heights","place":"neighbourhood"}},
{"type":"Feature","geometry":{"type":"Point","coordinates":[-76.0627187,38.7640047]},"properties":{"ele":"12","gnis:feature_id":"592783","name":"Idlewild","place":"neighbourhood"}},
{"type":"Feature","geometry":{"type":"Point","coordinates":[-76.0677155,38.2681785]},"properties":{"ele":"1","gnis:feature_id":"589758","name":"Bishops Head","place":"locality","wikidata":"Q4918060"}},
{"type":"Feature","geometry":{"type":"Point","coordinates":[-75.7282654,38.503727]},"properties":{"ele":"9","gnis:feature_id":"1668334","name":"Cooper Mill","place":"hamlet"}},
{"type":"Feature","geometry":{"type":"Point","coordinates":[-75.620203,38.3265077]},"properties":{"ele":"9","gnis:feature_id":"1668431","name":"Linda Manor","place":"hamlet"}},
{"type":"Feature","geometry":{"type":"Point","coordinates":[-75.6299277,38.5620596]},"properties":{"ele":"4","gnis:feature_id":"216186","name":"Portsville","place":"hamlet","wikidata":"Q7232525"}},
{"type":"Feature","geometry":{"type":"Point","coordinates":[-76.0627151,38.2381788]},"properties":{"ele":"0","gnis:feature_id":"590483","name":"Hog Island","place":"locality"}},
{"type":"Feature","geometry":{"type":"Point","coordinates":[-75.9002136,38.574839]},"properties":{"ele":"10","gnis:feature_id":"591408","name":"Thompsontown","place":"hamlet"}},
{"type":"Feature","geometry":{"type":"Point","coordinates":[-75.5510342,38.3759508]},"properties":{"ele":"13","gnis:feature_id":"1668344","name":"Deerfield","place":"neighbourhood"}},
{"type":"Feature","geometry":{"type":"Point","coordinates":[-75.5996474,38.4012285]},"properties":{"ele":"11","gnis:feature_id":"1668402","name":"Holland Heights","place":"hamlet"}},
{"type":"Feature","geometry":{"type":"Point","coordinates":[-75.9802157,38.7245599]},"properties":{"ele":"8","gnis:feature_id":"596031","name":"Tanyard Estates","place":"hamlet"}},
{"type":"Feature","geometry":{"type":"Point","coordinates":[-75.5749241,38.3873396]},"properties":{"ele":"11","gnis:feature_id":"1668432","name":"Maple Plains","place":"neighbourhood"}},
{"type":"Feature","geometry":{"type":"Point","coordinates":[-76.0832721,38.3470663]},"properties":{"ele":"1","gnis:feature_id":"591512","name":"Wesley","place":"locality"}},
{"type":"Feature","geometry":{"type":"Point","coordinates":[-76.0541066,38.654284]},"properties":{"ele":"16","gnis:feature_id":"592800","name":"La Trappe Heights","place":"hamlet"}},
{"type":"Feature","geometry":{"type":"Point","coordinates":[-75.8290988,38.3590087]},"properties":{"ele":"6","gnis:feature_id":"590397","name":"Gum Swamp","place":"hamlet"}},
{"type":"Feature","geometry":{"type":"Point","coordinates":[-75.5454783,38.3606733]},"properties":{"ele":"13","gnis:feature_id":"1668474","name":"North Kaywood","place":"hamlet"}},
{"type":"Feature","geometry":{"type":"Point","coordinates":[-75.7427105,38.5048381]},"properties":{"ele":"6","gnis:feature_id":"1668517","name":"Riverton Acres","place":"hamlet"}},
{"type":"Feature","geometry":{"type":"Point","coordinates":[-76.1438263,38.3848276]},"properties":{"ele":"0","gnis:feature_id":"589767","name":"Blackwater","place":"locality"}},
{"type":"Feature","geometry":{"type":"Point","coordinates":[-75.9441036,38.746226]},"properties":{"ele":"15","gnis:feature_id":"583190","name":"Bethlehem","place":"hamlet","wikidata":"Q4898011","wikipedia":"en:Bethlehem, Maryland"}},
{"type":"Feature","geometry":{"type":"Point","coordinates":[-75.8493791,38.6337266]},"properties":{"ele":"13","gnis:feature_id":"596640","name":"Prospect Hills","place":"hamlet"}},
{"type":"Feature","geometry":{"type":"Point","coordinates":[-75.518533,38.3801172]},"properties":{"ele":"15","gnis:feature_id":"1668551","name":"Smithwood Manor","place":"hamlet"}},
{"type":"Feature","geometry":{"type":"Point","coordinates":[-76.1002199,38.7392834]},"properties":{"ele":"5","gnis:feature_id":"592855","name":"Oaklands","place":"neighbourhood"}},
{"type":"Feature","geometry":{"type":"Point","coordinates":[-75.3679719,38.5659474]},"properties":{"ele":"14","gnis:feature_id":"216076","name":"Cross Keys","place":"hamlet","wikidata":"Q14685339"}},
{"type":"Feature","geometry":{"type":"Point","coordinates":[-75.5771487,37.9720678]},"properties":{"ele":"3","gnis:feature_id":"1495956","name":"Miona","place":"hamlet","wikidata":"Q6871550"}},
{"type":"Feature","geometry":{"type":"Point","coordinates":[-75.3490835,38.1151198]},"properties":{"ele":"5","gnis:feature_id":"588622","name":"Boxiron","place":"hamlet","wikidata":"Q4951977"}},
{"type":"Feature","geometry":{"type":"Point","coordinates":[-75.6940942,38.1531776]},"properties":{"ele":"4","gnis:feature_id":"596831","name":"Landon Station","place":"hamlet"}},
{"type":"Feature","geometry":{"type":"Point","coordinates":[-75.6732624,38.4659498]},"properties":{"ele":"12","gnis:feature_id":"217177","name":"Packing House Corner","place":"hamlet","wikidata":"Q15411451"}},
{"type":"Feature","geometry":{"type":"Point","coordinates":[-75.5921464,38.324563]},"properties":{"ele":"10","gnis:feature_id":"1668446","name":"Morris Mill","place":"hamlet"}},
{"type":"Feature","geometry":{"type":"Point","coordinates":[-75.5738134,38.4342834]},"properties":{"ele":"13","gnis:feature_id":"1668358","name":"Ellegood Estates","place":"hamlet"}},
{"type":"Feature","geometry":{"type":"Point","coordinates":[-76.084941,38.6562287]},"properties":{"ele":"2","gnis:feature_id":"591426","name":"Trappe Landing","place":"hamlet"}},
{"type":"Feature","geometry":{"type":"Point","coordinates":[-75.2985254,38.319005]},"properties":{"ele":"7","gnis:feature_id":"590663","name":"Libertytown","place":"hamlet"}},
{"type":"Feature","geometry":{"type":"Point","coordinates":[-75.7909872,38.268984]},"properties":{"ele":"1","gnis:feature_id":"588219","name":"Whitehaven","place":"hamlet","wikidata":"Q3887073"}},
{"type":"Feature","geometry":{"type":"Point","coordinates":[-76.0643849,38.6951168]},"properties":{"ele":"15","gnis:feature_id":"590405","name":"Hambleton","place":"hamlet"}},
{"type":"Feature","geometry":{"type":"Point","coordinates":[-75.435753,38.6623361]},"properties":{"ele":"15","gnis:feature_id":"216094","name":"Flea Hill","place":"hamlet","wikidata":"Q5458309"}},
{"type":"Feature","geometry":{"type":"Point","coordinates":[-75.9463258,38.6290054]},"properties":{"ele":"5","gnis:feature_id":"596737","name":"West Haven","place":"hamlet"}},
{"type":"Feature","geometry":{"type":"Point","coordinates":[-76.1668871,38.5278981]},"properties":{"ele":"1","gnis:feature_id":"596491","name":"Deep Harbor Estates","place":"neighbourhood"}},
{"type":"Feature","geometry":{"type":"Point","coordinates":[-75.5043656,38.3540064]},"properties":{"ele":"16","gnis:feature_id":"1668425","name":"Kilbirnie Estates","place":"hamlet"}},
{"type":"Feature","geometry":{"type":"Point","coordinates":[-75.5632573,38.4195613]},"properties":{"ele":"14","gnis:feature_id":"1668580","name":"Victory Gardens","place":"hamlet"}},
{"type":"Feature","geometry":{"type":"Point","coordinates":[-75.7279848,38.0745676]},"properties":{"ele":"2","gnis:feature_id":"585318","name":"Kingston","place":"hamlet","wikidata":"Q6413423"}},
{"type":"Feature","geometry":{"type":"Point","coordinates":[-75.7785413,38.3115093]},"properties":{"ele":"3","gnis:feature_id":"584741","name":"Green Hill","place":"hamlet"}},
{"type":"Feature","geometry":{"type":"Point","coordinates":[-75.4215859,38.7620576]},"properties":{"ele":"13","gnis:feature_id":"216195","name":"Robbins","place":"hamlet"}},
{"type":"Feature","geometry":{"type":"Point","coordinates":[-75.5671476,38.6584476]},"properties":{"ele":"6","gnis:feature_id":"217049","name":"Meadow Acres","place":"hamlet"}},
{"type":"Feature","geometry":{"type":"Point","coordinates":[-75.460756,37.996511]},"properties":{"ele":"10","gnis:feature_id":"1474580","name":"Sign Post","place":"hamlet","wikidata":"Q7512548"}},
{"type":"Feature","geometry":{"type":"Point","coordinates":[-75.6038141,38.3787289]},"properties":{"ele":"6","gnis:feature_id":"1668594","name":"Westwood","place":"hamlet"}},
{"type":"Feature","geometry":{"type":"Point","coordinates":[-75.7432633,38.0406793]},"properties":{"ele":"1","gnis:feature_id":"588709","name":"Pauls Corner","place":"hamlet"}},
{"type":"Feature","geometry":{"type":"Point","coordinates":[-75.365194,38.4776148]},"properties":{"ele":"13","gnis:feature_id":"216106","name":"Gumboro","place":"hamlet","wikidata":"Q5574925"}},
{"type":"Feature","geometry":{"type":"Point","coordinates":[-75.9279922,38.7603925]},"properties":{"ele":"12","gnis:feature_id":"595816","name":"Hopeland Acres","place":"hamlet"}},
{"type":"Feature","geometry":{"type":"Point","coordinates":[-75.8143759,38.0106795]},"properties":{"ele":"1","gnis:feature_id":"596929","name":"Ward","place":"hamlet"}},
{"type":"Feature","geometry":{"type":"Point","coordinates":[-75.5499262,37.9390128]},"properties":{"ele":"6","gnis:feature_id":"1495831","name":"Lecato","place":"locality","wikidata":"Q6511496"}},
{"type":"Feature","geometry":{"type":"Point","coordinates":[-75.5485353,38.5556707]},"properties":{"ele":"8","gnis:feature_id":"214458","name":"Lake Pines","place":"hamlet","wikidata":"Q6477365","wikipedia":"en:Lake Pines, Delaware"}},
{"type":"Feature","geometry":{"type":"Point","coordinates":[-75.9838267,38.6712273]},"properties":{"ele":"10","gnis:feature_id":"589838","name":"Bruceville","place":"hamlet"}},
{"type":"Feature","geometry":{"type":"Point","coordinates":[-76.0307714,38.4592865]},"properties":{"ele":"1","gnis:feature_id":"588627","name":"Bucktown","place":"locality"}},
{"type":"Feature","geometry":{"type":"Point","coordinates":[-76.0031071,38.5524585]},"properties":{"ele":"7","gnis:feature_id":"590836","name":"Mount Holly","place":"hamlet"}},
{"type":"Feature","geometry":{"type":"Point","coordinates":[-75.8460428,38.3045655]},"properties":{"ele":"1","gnis:feature_id":"590877","name":"Coxs Corner","place":"hamlet"}},
{"type":"Feature","geometry":{"type":"Point","coordinates":[-75.296026,38.1209528]},"properties":{"ele":"1","gnis:feature_id":"590207","name":"Figgs Landing","place":"hamlet"}},
{"type":"Feature","geometry":{"type":"Point","coordinates":[-76.1760561,38.7537286]},"properties":{"ele":"2","gnis:feature_id":"590879","name":"Newcomb","place":"hamlet","wikidata":"Q7017600"}},
{"type":"Feature","geometry":{"type":"Point","coordinates":[-75.3371387,38.1217864]},"properties":{"ele":"13","gnis:feature_id":"1668812","name":"Ayres Lane Estates","place":"hamlet"}},
{"type":"Feature","geometry":{"type":"Point","coordinates":[-75.679373,38.4148397]},"properties":{"ele":"12","gnis:feature_id":"1668318","name":"Cedar Acres","place":"hamlet"}},
{"type":"Feature","geometry":{"type":"Point","coordinates":[-75.5532566,38.3862284]},"properties":{"ele":"12","gnis:feature_id":"1668421","name":"Kathleens Delight","place":"hamlet"}},
{"type":"Feature","geometry":{"type":"Point","coordinates":[-75.3076913,38.682613]},"properties":{"ele":"12","gnis:feature_id":"216224","name":"Springfield Crossroads","place":"hamlet","wikidata":"Q7580951"}},
{"type":"Feature","geometry":{"type":"Point","coordinates":[-75.632148,38.3398409]},"properties":{"ele":"5","gnis:feature_id":"591256","name":"Shad Point","place":"hamlet"}},
{"type":"Feature","geometry":{"type":"Point","coordinates":[-75.3096375,38.1620631]},"properties":{"ele":"6","gnis:feature_id":"588727","name":"Spence","place":"hamlet"}},
{"type":"Feature","geometry":{"type":"Point","coordinates":[-75.4390856,38.3895609]},"properties":{"ele":"21","gnis:feature_id":"590306","name":"Glass Hill","place":"hamlet"}},
{"type":"Feature","geometry":{"type":"Point","coordinates":[-75.3446385,38.2101181]},"properties":{"ele":"8","gnis:feature_id":"588742","name":"Wesley","place":"hamlet"}},
{"type":"Feature","geometry":{"type":"Point","coordinates":[-75.8304873,37.9892909]},"properties":{"ele":"1","gnis:feature_id":"590740","name":"Mariners","place":"hamlet"}},
{"type":"Feature","geometry":{"type":"Point","coordinates":[-75.8338209,37.9748466]},"properties":{"ele":"2","gnis:feature_id":"590642","name":"Lawsonia","place":"hamlet","wikidata":"Q1809344"}},
{"type":"Feature","geometry":{"type":"Point","coordinates":[-75.5771489,37.9456796]},"properties":{"ele":"4","gnis:feature_id":"1496430","name":"Withams","place":"hamlet","wikidata":"Q8028119"}},
{"type":"Feature","geometry":{"type":"Point","coordinates":[-75.5532565,38.3753953]},"properties":{"ele":"13","gnis:feature_id":"1668386","name":"Greenlawn","place":"neighbourhood"}},
{"type":"Feature","geometry":{"type":"Point","coordinates":[-75.5496453,38.3759508]},"properties":{"ele":"14","gnis:feature_id":"1668502","name":"Pleasant Acres","place":"neighbourhood"}},
{"type":"Feature","geometry":{"type":"Point","coordinates":[-75.5035325,38.3903948]},"properties":{"ele":"16","gnis:feature_id":"1668548","name":"Sierra Manor","place":"hamlet"}},
{"type":"Feature","geometry":{"type":"Point","coordinates":[-75.4568641,38.3937277]},"properties":{"ele":"20","gnis:feature_id":"1668609","name":"Wil-e-lew","place":"hamlet"}},
{"type":"Feature","geometry":{"type":"Point","coordinates":[-75.5746476,38.5634484]},"properties":{"ele":"9","gnis:feature_id":"217480","name":"Woodland Heights","place":"hamlet","wikidata":"Q8032834"}},
{"type":"Feature","geometry":{"type":"Point","coordinates":[-75.5599367,38.5556215]},"properties":{"ele":"9","gnis:feature_id":"215367","name":"Laurel Creek","note:wikipedia":"No article as of 2012-12","place":"hamlet"}},
{"type":"Feature","geometry":{"type":"Point","coordinates":[-75.7202095,38.5015048]},"properties":{"ele":"10","gnis:feature_id":"1668441","name":"Matyiko Manor","place":"hamlet"}},
{"type":"Feature","geometry":{"type":"Point","coordinates":[-75.5382555,38.3170627]},"properties":{"ele":"14","gnis:feature_id":"1668381","name":"Green Forest Estates","place":"hamlet"}},
{"type":"Feature","geometry":{"type":"Point","coordinates":[-75.3154712,38.0987311]},"properties":{"ele":"0","gnis:feature_id":"591241","name":"Duers Neck Landing","place":"hamlet"}},
{"type":"Feature","geometry":{"type":"Point","coordinates":[-75.5968709,38.6465034]},"properties":{"ele":"5","gnis:feature_id":"215423","name":"Victor E Hurley Estates","place":"hamlet"}},
{"type":"Feature","geometry":{"type":"Point","coordinates":[-75.4885315,38.3009514]},"properties":{"ele":"15","gnis:feature_id":"1668552","name":"Southern Pines","place":"hamlet"}},
{"type":"Feature","geometry":{"type":"Point","coordinates":[-75.3157472,38.7142795]},"properties":{"ele":"12","gnis:feature_id":"216102","name":"Gravel Hill","place":"hamlet","wikidata":"Q5597820"}},
{"type":"Feature","geometry":{"type":"Point","coordinates":[-75.540756,38.3773396]},"properties":{"ele":"13","gnis:feature_id":"1668486","name":"Parker Heights","place":"hamlet"}},
{"type":"Feature","geometry":{"type":"Point","coordinates":[-75.5546454,38.3731731]},"properties":{"ele":"13","gnis:feature_id":"1668643","name":"Eastview Park","place":"neighbourhood"}},
{"type":"Feature","geometry":{"type":"Point","coordinates":[-75.9904931,38.56484]},"properties":{"ele":"6","gnis:feature_id":"596692","name":"Shufelt","place":"locality"}},
{"type":"Feature","geometry":{"type":"Point","coordinates":[-75.7843755,37.9923465]},"properties":{"ele":"1","gnis:feature_id":"590982","name":"Parsonville","place":"hamlet"}},
{"type":"Feature","geometry":{"type":"Point","coordinates":[-75.6399279,37.9798459]},"properties":{"ele":"1","gnis:feature_id":"591269","name":"Shelltown","place":"hamlet","wikidata":"Q7493878"}},
{"type":"Feature","geometry":{"type":"Point","coordinates":[-76.0307719,38.535952]},"properties":{"ele":"5","gnis:feature_id":"591407","name":"Thompson","place":"locality"}},
{"type":"Feature","geometry":{"type":"Point","coordinates":[-75.2574135,38.237339]},"properties":{"ele":"0","gnis:feature_id":"590757","name":"Mason Landing","place":"hamlet"}},
{"type":"Feature","geometry":{"type":"Point","coordinates":[-75.5877023,38.3712289]},"properties":{"ele":"11","gnis:feature_id":"1668630","name":"Canton","place":"neighbourhood"}},
{"type":"Feature","geometry":{"type":"Point","coordinates":[-75.3835288,38.184841]},"properties":{"ele":"4","gnis:feature_id":"1668899","name":"Hallet Heights","place":"hamlet"}},
{"type":"Feature","geometry":{"type":"Point","coordinates":[-75.9460478,38.5398399]},"properties":{"ele":"6","gnis:feature_id":"585427","name":"Linkwood","place":"hamlet","wikidata":"Q6554431"}},
{"type":"Feature","geometry":{"type":"Point","coordinates":[-76.0244572,38.4399205]},"properties":{"ele":"1","gnis:feature_id":"588690","name":"Longfield","place":"locality"}},
{"type":"Feature","geometry":{"type":"Point","coordinates":[-75.5657567,38.3423403]},"properties":{"ele":"12","gnis:feature_id":"1668676","name":"Nevins Addition","place":"hamlet"}},
{"type":"Feature","geometry":{"type":"Point","coordinates":[-75.5280847,38.575029]},"properties":{"ele":"12","gnis:feature_id":"216814","name":"Midnight Thicket","place":"hamlet","wikidata":"Q6842820"}},
{"type":"Feature","geometry":{"type":"Point","coordinates":[-75.2651897,38.5312247]},"properties":{"ele":"10","gnis:feature_id":"215352","name":"Holiday Estates","place":"hamlet"}},
{"type":"Feature","geometry":{"type":"Point","coordinates":[-75.3107471,38.5940025]},"properties":{"ele":"7","gnis:feature_id":"215414","name":"Pine Lodge Addition","place":"neighbourhood"}},
{"type":"Feature","geometry":{"type":"Point","coordinates":[-75.5874262,38.0298447]},"properties":{"ele":"5","gnis:feature_id":"1668963","name":"New Bridge Haven","place":"hamlet"}},
{"type":"Feature","geometry":{"type":"Point","coordinates":[-75.5946873,38.7408792]},"properties":{"ele":"12","gnis:feature_id":"215545","name":"Cantebury Apartments","place":"hamlet"}},
{"type":"Feature","geometry":{"type":"Point","coordinates":[-75.3907507,38.6065029]},"properties":{"ele":"14","gnis:feature_id":"216618","name":"Homestead Mobile Home Park","place":"hamlet"}},
{"type":"Feature","geometry":{"type":"Point","coordinates":[-75.2804688,38.3906708]},"properties":{"ele":"11","gnis:feature_id":"590699","name":"Longridge","place":"hamlet"}},
{"type":"Feature","geometry":{"type":"Point","coordinates":[-76.0518848,38.751227]},"properties":{"ele":"17","gnis:feature_id":"592941","name":"Stoney Ridge","place":"neighbourhood"}},
{"type":"Feature","geometry":{"type":"Point","coordinates":[-75.3035261,38.1959513]},"properties":{"ele":"7","gnis:feature_id":"589929","name":"Cedartown","place":"hamlet","wikidata":"Q5056997"}},
{"type":"Feature","geometry":{"type":"Point","coordinates":[-75.6510368,38.2806755]},"properties":{"ele":"9","gnis:feature_id":"590130","name":"Eden","place":"hamlet","wikidata":"Q754997"}},
{"type":"Feature","geometry":{"type":"Point","coordinates":[-75.3432497,38.1715077]},"properties":{"ele":"11","gnis:feature_id":"590847","name":"Mount Wesley","place":"hamlet"}},
{"type":"Feature","geometry":{"type":"Point","coordinates":[-75.6327057,38.6517811]},"properties":{"ele":"10","gnis:feature_id":"215448","name":"Bossard Property","place":"hamlet"}},
{"type":"Feature","geometry":{"type":"Point","coordinates":[-75.5190887,38.4084501]},"properties":{"ele":"17","gnis:feature_id":"1668524","name":"Rosewood Forest","place":"hamlet"}},
{"type":"Feature","geometry":{"type":"Point","coordinates":[-75.7960448,38.5753935]},"properties":{"ele":"6","gnis:feature_id":"589830","name":"Brookview","place":"hamlet","population":"63","population:date":"2006","source:population":"US Census"}},
{"type":"Feature","geometry":{"type":"Point","coordinates":[-75.6710399,37.9395692]},"properties":{"ele":"1","gnis:feature_id":"1500057","name":"Shad Landing","place":"locality","wikidata":"Q7460203"}},
{"type":"Feature","geometry":{"type":"Point","coordinates":[-75.5718683,38.3703955]},"properties":{"ele":"11","gnis:feature_id":"1668622","name":"Belmont","place":"neighbourhood"}},
{"type":"Feature","geometry":{"type":"Point","coordinates":[-75.5513116,38.324285]},"properties":{"ele":"14","gnis:feature_id":"1668406","name":"Hollywood","place":"hamlet"}},
{"type":"Feature","geometry":{"type":"Point","coordinates":[-75.8238231,38.6226154]},"properties":{"ele":"3","gnis:feature_id":"596609","name":"Marshyhope Village","place":"hamlet"}},
{"type":"Feature","geometry":{"type":"Point","coordinates":[-75.9110473,38.7251149]},"properties":{"ele":"13","gnis:feature_id":"596036","name":"West View","place":"hamlet"}},
{"type":"Feature","geometry":{"type":"Point","coordinates":[-75.566312,38.3020632]},"properties":{"ele":"15","gnis:feature_id":"1668564","name":"Trace Hollow","place":"hamlet"}},
{"type":"Feature","geometry":{"type":"Point","coordinates":[-75.3757502,38.6903911]},"properties":{"ele":"15","gnis:feature_id":"215391","name":"Harlemtown","place":"hamlet"}},
{"type":"Feature","geometry":{"type":"Point","coordinates":[-75.8991025,38.6778932]},"properties":{"ele":"10","gnis:feature_id":"589750","name":"Beulah","place":"hamlet","wikidata":"Q4899244"}},
{"type":"Feature","geometry":{"type":"Point","coordinates":[-75.5852035,38.5140044]},"properties":{"ele":"12","gnis:feature_id":"215362","name":"Records Estates","place":"hamlet"}},
{"type":"Feature","geometry":{"type":"Point","coordinates":[-75.2624116,38.5765022]},"properties":{"ele":"6","gnis:feature_id":"215412","name":"Burton Acres","place":"neighbourhood"}},
{"type":"Feature","geometry":{"type":"Point","coordinates":[-75.4760313,38.3465062]},"properties":{"ele":"16","gnis:feature_id":"1668452","name":"Mount Hermon Manor","place":"hamlet"}},
{"type":"Feature","geometry":{"type":"Point","coordinates":[-75.9988272,38.6984493]},"properties":{"ele":"1","gnis:feature_id":"590679","name":"Lloyd Landing","place":"hamlet","wikidata":"Q14692125"}},
{"type":"Feature","geometry":{"type":"Point","coordinates":[-76.0635519,38.744005]},"properties":{"ele":"13","gnis:feature_id":"592937","name":"South Beechwood","place":"neighbourhood"}},
{"type":"Feature","geometry":{"type":"Point","coordinates":[-76.0382722,38.5492853]},"properties":{"ele":"6","gnis:feature_id":"596550","name":"Handly Mobile Home Park","place":"hamlet"}},
{"type":"Feature","geometry":{"type":"Point","coordinates":[-75.5443673,38.3767841]},"properties":{"ele":"14","gnis:feature_id":"1668326","name":"Chesapeake Heights","place":"hamlet"}},
{"type":"Feature","geometry":{"type":"Point","coordinates":[-75.5682576,38.4342834]},"properties":{"ele":"13","gnis:feature_id":"1668387","name":"Greenwood Manor","place":"hamlet"}},
{"type":"Feature","geometry":{"type":"Point","coordinates":[-75.8768797,38.7492811]},"properties":{"ele":"16","gnis:feature_id":"590392","name":"Grove","place":"hamlet","wikidata":"Q5611361","wikipedia":"en:Grove, Maryland"}},
{"type":"Feature","geometry":{"type":"Point","coordinates":[-75.5849251,38.4459498]},"properties":{"ele":"14","gnis:feature_id":"588995","name":"Foxwood","place":"hamlet"}},
{"type":"Feature","geometry":{"type":"Point","coordinates":[-76.164111,38.7476174]},"properties":{"ele":"2","gnis:feature_id":"592811","name":"Loves Folly","place":"neighbourhood"}},
{"type":"Feature","geometry":{"type":"Point","coordinates":[-75.5663125,38.3626178]},"properties":{"ele":"12","gnis:feature_id":"1668631","name":"Carey Heights","place":"neighbourhood"}},
{"type":"Feature","geometry":{"type":"Point","coordinates":[-75.5163124,38.666781]},"properties":{"ele":"6","gnis:feature_id":"216167","name":"Old Furnace","place":"hamlet","wikidata":"Q7084064"}},
{"type":"Feature","geometry":{"type":"Point","coordinates":[-76.1641105,38.6784516]},"properties":{"ele":"2","gnis:feature_id":"592667","name":"Bonfield","place":"neighbourhood"}},
{"type":"Feature","geometry":{"type":"Point","coordinates":[-75.4693644,38.2251189]},"properties":{"ele":"9","gnis:feature_id":"1668955","name":"Nassawango Hills","place":"hamlet","wikidata":"Q6967595"}},
{"type":"Feature","geometry":{"type":"Point","coordinates":[-75.6007584,38.3820621]},"properties":{"ele":"8","gnis:feature_id":"1668428","name":"Lakeside Manor","place":"neighbourhood"}},
{"type":"Feature","geometry":{"type":"Point","coordinates":[-75.6724295,38.6442812]},"properties":{"ele":"10","gnis:feature_id":"215444","name":"Shuffelt Acres","place":"hamlet"}},
{"type":"Feature","geometry":{"type":"Point","coordinates":[-76.1816097,38.5167873]},"properties":{"ele":"1","gnis:feature_id":"596697","name":"Snug Harbor Estates","place":"neighbourhood"}},
{"type":"Feature","geometry":{"type":"Point","coordinates":[-75.5543693,38.0612329]},"properties":{"ele":"7","gnis:feature_id":"1668914","name":"Homewood","place":"hamlet"}},
{"type":"Feature","geometry":{"type":"Point","coordinates":[-75.617703,38.333452]},"properties":{"ele":"7","gnis:feature_id":"1668307","name":"Brafferton","place":"hamlet"}},
{"type":"Feature","geometry":{"type":"Point","coordinates":[-75.5740914,38.4656718]},"properties":{"ele":"15","gnis:feature_id":"216573","name":"Holly Oak Mobile Home Park","place":"hamlet"}},
{"type":"Feature","geometry":{"type":"Point","coordinates":[-75.912436,38.5159509]},"properties":{"ele":"4","gnis:feature_id":"591220","name":"Salem","place":"hamlet"}},
{"type":"Feature","geometry":{"type":"Point","coordinates":[-75.5343671,38.1756758]},"properties":{"ele":"5","gnis:feature_id":"1669089","name":"Wildwoods","place":"hamlet"}},
{"type":"Feature","geometry":{"type":"Point","coordinates":[-76.1746645,38.4240104]},"properties":{"ele":"0","gnis:feature_id":"590398","name":"Gum Swamp","place":"locality"}},
{"type":"Feature","geometry":{"type":"Point","coordinates":[-75.6591095,38.4265628]},"properties":{"ele":"13","gnis:feature_id":"1668355","name":"Edgewood Park","place":"hamlet"}},
{"type":"Feature","geometry":{"type":"Point","coordinates":[-75.6635383,38.3645628]},"properties":{"ele":"10","gnis:feature_id":"1668588","name":"Westbury Acres","place":"hamlet"}},
{"type":"Feature","geometry":{"type":"Point","coordinates":[-75.5560345,38.3840063]},"properties":{"ele":"13","gnis:feature_id":"1668487","name":"Parkhurst Manor","place":"neighbourhood"}},
{"type":"Feature","geometry":{"type":"Point","coordinates":[-75.6035366,38.4120616]},"properties":{"ele":"12","gnis:feature_id":"1668542","name":"Santa Fe Acres","place":"hamlet"}},
{"type":"Feature","geometry":{"type":"Point","coordinates":[-75.5990927,38.0606778]},"properties":{"ele":"6","gnis:feature_id":"591455","name":"Unionville","place":"hamlet","wikidata":"Q7886879"}},
{"type":"Feature","geometry":{"type":"Point","coordinates":[-75.5915929,38.6290035]},"properties":{"ele":"7","gnis:feature_id":"216619","name":"Lakeside Estates Mobile Home Park","place":"hamlet"}},
{"type":"Feature","geometry":{"type":"Point","coordinates":[-75.8510446,38.4140078]},"properties":{"ele":"1","gnis:feature_id":"590659","name":"Lewis Landing","place":"hamlet"}},
{"type":"Feature","geometry":{"type":"Point","coordinates":[-75.8427099,37.9723467]},"properties":{"ele":"1","gnis:feature_id":"591207","name":"Sackertown","place":"hamlet"}},
{"type":"Feature","geometry":{"type":"Point","coordinates":[-75.5827029,38.0973438]},"properties":{"ele":"6","gnis:feature_id":"1852603","name":"West Pocomoke","place":"hamlet"}},
{"type":"Feature","geometry":{"type":"Point","coordinates":[-75.5046438,38.4237276]},"properties":{"ele":"18","gnis:feature_id":"1668363","name":"Essex Ridge","place":"hamlet"}},
{"type":"Feature","geometry":{"type":"Point","coordinates":[-75.3140804,38.7112239]},"properties":{"ele":"12","gnis:feature_id":"216030","name":"Bennum","place":"hamlet"}},
{"type":"Feature","geometry":{"type":"Point","coordinates":[-75.4499193,38.3215063]},"properties":{"ele":"13","gnis:feature_id":"591491","name":"Wango","place":"hamlet"}},
{"type":"Feature","geometry":{"type":"Point","coordinates":[-75.4540859,38.2615072]},"properties":{"ele":"11","gnis:feature_id":"588636","name":"Colbourne","place":"hamlet"}},
{"type":"Feature","geometry":{"type":"Point","coordinates":[-75.626592,38.3287299]},"properties":{"ele":"10","gnis:feature_id":"1668560","name":"Tall Timbers Park","place":"hamlet"}},
{"type":"Feature","geometry":{"type":"Point","coordinates":[-75.6204809,38.3478962]},"properties":{"ele":"6","gnis:feature_id":"1668691","name":"Riverside Pines","place":"hamlet"}},
{"type":"Feature","geometry":{"type":"Point","coordinates":[-76.1052202,38.7587276]},"properties":{"ele":"2","gnis:feature_id":"592987","name":"Waverly","place":"neighbourhood"}},
{"type":"Feature","geometry":{"type":"Point","coordinates":[-75.6879825,38.2873423]},"properties":{"ele":"3","gnis:feature_id":"589634","name":"Allen","place":"hamlet","wikidata":"Q3885855"}},
{"type":"Feature","geometry":{"type":"Point","coordinates":[-75.6438174,37.8759593]},"properties":{"ele":"1","gnis:feature_id":"1499905","name":"Poulson","place":"hamlet","wikidata":"Q7235571"}},
{"type":"Feature","geometry":{"type":"Point","coordinates":[-75.3871394,38.4084491]},"properties":{"ele":"12","gnis:feature_id":"591047","name":"Poplar Neck","place":"hamlet"}},
{"type":"Feature","geometry":{"type":"Point","coordinates":[-75.4776986,38.4853933]},"properties":{"ele":"15","gnis:feature_id":"216240","name":"Ward","place":"hamlet","wikidata":"Q7968916"}},
{"type":"Feature","geometry":{"type":"Point","coordinates":[-75.7454839,38.2606769]},"properties":{"ele":"4","gnis:feature_id":"591037","name":"Polk Road","place":"hamlet"}},
{"type":"Feature","geometry":{"type":"Point","coordinates":[-76.0382723,38.5620628]},"properties":{"ele":"3","gnis:feature_id":"596709","name":"Tates Bank","place":"hamlet"}},
{"type":"Feature","geometry":{"type":"Point","coordinates":[-75.9410445,38.1720674]},"properties":{"ele":"1","gnis:feature_id":"595203","name":"Chance","place":"hamlet","wikidata":"Q754702"}},
{"type":"Feature","geometry":{"type":"Point","coordinates":[-75.647984,38.6267813]},"properties":{"ele":"4","gnis:feature_id":"216075","name":"Craigs Mill","place":"hamlet"}},
{"type":"Feature","geometry":{"type":"Point","coordinates":[-75.5138108,38.4101168]},"properties":{"ele":"18","gnis:feature_id":"1668399","name":"Hideaway Acres","place":"hamlet"}},
{"type":"Feature","geometry":{"type":"Point","coordinates":[-75.613536,38.3217855]},"properties":{"ele":"12","gnis:feature_id":"1668558","name":"Summit","place":"hamlet"}},
{"type":"Feature","geometry":{"type":"Point","coordinates":[-75.3868617,38.6312249]},"properties":{"ele":"14","gnis:feature_id":"216183","name":"Piney Grove","place":"hamlet","wikidata":"Q7195620"}},
{"type":"Feature","geometry":{"type":"Point","coordinates":[-75.6696516,38.6398367]},"properties":{"ele":"9","gnis:feature_id":"217053","name":"Branchview","place":"hamlet"}},
{"type":"Feature","geometry":{"type":"Point","coordinates":[-75.7424304,38.3742854]},"properties":{"ele":"5","gnis:feature_id":"591088","name":"Quantico","place":"hamlet","wikidata":"Q3886327"}},
{"type":"Feature","geometry":{"type":"Point","coordinates":[-75.3832534,37.9095684]},"properties":{"ele":"1","gnis:feature_id":"1492583","name":"Black Point Landing","place":"hamlet","wikidata":"Q15199576"}},
{"type":"Feature","geometry":{"type":"Point","coordinates":[-75.4346416,38.6031699]},"properties":{"ele":"15","gnis:feature_id":"215415","name":"Woodcrest Estates","place":"hamlet"}},
{"type":"Feature","geometry":{"type":"Point","coordinates":[-75.5504801,38.6173369]},"properties":{"ele":"11","gnis:feature_id":"215437","name":"Wooded Acres","place":"hamlet"}},
{"type":"Feature","geometry":{"type":"Point","coordinates":[-75.256022,38.7198346]},"properties":{"ele":"11","gnis:feature_id":"215532","name":"Cool Spring Manor","place":"hamlet"}},
{"type":"Feature","geometry":{"type":"Point","coordinates":[-75.5938133,38.3409516]},"properties":{"ele":"10","gnis:feature_id":"1668557","name":"Suburban Acres","place":"neighbourhood"}},
{"type":"Feature","geometry":{"type":"Point","coordinates":[-76.0685519,38.7226165]},"properties":{"ele":"15","gnis:feature_id":"591368","name":"Williamsburg","place":"hamlet"}},
{"type":"Feature","geometry":{"type":"Point","coordinates":[-75.3065803,38.538725]},"properties":{"ele":"13","gnis:feature_id":"216111","name":"Hickory Hill","place":"hamlet"}},
{"type":"Feature","geometry":{"type":"Point","coordinates":[-75.6038157,38.6551144]},"properties":{"ele":"8","gnis:feature_id":"217569","name":"North Seaford Heights","place":"hamlet"}},
{"type":"Feature","geometry":{"type":"Point","coordinates":[-75.4651977,38.2217856]},"properties":{"ele":"9","gnis:feature_id":"1669013","name":"Rolling Hills","place":"hamlet"}},
{"type":"Feature","geometry":{"type":"Point","coordinates":[-75.3251794,38.6181291]},"properties":{"ele":"10","gnis:feature_id":"216617","name":"Forest Park Mobile Home Park","place":"hamlet"}},
{"type":"Feature","geometry":{"type":"Point","coordinates":[-75.5840923,38.5356709]},"properties":{"ele":"10","gnis:feature_id":"215364","name":"Dogwood Acres","place":"hamlet"}},
{"type":"Feature","geometry":{"type":"Point","coordinates":[-75.60937,38.4020618]},"properties":{"ele":"12","gnis:feature_id":"1668426","name":"Kirkwood","place":"hamlet"}},
{"type":"Feature","geometry":{"type":"Point","coordinates":[-76.1427208,38.6673404]},"properties":{"ele":"2","gnis:feature_id":"592788","name":"Island Acres","place":"neighbourhood"}},
{"type":"Feature","geometry":{"type":"Point","coordinates":[-75.5752033,38.5884482]},"properties":{"ele":"12","gnis:feature_id":"216654","name":"Horns Mobile Village Mobile Home Park","place":"hamlet"}},
{"type":"Feature","geometry":{"type":"Point","coordinates":[-75.4229748,38.73928]},"properties":{"ele":"14","gnis:feature_id":"216192","name":"Redden Crossroads","place":"hamlet"}},
{"type":"Feature","geometry":{"type":"Point","coordinates":[-75.6193698,38.3440074]},"properties":{"ele":"6","gnis:feature_id":"1668662","name":"Hunting Park","place":"neighbourhood"}},
{"type":"Feature","geometry":{"type":"Point","coordinates":[-75.382695,38.6973355]},"properties":{"ele":"16","gnis:feature_id":"215537","name":"Murrays Development","place":"hamlet"}},
{"type":"Feature","geometry":{"type":"Point","coordinates":[-75.6434152,37.9260118]},"properties":{"ele":"1","gnis:feature_id":"1499507","name":"Grotons","place":"locality","wikidata":"Q5610783"}},
{"type":"Feature","geometry":{"type":"Point","coordinates":[-75.6718721,38.3770626]},"properties":{"ele":"10","gnis:feature_id":"1668340","name":"Crooked Oak","place":"hamlet"}},
{"type":"Feature","geometry":{"type":"Point","coordinates":[-75.8677118,38.42123]},"properties":{"ele":"1","gnis:feature_id":"590446","name":"Henrys Crossroads","place":"hamlet"}},
{"type":"Feature","geometry":{"type":"Point","coordinates":[-75.3518601,38.450115]},"properties":{"ele":"10","gnis:feature_id":"1668566","name":"Twilley","place":"hamlet"}},
{"type":"Feature","geometry":{"type":"Point","coordinates":[-75.549924,38.5012267]},"properties":{"ele":"12","gnis:feature_id":"216575","name":"Scottsdale Park Mobile Home Park","place":"hamlet"}},
{"type":"Feature","geometry":{"type":"Point","coordinates":[-75.8163204,38.016235]},"properties":{"ele":"1","gnis:feature_id":"596817","name":"Hearts Ease","place":"hamlet"}},
{"type":"Feature","geometry":{"type":"Point","coordinates":[-75.8621541,38.0831789]},"properties":{"ele":"1","gnis:feature_id":"590254","name":"Frenchtown","place":"hamlet"}},
{"type":"Feature","geometry":{"type":"Point","coordinates":[-75.6902066,38.0276234]},"properties":{"ele":"1","gnis:feature_id":"590260","name":"Frogeye","place":"hamlet"}},
{"type":"Feature","geometry":{"type":"Point","coordinates":[-75.7463179,38.2937317]},"properties":{"ele":"4","gnis:feature_id":"591431","name":"Trinity","place":"hamlet"}},
{"type":"Feature","geometry":{"type":"Point","coordinates":[-75.6713168,38.3917846]},"properties":{"ele":"12","gnis:feature_id":"588988","name":"Rockawalkin Village","place":"hamlet"}},
{"type":"Feature","geometry":{"type":"Point","coordinates":[-76.1102198,38.679562]},"properties":{"ele":"3","gnis:feature_id":"592867","name":"Patrick Plains","place":"neighbourhood"}},
{"type":"Feature","geometry":{"type":"Point","coordinates":[-75.7690954,38.2512328]},"properties":{"ele":"4","gnis:feature_id":"591554","name":"Widgeon","place":"hamlet"}},
{"type":"Feature","geometry":{"type":"Point","coordinates":[-75.4657531,38.2295632]},"properties":{"ele":"9","gnis:feature_id":"1669075","name":"Tyndall Estates","place":"hamlet"}},
{"type":"Feature","geometry":{"type":"Point","coordinates":[-75.5660348,38.3715065]},"properties":{"ele":"12","gnis:feature_id":"1668646","name":"Fairfield","place":"neighbourhood"}},
{"type":"Feature","geometry":{"type":"Point","coordinates":[-75.5599245,38.4987267]},"properties":{"ele":"12","gnis:feature_id":"217422","name":"Little Acres","place":"hamlet"}},
{"type":"Feature","geometry":{"type":"Point","coordinates":[-75.9188251,38.5595615]},"properties":{"ele":"8","gnis:feature_id":"590439","name":"Hawkeye","place":"hamlet"}},
{"type":"Feature","geometry":{"type":"Point","coordinates":[-75.6168704,38.104844]},"properties":{"ele":"6","gnis:feature_id":"590025","name":"Costen","place":"hamlet"}},
{"type":"Feature","geometry":{"type":"Point","coordinates":[-75.9429924,38.6801158]},"properties":{"ele":"6","gnis:feature_id":"595939","name":"Belmont Acres","place":"neighbourhood"}},
{"type":"Feature","geometry":{"type":"Point","coordinates":[-76.142442,38.5312311]},"properties":{"ele":"2","gnis:feature_id":"596632","name":"Paw Paw Point","place":"neighbourhood"}},
{"type":"Feature","geometry":{"type":"Point","coordinates":[-75.3651943,38.3467831]},"properties":{"ele":"10","gnis:feature_id":"591434","name":"Truitt","place":"hamlet"}},
{"type":"Feature","geometry":{"type":"Point","coordinates":[-75.9766045,38.7506707]},"properties":{"ele":"5","gnis:feature_id":"591392","name":"Tanyard","place":"hamlet","wikidata":"Q7684065","wikipedia":"en:Tanyard, Maryland"}},
{"type":"Feature","geometry":{"type":"Point","coordinates":[-75.5746469,38.4501164]},"properties":{"ele":"15","gnis:feature_id":"1668610","name":"Wilcher Park","place":"hamlet"}},
{"type":"Feature","geometry":{"type":"Point","coordinates":[-75.9054883,38.2723443]},"properties":{"ele":"3","gnis:feature_id":"590862","name":"Nanticoke","place":"hamlet","wikidata":"Q3886867"}},
{"type":"Feature","geometry":{"type":"Point","coordinates":[-75.6638155,38.319286]},"properties":{"ele":"9","gnis:feature_id":"591485","name":"Walnut","place":"hamlet"}},
{"type":"Feature","geometry":{"type":"Point","coordinates":[-75.6093696,38.3584515]},"properties":{"ele":"7","gnis:feature_id":"1668628","name":"Camden","place":"neighbourhood"}},
{"type":"Feature","geometry":{"type":"Point","coordinates":[-75.5688125,38.3548401]},"properties":{"ele":"12","gnis:feature_id":"1668652","name":"Foggy Bottom","place":"neighbourhood"}},
{"type":"Feature","geometry":{"type":"Point","coordinates":[-75.6607603,38.1187332]},"properties":{"ele":"6","gnis:feature_id":"590378","name":"Greenhill","place":"hamlet"}},
{"type":"Feature","geometry":{"type":"Point","coordinates":[-75.6143695,38.3334519]},"properties":{"ele":"7","gnis:feature_id":"1668312","name":"Brookshire Knolls","place":"hamlet"}},
{"type":"Feature","geometry":{"type":"Point","coordinates":[-75.3607494,38.6670578]},"properties":{"ele":"13","gnis:feature_id":"216255","name":"Wood Branch","place":"hamlet","wikidata":"Q8032164"}},
{"type":"Feature","geometry":{"type":"Point","coordinates":[-75.7913194,38.104012]},"properties":{"ele":"1","gnis:feature_id":"591458","name":"Upper Fairmount","place":"hamlet","wikidata":"Q7898636"}},
{"type":"Feature","geometry":{"type":"Point","coordinates":[-75.3568602,38.5248365]},"properties":{"ele":"13","gnis:feature_id":"216211","name":"Shaft Ox Corner","place":"hamlet","wikidata":"Q7461094"}},
{"type":"Feature","geometry":{"type":"Point","coordinates":[-75.7902082,38.1117898]},"properties":{"ele":"1","gnis:feature_id":"591460","name":"Upper Hill","place":"hamlet"}},
{"type":"Feature","geometry":{"type":"Point","coordinates":[-75.7710441,38.6320592]},"properties":{"ele":"12","gnis:feature_id":"590208","name":"Finchville","place":"hamlet"}},
{"type":"Feature","geometry":{"type":"Point","coordinates":[-75.2849123,38.7248347]},"properties":{"ele":"11","gnis:feature_id":"214054","name":"Harbeson","place":"hamlet","wikidata":"Q5654375"}},
{"type":"Feature","geometry":{"type":"Point","coordinates":[-75.4854759,38.3023402]},"properties":{"ele":"14","gnis:feature_id":"1668497","name":"Piney Grove","place":"hamlet"}},
{"type":"Feature","geometry":{"type":"Point","coordinates":[-75.4005763,38.6917174]},"properties":{"ele":"15","gnis:feature_id":"216781","name":"Swain Acres","place":"hamlet"}},
{"type":"Feature","geometry":{"type":"Point","coordinates":[-75.6385393,38.6751142]},"properties":{"ele":"12","gnis:feature_id":"217572","name":"Richard Heights","place":"hamlet"}},
{"type":"Feature","geometry":{"type":"Point","coordinates":[-75.7371532,38.4181733]},"properties":{"ele":"6","gnis:feature_id":"1668507","name":"Porter Mill Estates","place":"hamlet"}},
{"type":"Feature","geometry":{"type":"Point","coordinates":[-75.4468644,38.6045588]},"properties":{"ele":"15","gnis:feature_id":"216129","name":"Jones Crossroads","place":"hamlet"}},
{"type":"Feature","geometry":{"type":"Point","coordinates":[-75.5635353,38.4445609]},"properties":{"ele":"14","gnis:feature_id":"1668605","name":"Whittington Park","place":"hamlet"}},
{"type":"Feature","geometry":{"type":"Point","coordinates":[-75.5910359,38.3903953]},"properties":{"ele":"10","gnis:feature_id":"1668503","name":"Poets Colony","place":"hamlet"}},
{"type":"Feature","geometry":{"type":"Point","coordinates":[-76.0754943,38.375677]},"properties":{"ele":"1","gnis:feature_id":"591145","name":"Robbins","place":"locality"}},
{"type":"Feature","geometry":{"type":"Point","coordinates":[-75.590202,38.3317852]},"properties":{"ele":"10","gnis:feature_id":"1668613","name":"Windham Manor","place":"hamlet"}},
{"type":"Feature","geometry":{"type":"Point","coordinates":[-75.510755,38.3973391]},"properties":{"ele":"18","gnis:feature_id":"1668308","name":"Bremerton","place":"hamlet"}},
{"type":"Feature","geometry":{"type":"Point","coordinates":[-75.5710344,38.3151186]},"properties":{"ele":"13","gnis:feature_id":"1668335","name":"Coulborn Mill Valley","place":"hamlet"}},
{"type":"Feature","geometry":{"type":"Point","coordinates":[-75.598814,38.3876176]},"properties":{"ele":"6","gnis:feature_id":"1668589","name":"Westlake","place":"hamlet"}},
{"type":"Feature","geometry":{"type":"Point","coordinates":[-75.6382614,38.6740031]},"properties":{"ele":"11","gnis:feature_id":"215446","name":"Ricland Heights","place":"hamlet"}},
{"type":"Feature","geometry":{"type":"Point","coordinates":[-76.1112165,38.3565152]},"properties":{"ele":"1","gnis:feature_id":"582895","name":"Andrews","place":"locality"}},
{"type":"Feature","geometry":{"type":"Point","coordinates":[-76.0954976,38.7626163]},"properties":{"ele":"4","gnis:feature_id":"592999","name":"Woodland Farms","place":"neighbourhood"}},
{"type":"Feature","geometry":{"type":"Point","coordinates":[-75.9032692,38.6067831]},"properties":{"ele":"13","gnis:feature_id":"590508","name":"Hubbard","place":"hamlet"}},
{"type":"Feature","geometry":{"type":"Point","coordinates":[-75.5899247,38.3870619]},"properties":{"ele":"10","gnis:feature_id":"1668345","name":"Deers Head Manor","place":"hamlet"}},
{"type":"Feature","geometry":{"type":"Point","coordinates":[-75.686041,38.7431692]},"properties":{"ele":"15","gnis:feature_id":"216124","name":"Jacobs Crossroads","place":"hamlet"}},
{"type":"Feature","geometry":{"type":"Point","coordinates":[-75.4063068,38.523448]},"properties":{"ele":"15","gnis:feature_id":"216142","name":"Lowes Crossroads","place":"hamlet"}},
{"type":"Feature","geometry":{"type":"Point","coordinates":[-75.4268631,38.4587266]},"properties":{"ele":"18","gnis:feature_id":"214846","name":"Whitesville","place":"hamlet","wikidata":"Q7996288"}},
{"type":"Feature","geometry":{"type":"Point","coordinates":[-75.3946398,38.6073362]},"properties":{"ele":"14","gnis:feature_id":"216215","name":"Shortly","place":"hamlet","wikidata":"Q7502203"}},
{"type":"Feature","geometry":{"type":"Point","coordinates":[-75.8160449,38.7462251]},"properties":{"ele":"16","gnis:feature_id":"595970","name":"Federalsburg Estates","place":"hamlet"}},
{"type":"Feature","geometry":{"type":"Point","coordinates":[-75.7238182,38.3548412]},"properties":{"ele":"6","gnis:feature_id":"589914","name":"Catchpenny","place":"hamlet"}},
{"type":"Feature","geometry":{"type":"Point","coordinates":[-75.9479891,38.159012]},"properties":{"ele":"2","gnis:feature_id":"590074","name":"Deal Island","place":"hamlet"}},
{"type":"Feature","geometry":{"type":"Point","coordinates":[-75.3021363,38.396782]},"properties":{"ele":"9","gnis:feature_id":"591697","name":"Whaleyville","place":"hamlet"}},
{"type":"Feature","geometry":{"type":"Point","coordinates":[-75.4976992,38.4415052]},"properties":{"ele":"19","gnis:feature_id":"1668392","name":"Hampton Court","place":"hamlet"}},
{"type":"Feature","geometry":{"type":"Point","coordinates":[-75.6129806,38.3459517]},"properties":{"ele":"7","gnis:feature_id":"1668642","name":"Druid Hill Park","place":"neighbourhood"}},
{"type":"Feature","geometry":{"type":"Point","coordinates":[-75.2960241,38.6320576]},"properties":{"ele":"10","gnis:feature_id":"216789","name":"Mount Joy","place":"hamlet","wikidata":"Q6921528"}},
{"type":"Feature","geometry":{"type":"Point","coordinates":[-75.8110418,38.1351229]},"properties":{"ele":"0","gnis:feature_id":"590543","name":"Iverness","place":"hamlet"}},
{"type":"Feature","geometry":{"type":"Point","coordinates":[-75.5493707,37.9223465]},"properties":{"ele":"9","gnis:feature_id":"1477448","name":"Johnson Corner","place":"locality","wikidata":"Q6268237"}},
{"type":"Feature","geometry":{"type":"Point","coordinates":[-75.8316009,38.4892838]},"properties":{"ele":"3","gnis:feature_id":"591090","name":"Rabbit Town","place":"hamlet"}},
{"type":"Feature","geometry":{"type":"Point","coordinates":[-75.5265888,38.3787284]},"properties":{"ele":"14","gnis:feature_id":"1668495","name":"Pine Grove","place":"hamlet"}},
{"type":"Feature","geometry":{"type":"Point","coordinates":[-75.7635438,38.4684501]},"properties":{"ele":"8","gnis:feature_id":"1668481","name":"Oak Terrace Trailer Park","place":"hamlet"}},
{"type":"Feature","geometry":{"type":"Point","coordinates":[-75.8174311,38.0904011]},"properties":{"ele":"1","gnis:feature_id":"590184","name":"Fairmount","place":"hamlet","wikidata":"Q754651"}},
{"type":"Feature","geometry":{"type":"Point","coordinates":[-75.5802015,38.3203964]},"properties":{"ele":"11","gnis:feature_id":"1668614","name":"Woodfield","place":"hamlet"}},
{"type":"Feature","geometry":{"type":"Point","coordinates":[-75.260718,38.6549353]},"properties":{"ele":"12","gnis:feature_id":"216613","name":"Holly Leaf Estates Mobile Home Park","place":"hamlet"}},
{"type":"Feature","geometry":{"type":"Point","coordinates":[-75.308626,38.5900239]},"properties":{"ele":"8","gnis:feature_id":"215413","name":"Oak Drive","place":"neighbourhood"}},
{"type":"Feature","geometry":{"type":"Point","coordinates":[-76.111608,38.5737302]},"properties":{"ele":"2","gnis:feature_id":"596745","name":"Whiteley","place":"neighbourhood"}},
{"type":"Feature","geometry":{"type":"Point","coordinates":[-75.6052032,38.3934508]},"properties":{"ele":"10","gnis:feature_id":"1668586","name":"Wellington Estates","place":"hamlet"}},
{"type":"Feature","geometry":{"type":"Point","coordinates":[-75.5554783,38.318174]},"properties":{"ele":"14","gnis:feature_id":"1668584","name":"Waycroft","place":"hamlet"}},
{"type":"Feature","geometry":{"type":"Point","coordinates":[-75.5371466,38.7015029]},"properties":{"ele":"10","gnis:feature_id":"215542","name":"Messick Development","place":"hamlet"}},
{"type":"Feature","geometry":{"type":"Point","coordinates":[-75.4074184,38.18873]},"properties":{"ele":"6","gnis:feature_id":"588679","name":"Indiantown","place":"hamlet"}},
{"type":"Feature","geometry":{"type":"Point","coordinates":[-75.8199306,38.2759548]},"properties":{"ele":"1","gnis:feature_id":"589981","name":"Clara","place":"hamlet"}},
{"type":"Feature","geometry":{"type":"Point","coordinates":[-75.6735384,38.3445633]},"properties":{"ele":"7","gnis:feature_id":"1668472","name":"Nithsdale","place":"neighbourhood"}},
{"type":"Feature","geometry":{"type":"Point","coordinates":[-75.9757712,38.763726]},"properties":{"ele":"5","gnis:feature_id":"591080","name":"Providence Landing","place":"hamlet"}},
{"type":"Feature","geometry":{"type":"Point","coordinates":[-75.6943725,38.345119]},"properties":{"ele":"7","gnis:feature_id":"1668320","name":"Cedarcrest","place":"hamlet"}},
{"type":"Feature","geometry":{"type":"Point","coordinates":[-75.6060364,38.3801178]},"properties":{"ele":"7","gnis:feature_id":"1668559","name":"Sunset Heights","place":"hamlet"}},
{"type":"Feature","geometry":{"type":"Point","coordinates":[-75.8063194,38.2887322]},"properties":{"ele":"2","gnis:feature_id":"589891","name":"Capitola","place":"hamlet"}},
{"type":"Feature","geometry":{"type":"Point","coordinates":[-76.1038311,38.7440056]},"properties":{"ele":"4","gnis:feature_id":"592682","name":"Cedar Point","place":"neighbourhood"}},
{"type":"Feature","geometry":{"type":"Point","coordinates":[-76.1524439,38.7290064]},"properties":{"ele":"2","gnis:feature_id":"592853","name":"North Point","place":"hamlet"}},
{"type":"Feature","geometry":{"type":"Point","coordinates":[-75.5746464,38.399284]},"properties":{"ele":"11","gnis:feature_id":"1668429","name":"Leonard Farm","place":"hamlet"}},
{"type":"Feature","geometry":{"type":"Point","coordinates":[-76.1275862,38.3179397]},"properties":{"ele":"1","gnis:feature_id":"590040","name":"Crapo","place":"hamlet","wikidata":"Q5182288","wikipedia":"en:Crapo, Maryland"}},
{"type":"Feature","geometry":{"type":"Point","coordinates":[-75.7885436,38.4265069]},"properties":{"ele":"6","gnis:feature_id":"589667","name":"Athol","place":"hamlet"}},
{"type":"Feature","geometry":{"type":"Point","coordinates":[-75.6065922,38.4112283]},"properties":{"ele":"13","gnis:feature_id":"1668465","name":"Naylor Mill Village Trailer Park","place":"hamlet"}},
{"type":"Feature","geometry":{"type":"Point","coordinates":[-75.54548,38.6409478]},"properties":{"ele":"8","gnis:feature_id":"217048","name":"Waterview Acres","place":"hamlet"}},
{"type":"Feature","geometry":{"type":"Point","coordinates":[-75.6288144,38.3265078]},"properties":{"ele":"10","gnis:feature_id":"1668310","name":"Brinkley Heights","place":"hamlet"}},
{"type":"Feature","geometry":{"type":"Point","coordinates":[-75.6829846,38.436506]},"properties":{"ele":"13","gnis:feature_id":"1668360","name":"Elliots Place","place":"hamlet"}},
{"type":"Feature","geometry":{"type":"Point","coordinates":[-75.5996474,38.3962285]},"properties":{"ele":"12","gnis:feature_id":"1668412","name":"Jersey Heights","place":"hamlet"}},
{"type":"Feature","geometry":{"type":"Point","coordinates":[-75.7085401,38.0531789]},"properties":{"ele":"1","gnis:feature_id":"588675","name":"Hudson Corner","place":"hamlet","wikidata":"Q27988253"}},
{"type":"Feature","geometry":{"type":"Point","coordinates":[-75.5910374,38.6431701]},"properties":{"ele":"1","gnis:feature_id":"216060","name":"Cherrytree Landing","place":"hamlet"}},
{"type":"Feature","geometry":{"type":"Point","coordinates":[-75.2604669,38.625113]},"properties":{"ele":"9","gnis:feature_id":"215400","name":"Larence Cordrey Subdivision","place":"hamlet"}},
{"type":"Feature","geometry":{"type":"Point","coordinates":[-75.3254703,38.4340039]},"properties":{"ele":"10","gnis:feature_id":"589896","name":"Careytown","place":"hamlet"}},
{"type":"Feature","geometry":{"type":"Point","coordinates":[-75.5963149,38.0626222]},"properties":{"ele":"4","gnis:feature_id":"1669079","name":"Unionville Heights","place":"hamlet"}},
{"type":"Feature","geometry":{"type":"Point","coordinates":[-75.374639,38.6803912]},"properties":{"ele":"15","gnis:feature_id":"215416","name":"Springfield Farms Addition","place":"hamlet"}},
{"type":"Feature","geometry":{"type":"Point","coordinates":[-75.6613157,38.335119]},"properties":{"ele":"2","gnis:feature_id":"1668541","name":"Sandy Point","place":"hamlet"}},
{"type":"Feature","geometry":{"type":"Point","coordinates":[-75.6982614,38.3365081]},"properties":{"ele":"3","gnis:feature_id":"1668577","name":"Upper Ferry Acres","place":"hamlet"}},
{"type":"Feature","geometry":{"type":"Point","coordinates":[-76.0871634,38.6681731]},"properties":{"ele":"5","gnis:feature_id":"592805","name":"Locust Grove","place":"hamlet"}},
{"type":"Feature","geometry":{"type":"Point","coordinates":[-75.6427061,38.604837]},"properties":{"ele":"7","gnis:feature_id":"215441","name":"Old Mill Acres","place":"hamlet"}},
{"type":"Feature","geometry":{"type":"Point","coordinates":[-75.9538262,38.7367818]},"properties":{"ele":"13","gnis:feature_id":"588568","name":"Everlea","place":"hamlet"}},
{"type":"Feature","geometry":{"type":"Point","coordinates":[-75.5613128,38.4278945]},"properties":{"ele":"13","gnis:feature_id":"1668403","name":"Hollylake Estates","place":"hamlet"}},
{"type":"Feature","geometry":{"type":"Point","coordinates":[-76.1649417,38.3559555]},"properties":{"ele":"1","gnis:feature_id":"584923","name":"Hell Hook Marsh","natural":"wetland","place":"locality"}},
{"type":"Feature","geometry":{"type":"Point","coordinates":[-76.0402158,38.4151206]},"properties":{"ele":"0","name":"Squirrel Point Marsh","place":"locality"}},
{"type":"Feature","geometry":{"type":"Point","coordinates":[-75.3232502,37.9942992]},"properties":{"man_made":"survey_point","name":"Cord","place":"locality"}},
{"type":"Feature","geometry":{"type":"Point","coordinates":[-75.3134869,37.9801279]},"properties":{"man_made":"survey_point","name":"Wildcat","place":"locality"}},
{"type":"Feature","geometry":{"type":"Point","coordinates":[-75.9571051,38.4271976]},"properties":{"name":"Brick House Landing","place":"locality"}},
{"type":"Feature","geometry":{"type":"Point","coordinates":[-75.6844068,37.9045392]},"properties":{"name":"Hammock Landing","place":"locality"}},
{"type":"Feature","geometry":{"type":"Point","coordinates":[-75.4520005,37.9559181]},"properties":{"name":"Trails End","place":"neighbourhood"}},
{"type":"Feature","geometry":{"type":"Point","coordinates":[-75.5809228,37.913057]},"properties":{"name":"Makemie Park","place":"hamlet","population":"138","population:date":"2020","source:population":"US Census","wikidata":"Q6739239","wikipedia":"en:Makemie Park, Virginia"}},
{"type":"Feature","geometry":{"type":"Point","coordinates":[-75.6815596,38.3544452]},"properties":{"addr:street":"Royal Mile Blvd","name":"West Nitshdale","place":"neighbourhood","website":"https://www.westnithsdale.com/"}},
{"type":"Feature","geometry":{"type":"Point","coordinates":[-75.5235655,37.8740168]},"properties":{"name":"Assawoman","place":"hamlet"}},
{"type":"Feature","geometry":{"type":"Point","coordinates":[-75.5961731,38.3386136]},"properties":{"name":"University Orchard","place":"neighbourhood"}},
{"type":"Feature","geometry":{"type":"Point","coordinates":[-75.5888147,38.3427179]},"properties":{"name":"The Flatts","place":"neighbourhood"}},
{"type":"Feature","geometry":{"type":"Point","coordinates":[-75.5935433,38.3374439]},"properties":{"name":"The Willows","place":"neighbourhood"}},
{"type":"Feature","geometry":{"type":"Point","coordinates":[-75.6042835,38.3380336]},"properties":{"name":"University Park","place":"neighbourhood"}},
{"type":"Feature","geometry":{"type":"Point","coordinates":[-75.6005185,38.3359902]},"properties":{"name":"The Gathering","place":"neighbourhood"}},
{"type":"Feature","geometry":{"type":"Point","coordinates":[-75.5911428,38.3359508]},"properties":{"name":"Aspen Hills","place":"neighbourhood"}},
{"type":"Feature","geometry":{"type":"Point","coordinates":[-75.6056726,38.3365025]},"properties":{"name":"Seagull Village","place":"neighbourhood"}},
{"type":"Feature","geometry":{"type":"Point","coordinates":[-75.7021802,38.3553084]},"properties":{"name":"Woldfe Creek","place":"neighbourhood"}},
{"type":"Feature","geometry":{"type":"Point","coordinates":[-75.6997604,38.3503053]},"properties":{"name":"Kingsmill Estates","place":"hamlet"}}
]}
