{"type": "FeatureCollection", "features": [{"type": "Feature", "properties": {"roadType": "taxiway", "z_order": 0, "osm_way_id": "17679633", "area": 0}, "geometry": {"type": "Polygon", "coordinates": [[[-75.50853491295102, 38.33693965084801], [-75.50835352247066, 38.33578651136647], [-75.50814292292074, 38.334448014227036], [-75.50843927707925, 38.33440138577296], [-75.50864987707925, 38.335739885772966], [-75.50883127796381, 38.33689309139557], [-75.5089454960892, 38.33762290691601], [-75.50898500040711, 38.33787563452283], [-75.50868859959289, 38.337921965477165], [-75.50864910174728, 38.337669279259856], [-75.50853491295102, 38.33693965084801]]]}}, {"type": "Feature", "properties": {"roadType": "taxiway", "z_order": 0, "osm_way_id": "17686406", "area": 0}, "geometry": {"type": "Polygon", "coordinates": [[[-75.50178251046259, 38.33639968594415], [-75.50178690576232, 38.33639490578971], [-75.50193670576232, 38.336238905789706], [-75.50194780725634, 38.33622846278327], [-75.50195991117708, 38.3362192002428], [-75.50197289255851, 38.336211213798705], [-75.50203959255852, 38.336174713798705], [-75.5020529985659, 38.33616822077665], [-75.50206698246251, 38.336163089402106], [-75.50215268246251, 38.33613638940211], [-75.50216670173454, 38.33613275400533], [-75.50218100625868, 38.33613048757934], [-75.50227160625867, 38.336120587579344], [-75.50228498629374, 38.33611972830162], [-75.50229838960787, 38.336120067222424], [-75.5023117091153, 38.33612160163395], [-75.50241620911531, 38.336138401633946], [-75.50243332919703, 38.33614219199318], [-75.50244988997851, 38.336147954331096], [-75.50255688997851, 38.3361923543311], [-75.50257540112429, 38.336201579355446], [-75.50585369948116, 38.338128219620266], [-75.506676197746, 38.33860986004596], [-75.50967959973958, 38.34036866121339], [-75.50968030129717, 38.34036907460897], [-75.51038849688823, 38.34078897553653], [-75.51110949015734, 38.34120888041759], [-75.51152759607035, 38.341452842159065], [-75.51152783294432, 38.3414529806639], [-75.51346904131252, 38.34259042697247], [-75.51435654960025, 38.34310877340821], [-75.51709110340215, 38.34470740484602], [-75.51709625805448, 38.3447105592899], [-75.51727375805447, 38.34482415928991], [-75.51728582530372, 38.34483275074128], [-75.51729698629772, 38.34484249054382], [-75.51738508629772, 38.344927390543816], [-75.5173947083745, 38.34493757155032], [-75.51740333872598, 38.34494860578289], [-75.51741090208121, 38.34496039700474], [-75.51741733247519, 38.3449728423769], [-75.51744633247519, 38.3450360423769], [-75.51745167091416, 38.34504931154212], [-75.51745572128321, 38.345063028837295], [-75.51745844675646, 38.34507706954496], [-75.51745982255393, 38.34509130600723], [-75.51746352255394, 38.34516730600723], [-75.51746359156742, 38.34518030245718], [-75.51746253531175, 38.345193256097524], [-75.5174603617165, 38.34520606968242], [-75.51745708709933, 38.345218647017454], [-75.51743828709932, 38.34527984701745], [-75.51743343138773, 38.345293324382766], [-75.51742731216329, 38.34530627708145], [-75.51741998523806, 38.345318586974926], [-75.51738338523806, 38.345373886974926], [-75.51737130539469, 38.345389739651104], [-75.5172429053947, 38.3455368396511], [-75.51723580818111, 38.34554442361872], [-75.51710110818111, 38.345678723618725], [-75.51709133027153, 38.34568764760482], [-75.51708080363512, 38.34569567474438], [-75.51697130363513, 38.34577177474437], [-75.51695957626936, 38.34577914614827], [-75.51694721892383, 38.34578540432014], [-75.51682001892382, 38.34584260432014], [-75.51680968583945, 38.34584679648874], [-75.51679906987503, 38.345850209436115], [-75.51667946987504, 38.34588380943612], [-75.51666550860242, 38.34588702107667], [-75.51665130462176, 38.34588888620458], [-75.51650910462176, 38.34590068620458], [-75.51649422637459, 38.34590117960254], [-75.51647937249051, 38.3459001958302], [-75.5163357724905, 38.34588349583019], [-75.51632479371445, 38.345881804970034], [-75.51631397017323, 38.34587930627285], [-75.51603457017323, 38.34580380627285], [-75.51611282982678, 38.34551419372715], [-75.5163814841164, 38.34558679000083], [-75.51649918586726, 38.345600478157095], [-75.51661216948757, 38.34559110258241], [-75.51670717232864, 38.34556441282104], [-75.51681150739199, 38.345517494852295], [-75.51689869390142, 38.34545690221881], [-75.51702031184391, 38.34533564542834], [-75.517138726928, 38.34519998453372], [-75.51715786878671, 38.34517106254499], [-75.51716260026794, 38.34515566006359], [-75.51716158609689, 38.345134828442276], [-75.51715649421624, 38.34512373165409], [-75.5170995193483, 38.345068826247875], [-75.51693708749333, 38.34496486986069], [-75.5142052234865, 38.34336781087319], [-75.51331765039976, 38.34284942659179], [-75.51331746705569, 38.342849319336096], [-75.51137628542868, 38.341711888696466], [-75.51095845687398, 38.34146808873357], [-75.51023700984265, 38.34104791958241], [-75.51023599870283, 38.341047325391024], [-75.50952764892176, 38.340627333041645], [-75.50652460129201, 38.33886873939072], [-75.505702002254, 38.338387039954036], [-75.50570179887572, 38.33838692064455], [-75.50243233569675, 38.33646547277153], [-75.50235118922899, 38.3364318007793], [-75.50228407389949, 38.336421010946424], [-75.50222804155946, 38.33642713368556], [-75.50217049181047, 38.33644506342066], [-75.50213712858437, 38.33646332065834], [-75.50200554363478, 38.336600351713976], [-75.50185028953742, 38.33677671405585], [-75.50184850040681, 38.33677871018669], [-75.5015073004068, 38.33715261018669], [-75.5012856995932, 38.33695038981331], [-75.50162599610945, 38.33657747988534], [-75.50178251046259, 38.33639968594415]]]}}, {"type": "Feature", "properties": {"roadType": "taxiway", "z_order": 0, "osm_way_id": "19755946", "area": 0}, "geometry": {"type": "Polygon", "coordinates": [[[-75.46356539765678, 37.937309744423246], [-75.46332604478016, 37.9374498066276], [-75.4630357303476, 37.93767031815535], [-75.46264174088162, 37.93800431623758], [-75.46222789829373, 37.938384017305346], [-75.46179969085458, 37.93882820559701], [-75.46158370914543, 37.93861999440299], [-75.46201510914543, 37.93817249440299], [-75.4620216911945, 37.938166072835166], [-75.46244109119449, 37.93778127283517], [-75.46244550337353, 37.93777738123207], [-75.46284480337353, 37.93743888123206], [-75.46285107075087, 37.937433850415005], [-75.46315177075088, 37.93720545041501], [-75.4631667419726, 37.93719543679564], [-75.4634162419726, 37.93704943679564], [-75.46342101149297, 37.93704676131577], [-75.46428731149297, 37.936581361315774], [-75.46429251559938, 37.93657869490872], [-75.46473821559938, 37.93636119490871], [-75.46486978440062, 37.93663080509128], [-75.46442671244478, 37.936847022615176], [-75.46356539765678, 37.937309744423246]]]}}, {"type": "Feature", "properties": {"roadType": "runway", "z_order": 0, "osm_way_id": "28436831", "area": 0}, "geometry": {"type": "Polygon", "coordinates": [[[-75.5142765256849, 38.33694162135715], [-75.51380992625263, 38.337435420756336], [-75.51042152591515, 38.341021321113494], [-75.50959321783995, 38.341897729658776], [-75.50691322831675, 38.344733618572526], [-75.50665853626917, 38.34500321015488], [-75.50644046373084, 38.34479718984512], [-75.50669516373084, 38.34452758984512], [-75.50937517969595, 38.34169167294868], [-75.51020347933913, 38.34081527332597], [-75.51359187408485, 38.337229378886505], [-75.51405847374737, 38.336735579243665], [-75.51654687489751, 38.33410217802649], [-75.51675908978073, 38.333877662278276], [-75.51697711021926, 38.33408373772172], [-75.51676491761636, 38.33430822989587], [-75.5142765256849, 38.33694162135715]]]}}, {"type": "Feature", "properties": {"roadType": "taxiway", "z_order": 0, "osm_way_id": "28436852", "area": 0}, "geometry": {"type": "Polygon", "coordinates": [[[-75.51463203641781, 38.34265609799105], [-75.51476848014072, 38.34246756295527], [-75.51484517676457, 38.34236156762115], [-75.51485750645556, 38.34234665657605], [-75.51680420645556, 38.340279756576045], [-75.51680459106181, 38.34027934974591], [-75.5171407910618, 38.339925049745915], [-75.51738600663994, 38.33966673333136], [-75.51765460053583, 38.33938373976274], [-75.51826224656452, 38.338743475763174], [-75.51833280542324, 38.33865211435284], [-75.51836646421879, 38.33858842999223], [-75.51837719681619, 38.33854021848323], [-75.51837623407744, 38.33846201447271], [-75.5183613748043, 38.33836027859041], [-75.51835984369048, 38.33834222011518], [-75.51835724369047, 38.33823452011518], [-75.5183575456175, 38.338220723271604], [-75.5183591142462, 38.33820701256569], [-75.51836193629936, 38.33819350404732], [-75.51838963629936, 38.33808590404732], [-75.51839489413861, 38.33806946359249], [-75.51840200586345, 38.33805373601168], [-75.51845110586345, 38.33795993601168], [-75.51845828141231, 38.33794767801818], [-75.51846658422055, 38.33793615368388], [-75.51852708422054, 38.33786005368388], [-75.51853599335118, 38.33784983211327], [-75.51923378320062, 38.337118767296424], [-75.51928074543392, 38.33704222029229], [-75.51930516690581, 38.336961622516775], [-75.51930834366998, 38.3369013910682], [-75.51927445002858, 38.33669821342445], [-75.51919068052331, 38.33624289811107], [-75.51914500614508, 38.336126275648034], [-75.51911140373059, 38.33606931236101], [-75.51911130986772, 38.33606915301898], [-75.51910199117994, 38.33605331124974], [-75.51905308556559, 38.33601139215173], [-75.51883138975582, 38.33582139574281], [-75.51817078308503, 38.335255232839636], [-75.51775418011614, 38.33490316836427], [-75.51775337867785, 38.33490248624792], [-75.51739487867786, 38.33459518624792], [-75.51739401127043, 38.334594436953054], [-75.51706278855711, 38.334306098763285], [-75.51703174166303, 38.33428927421809], [-75.51697524950208, 38.33428117894966], [-75.51691148477002, 38.33428403195781], [-75.5168357379003, 38.334299304748235], [-75.51670726719821, 38.334346130518156], [-75.5166045328018, 38.33406426948184], [-75.51674363280179, 38.33401356948184], [-75.51675437747684, 38.33401010536501], [-75.51676535225259, 38.334007459151685], [-75.51686355225259, 38.33398765915169], [-75.5168749695835, 38.33398581194838], [-75.51688649529837, 38.33398484991833], [-75.51697589529837, 38.33398084991833], [-75.51698991837667, 38.33398087863516], [-75.51700387749315, 38.3339822167744], [-75.51710087749315, 38.3339961167744], [-75.51711392802311, 38.333998580868275], [-75.51712670943952, 38.334002189674855], [-75.51713912154287, 38.33400691490301], [-75.51715106702883, 38.334012719509445], [-75.51722026702883, 38.33405021950944], [-75.51723429309916, 38.33405884850915], [-75.51724728872958, 38.334068963046946], [-75.517590556457, 38.334367786742156], [-75.51794822179988, 38.33467437128852], [-75.51836481988386, 38.33502643163573], [-75.51836561161086, 38.33502710542846], [-75.51902661085416, 38.33559360477994], [-75.51924831024418, 38.33578360425719], [-75.51931621870601, 38.33584181150964], [-75.51932814642736, 38.33585323254051], [-75.51933874639495, 38.33586589552473], [-75.51934789013228, 38.33587964698102], [-75.5193698432497, 38.33591696728065], [-75.51940949626942, 38.33598418763899], [-75.51941516289776, 38.335994734188425], [-75.51941997035725, 38.33600569907397], [-75.51947527035725, 38.336146899073974], [-75.51947985681247, 38.33616049073027], [-75.51948312399944, 38.33617445834216], [-75.51956972399942, 38.33664515834215], [-75.5195701554616, 38.33664761839987], [-75.5196069554616, 38.33686821839988], [-75.519608762328, 38.336884459318235], [-75.51960879180051, 38.33690080041142], [-75.5196037918005, 38.33699560041142], [-75.51960174922485, 38.337013587575285], [-75.51959755469699, 38.33703119768929], [-75.519562254697, 38.33714769768929], [-75.51955802352353, 38.33715977837522], [-75.51955277779122, 38.33717145433744], [-75.51954655569965, 38.33718264055118], [-75.51948115569965, 38.33728924055118], [-75.51947214711058, 38.3373023170165], [-75.51946180664882, 38.337314367886734], [-75.51875769244505, 38.33805205864254], [-75.5187102847557, 38.33811169046336], [-75.51867583898218, 38.33817749522012], [-75.51865765926625, 38.33824811389999], [-75.51865953721499, 38.33832590431459], [-75.5186745251957, 38.33842852140959], [-75.51867608863496, 38.338448353549005], [-75.51867738863496, 38.33855395354901], [-75.51867659936518, 38.33857127738438], [-75.51867381587535, 38.338588394346814], [-75.51865491587535, 38.33867329434681], [-75.51865143683015, 38.33868618694962], [-75.5186468249441, 38.3386987190472], [-75.51864111676855, 38.338710791316856], [-75.51859201676855, 38.338803691316855], [-75.51858552988026, 38.33881478653402], [-75.51857811701049, 38.33882528572092], [-75.5184950170105, 38.33893288572092], [-75.518485101219, 38.33894445838824], [-75.517872201219, 38.33959025838824], [-75.51760359789576, 38.339873261889764], [-75.5173583988769, 38.34013156085706], [-75.51702240162071, 38.340485647198136], [-75.51508254023457, 38.3425452863305], [-75.51501152323543, 38.34264343237886], [-75.51487321631197, 38.34283454194633], [-75.51486940467562, 38.34283958176886], [-75.51477500467561, 38.34295908176886], [-75.51476276927673, 38.34297275941903], [-75.51438636927674, 38.34334495941903], [-75.51417543072327, 38.34313164058098], [-75.5145452938931, 38.34276590447096], [-75.51463203641781, 38.34265609799105]]]}}, {"type": "Feature", "properties": {"roadType": "runway", "z_order": 0, "osm_way_id": "35457801", "area": 0}, "geometry": {"type": "Polygon", "coordinates": [[[-75.59057136534987, 38.53911086529909], [-75.59797686534986, 38.54530806529909], [-75.59778433465013, 38.54553813470091], [-75.59037883465014, 38.53934093470091], [-75.59057136534987, 38.53911086529909]]]}}, {"type": "Feature", "properties": {"roadType": "runway", "z_order": 0, "osm_way_id": "35457805", "area": 0}, "geometry": {"type": "Polygon", "coordinates": [[[-75.35329984019967, 38.684629301044595], [-75.35330054003659, 38.68462930006537], [-75.3590847400366, 38.68463470006537], [-75.35908572731681, 38.6846347042362], [-75.3595639086417, 38.68463829808332], [-75.36229808994811, 38.684629000867176], [-75.3622986, 38.684629], [-75.3624746, 38.684629], [-75.3624746, 38.684929], [-75.36229885502792, 38.684929], [-75.35956411005189, 38.684938299132824], [-75.3595624726832, 38.6849382957638], [-75.35908396631642, 38.68493469947378], [-75.35330060988231, 38.68492930026132], [-75.35166645980033, 38.68493539895541], [-75.3516659, 38.6849354], [-75.3516128, 38.6849354], [-75.3516128, 38.684635400000005], [-75.35166562009847, 38.684635400000005], [-75.35329984019967, 38.684629301044595]]]}}, {"type": "Feature", "properties": {"roadType": "runway", "z_order": 0, "osm_way_id": "107634298", "area": 0}, "geometry": {"type": "Polygon", "coordinates": [[[-75.79137897094392, 38.75551713922591], [-75.79208177094392, 38.75922133922591], [-75.79178702905608, 38.75927726077409], [-75.79108422905608, 38.75557306077409], [-75.79137897094392, 38.75551713922591]]]}}, {"type": "Feature", "properties": {"roadType": "taxiway", "z_order": 0, "osm_way_id": "109894314", "area": 0}, "geometry": {"type": "Polygon", "coordinates": [[[-75.50690263052014, 38.34484684689564], [-75.50691826452936, 38.3448995186172], [-75.5069383170429, 38.344933901462994], [-75.50695805081818, 38.34495227286467], [-75.50733921154709, 38.34517790304571], [-75.5080679883066, 38.34560629360638], [-75.50818148041235, 38.34565118712174], [-75.50829717904776, 38.34566931463357], [-75.50840403625251, 38.345676797160095], [-75.50851507744545, 38.345664018931046], [-75.5086142183875, 38.34563533826128], [-75.50869364507646, 38.345606759499375], [-75.50880472920147, 38.34551885466109], [-75.50969101142022, 38.344590732069136], [-75.51080730924734, 38.343403259884255], [-75.51080828641174, 38.343402230223084], [-75.51130028158958, 38.34288869184322], [-75.51129031060924, 38.34205038400009], [-75.51129030281861, 38.342047680448864], [-75.5112928028186, 38.34163988044887], [-75.51129329411782, 38.34162863483681], [-75.5112946273356, 38.34161745773093], [-75.51130382733561, 38.34155905773093], [-75.51130676410807, 38.341544896190925], [-75.51131105108279, 38.341531083309405], [-75.51131664840537, 38.341517747499424], [-75.5113235040397, 38.341505012738885], [-75.51136090403969, 38.341442912738884], [-75.51137007487816, 38.341429407121865], [-75.51138065908805, 38.341416978104604], [-75.5123833687288, 38.3403616784478], [-75.51520667910906, 38.33736827949106], [-75.51554637326896, 38.337008779749965], [-75.51774198238917, 38.33468557009886], [-75.51796001761082, 38.33489162990114], [-75.51576442216606, 38.337214825081176], [-75.51542487383884, 38.337574170395676], [-75.51260142089095, 38.34056772050894], [-75.51260104091196, 38.340568121895394], [-75.51160943601774, 38.34161173438503], [-75.51159561293976, 38.34163468660808], [-75.51159272803008, 38.34165299951297], [-75.51159030546862, 38.34204816774097], [-75.51160098939076, 38.34294641599991], [-75.51160045730207, 38.34296094813152], [-75.51159852054079, 38.34297536044997], [-75.51159519730957, 38.34298951750127], [-75.51159051884174, 38.34300328623056], [-75.51158452910784, 38.3430165372326], [-75.51157728440228, 38.343029145968025], [-75.51156885281436, 38.343040993933776], [-75.51155931358825, 38.343051969776916], [-75.51102540460614, 38.34360925725861], [-75.50990919075267, 38.344796640115746], [-75.50990838307102, 38.344797492583254], [-75.50901448307101, 38.34573359258325], [-75.50899908151113, 38.3457476258147], [-75.50886058151114, 38.345857225814704], [-75.50884735835976, 38.34586657496752], [-75.50883320438506, 38.3458744441092], [-75.50881828456474, 38.34588074151758], [-75.50871128456474, 38.34591924151758], [-75.50870218454018, 38.345922191634415], [-75.50858638454018, 38.345955691634416], [-75.50857421930756, 38.34595866668719], [-75.50856184830067, 38.34596061656211], [-75.50842454830067, 38.34597641656211], [-75.50841074944755, 38.345977362599335], [-75.50839692211619, 38.345977033599], [-75.50826982211619, 38.345968133599], [-75.50825708145403, 38.345966692102095], [-75.50811858145404, 38.3459449921021], [-75.50810236216903, 38.34594152269169], [-75.50808662508076, 38.345936283792206], [-75.50794682508077, 38.345880983792206], [-75.50793620909958, 38.34587630191921], [-75.50792598674973, 38.3458708135174], [-75.50718698674972, 38.3454364135174], [-75.50718659051499, 38.34543617978386], [-75.506791290515, 38.34520217978386], [-75.50677787159583, 38.34519322850538], [-75.50676549146343, 38.34518288804603], [-75.50671769146342, 38.34513838804603], [-75.5067074679415, 38.345127892659455], [-75.50669831713904, 38.34511644991703], [-75.50669032636428, 38.34510416899448], [-75.50665002636428, 38.345035068994484], [-75.50664192808014, 38.34501905201494], [-75.50663580080413, 38.34500218244683], [-75.50661060080414, 38.34491728244682], [-75.50660696194916, 38.344902204730815], [-75.5066048995594, 38.34488683185425], [-75.5065985995594, 38.34480983185425], [-75.5065981293835, 38.344794631130014], [-75.50659920079279, 38.344779460923526], [-75.50660180277399, 38.34476447717311], [-75.50660590858065, 38.344749833900444], [-75.50666200858066, 38.344582833900446], [-75.50694639141935, 38.34467836609956], [-75.50690011640462, 38.344816118817164], [-75.50690263052014, 38.34484684689564]]]}}, {"type": "Feature", "properties": {"roadType": "taxiway", "z_order": 0, "osm_way_id": "109894321", "area": 0}, "geometry": {"type": "Polygon", "coordinates": [[[-75.51337478361901, 38.34257104724176], [-75.51337668223672, 38.34257082334206], [-75.5146368241899, 38.34243035372754], [-75.51473406942506, 38.34241317749511], [-75.51478644828126, 38.3423962889854], [-75.51487746792408, 38.3423289278779], [-75.51505593207592, 38.3425700721221], [-75.51494513207592, 38.3426520721221], [-75.51493156339718, 38.34266101853275], [-75.51491710643923, 38.342668444411345], [-75.51490193092499, 38.34267426257894], [-75.51481633092499, 38.34270186257894], [-75.51479639035092, 38.34270681355249], [-75.51468429035093, 38.342726613552486], [-75.51467481776328, 38.34272797665794], [-75.51341086778568, 38.34286887075774], [-75.51275181638098, 38.342950852758236], [-75.51275029199789, 38.342951034465834], [-75.51146799199789, 38.34309723446584], [-75.5114340080021, 38.34279916553417], [-75.51271554534549, 38.342653052487606], [-75.51337478361901, 38.34257104724176]]]}}, {"type": "Feature", "properties": {"roadType": "taxiway", "z_order": 0, "osm_way_id": "138367263", "area": 0}, "geometry": {"type": "Polygon", "coordinates": [[[-76.03557482227065, 38.543720385573515], [-76.03555511218846, 38.54369313746619], [-76.0354975554258, 38.54362256944163], [-76.03544883919245, 38.54357087817113], [-76.0352052935597, 38.543312229730134], [-76.03466663975564, 38.542739572559576], [-76.0346660353773, 38.54273892621935], [-76.03308767897822, 38.54104097312404], [-76.02881762261448, 38.53645521998645], [-76.02717614619289, 38.53469016371228], [-76.02714322410674, 38.53465867302117], [-76.0271214377913, 38.53464564662006], [-76.0271029110541, 38.534638728114196], [-76.02707512412242, 38.53463206530769], [-76.02714507587758, 38.53434033469232], [-76.02718177587758, 38.53434913469231], [-76.02719927548873, 38.53435447838927], [-76.02723917548873, 38.53436937838927], [-76.02725169368847, 38.53437471190711], [-76.02726367705735, 38.53438115788319], [-76.02731167705734, 38.53440985788318], [-76.02732560125528, 38.5344192812597], [-76.02733838339688, 38.53443020372142], [-76.02738668339688, 38.53447640372142], [-76.02739284155416, 38.53448264896976], [-76.02903720947653, 38.53625081447713], [-76.03330727738552, 38.54083658001355], [-76.03488546338716, 38.542534349719595], [-76.03542373333954, 38.5431065988372], [-76.035667183646, 38.54336514606205], [-76.03571956080754, 38.543420721828866], [-76.03572663934473, 38.543428792749566], [-76.03579033934473, 38.54350689274957], [-76.03579563644612, 38.54351378588134], [-76.03582753644613, 38.543557885881334], [-76.03583639594572, 38.54357165893621], [-76.0358437011965, 38.54358631571228], [-76.03586180119649, 38.54362821571228], [-76.03586740453619, 38.543643385105156], [-76.03587134230845, 38.54365906955114], [-76.03587974230845, 38.54370226955114], [-76.0358820281667, 38.54371901188141], [-76.03588241647415, 38.54373590507494], [-76.0358809023031, 38.54375273475279], [-76.03587500230311, 38.54379283475279], [-76.03587168375286, 38.54380908811703], [-76.03586659076622, 38.5438248756473], [-76.03585978563264, 38.543840004255365], [-76.03584118563263, 38.543875904255366], [-76.03583347999992, 38.543889087405475], [-76.03582447399164, 38.54390141883025], [-76.03579907399164, 38.543932718830256], [-76.03579021974171, 38.543942689191766], [-76.03578051502868, 38.5439518338293], [-76.03574581502868, 38.54398173382929], [-76.03573616953135, 38.54398937856297], [-76.03572592977382, 38.54399620680855], [-76.03561822977382, 38.54406180680855], [-76.0356126849067, 38.54406502379183], [-76.0352700849067, 38.54425412379183], [-76.03526681466906, 38.54425587640507], [-76.03505301466906, 38.544367076405074], [-76.03491458533095, 38.54410092359493], [-76.03512673937334, 38.543990579677654], [-76.03546490828113, 38.54380392544395], [-76.03555933233498, 38.543746411814126], [-76.03557455333988, 38.54373329630846], [-76.03557836854205, 38.54372859489792], [-76.03557482227065, 38.543720385573515]]]}}, {"type": "Feature", "properties": {"roadType": "taxiway", "z_order": 0, "osm_way_id": "138367270", "area": 0}, "geometry": {"type": "Polygon", "coordinates": [[[-76.02703996054056, 38.53463286786395], [-76.02702476299896, 38.534635129639064], [-76.02699527435874, 38.53464528502713], [-76.02690376382708, 38.53469488968435], [-76.02634840429278, 38.53502013612014], [-76.02619679570722, 38.53476126387986], [-76.02675429570722, 38.53443476387986], [-76.02675861691716, 38.53443232821049], [-76.02686321691716, 38.53437562821049], [-76.02687433183763, 38.53437018399593], [-76.02688585774703, 38.53436567463441], [-76.02694015774703, 38.53434697463441], [-76.02695338811432, 38.53434308866345], [-76.02696691943116, 38.53434043407238], [-76.02700521943116, 38.53433473407238], [-76.02702416115255, 38.53433313284481], [-76.02706716115256, 38.534332232844804], [-76.02708529981253, 38.53433295186559], [-76.02712509981252, 38.5343369518656], [-76.02709510018748, 38.53463544813441], [-76.02706434772371, 38.53463235743453], [-76.02703996054056, 38.53463286786395]]]}}, {"type": "Feature", "properties": {"roadType": "taxiway", "z_order": 0, "osm_way_id": "138367271", "area": 0}, "geometry": {"type": "Polygon", "coordinates": [[[-76.03226982856552, 38.541266752145354], [-76.03312652856552, 38.540806652145356], [-76.03326847143448, 38.54107094785464], [-76.03241177143448, 38.54153104785464], [-76.03226982856552, 38.541266752145354]]]}}, {"type": "Feature", "properties": {"roadType": "taxiway", "z_order": 0, "osm_way_id": "138367283", "area": 0}, "geometry": {"type": "Polygon", "coordinates": [[[-76.02801202781038, 38.53671236995489], [-76.02885192781038, 38.53622336995489], [-76.02900287218962, 38.53648263004511], [-76.02816297218962, 38.53697163004511], [-76.02801202781038, 38.53671236995489]]]}}, {"type": "Feature", "properties": {"roadType": "runway", "z_order": 0, "osm_way_id": "146791633", "area": 0}, "geometry": {"type": "Polygon", "coordinates": [[[-75.82307597753315, 38.02029719148655], [-75.82291042246685, 38.02004700851346], [-75.82572272178408, 38.01818600896527], [-75.83183102078168, 38.01414380962861], [-75.83199657921831, 38.01439399037139], [-75.82588827921832, 38.01843619037139], [-75.82307597753315, 38.02029719148655]]]}}, {"type": "Feature", "properties": {"roadType": "runway", "z_order": 0, "osm_way_id": "146791635", "area": 0}, "geometry": {"type": "Polygon", "coordinates": [[[-75.8295793822792, 38.02079501118857], [-75.82940621772079, 38.02103998881144], [-75.82571891772079, 38.01843358881143], [-75.82320271115766, 38.01665478417197], [-75.82337588884234, 38.016409815828034], [-75.82589208555385, 38.01818861350326], [-75.8295793822792, 38.02079501118857]]]}}, {"type": "Feature", "properties": {"roadType": "runway", "z_order": 0, "osm_way_id": "156319532", "area": 0}, "geometry": {"type": "Polygon", "coordinates": [[[-75.50140015821152, 38.336879795467], [-75.5014723257198, 38.33692207643099], [-75.50193802844727, 38.33719527800239], [-75.5020201568518, 38.33724333610772], [-75.5050082835165, 38.33899581030982], [-75.50956008338369, 38.34166531023193], [-75.511526881126, 38.34281880890783], [-75.51614957753502, 38.345529606802025], [-75.51675128662009, 38.345882512130046], [-75.5165995133799, 38.346141287869955], [-75.51599781793152, 38.34578839053949], [-75.51137512246498, 38.343077593197975], [-75.5094083160251, 38.34192408942134], [-75.50485651661631, 38.33925458976807], [-75.50186857947517, 38.33750222663348], [-75.5017864431482, 38.33745416389228], [-75.50178630001292, 38.337454080029225], [-75.50132063713943, 38.33718090180926], [-75.50124847428019, 38.33713862356901], [-75.49918191659927, 38.33592648975835], [-75.49868942387077, 38.335637694022324], [-75.49884117612923, 38.33537890597768], [-75.49933367612923, 38.33566770597768], [-75.50140015821152, 38.336879795467]]]}}, {"type": "Feature", "properties": {"roadType": "runway", "z_order": 0, "osm_way_id": "204364215", "area": 0}, "geometry": {"type": "Polygon", "coordinates": [[[-75.47806372220793, 37.943058497983465], [-75.47162652405189, 37.943025197993], [-75.46693092549292, 37.94300079800053], [-75.46622923045048, 37.94299719802597], [-75.46568752467346, 37.942994397996216], [-75.4597069241197, 37.94296339799336], [-75.45844752583213, 37.9429568980022], [-75.4576023258768, 37.94295249800258], [-75.45730913261578, 37.94295099803706], [-75.45731066738422, 37.94265100196294], [-75.45760386738422, 37.94265250196294], [-75.45844907753198, 37.942656902015166], [-75.45970847416787, 37.9426634019978], [-75.46568907635881, 37.94269440200912], [-75.46623077241888, 37.94269720198876], [-75.46693246954952, 37.942700801974034], [-75.47162807795728, 37.9427252020174], [-75.47806527594811, 37.942758502007], [-75.48482185800795, 37.94279360191376], [-75.48506613679012, 37.94279480180954], [-75.48506466320987, 37.94309479819046], [-75.48482036320988, 37.94309359819046], [-75.47806372220793, 37.943058497983465]]]}}, {"type": "Feature", "properties": {"roadType": "runway", "z_order": 0, "osm_way_id": "204364378", "area": 0}, "geometry": {"type": "Polygon", "coordinates": [[[-75.46596627235166, 37.94370681605636], [-75.46555514807692, 37.942913469305935], [-75.4648398758925, 37.94153592287609], [-75.46338376491542, 37.938730501731186], [-75.463268457685, 37.93850828779891], [-75.46318466127295, 37.938346794713645], [-75.46280867195203, 37.93762241528791], [-75.46268207816523, 37.937378627253], [-75.46155197212633, 37.935201015626454], [-75.46147958309962, 37.93506163675457], [-75.46174581690039, 37.93492336324543], [-75.46181821690038, 37.93506276324543], [-75.46294833035554, 37.937240389155896], [-75.46307492183476, 37.937484172747], [-75.46345093423919, 37.93820859664007], [-75.46353474265797, 37.93837011286205], [-75.4636500387164, 37.93859230526605], [-75.46510612960483, 37.941397687711245], [-75.4658214241075, 37.94277527712391], [-75.46623255368776, 37.94356863409936], [-75.46769352525402, 37.94638267933182], [-75.46808042286581, 37.94712777473255], [-75.4678141771342, 37.94726602526745], [-75.46742727713419, 37.94652092526745], [-75.46596627235166, 37.94370681605636]]]}}, {"type": "Feature", "properties": {"roadType": "runway", "z_order": 0, "osm_way_id": "204364531", "area": 0}, "geometry": {"type": "Polygon", "coordinates": [[[-75.45747163178542, 37.94379591967522], [-75.4583308189147, 37.94271363588794], [-75.45941125329051, 37.94135399260103], [-75.46157424098358, 37.938630808095354], [-75.46197523903795, 37.9381259105451], [-75.46269773887775, 37.937216210746804], [-75.47081243786842, 37.9269987120177], [-75.47104736213159, 37.927185287982304], [-75.46293266213158, 37.9374027879823], [-75.46221016089355, 37.93831248954115], [-75.46180916096205, 37.938817389454904], [-75.45964615698874, 37.941540594457486], [-75.4585657587702, 37.9429001922215], [-75.4577065810853, 37.94398246411206], [-75.4564321553013, 37.945586896581894], [-75.45493795249445, 37.94746790011548], [-75.45470304750555, 37.94728129988453], [-75.45619724620845, 37.94540030151739], [-75.45747163178542, 37.94379591967522]]]}}, {"type": "Feature", "properties": {"roadType": "taxiway", "z_order": 0, "osm_way_id": "204365154", "area": 0}, "geometry": {"type": "Polygon", "coordinates": [[[-75.46851343084863, 37.93209041042921], [-75.46883772469336, 37.932253007343036], [-75.46958441848885, 37.93262730423289], [-75.46944998151115, 37.932895495767106], [-75.46870328151115, 37.93252119576711], [-75.46837997565244, 37.932359094217944], [-75.46723378961589, 37.931805783699254], [-75.4673642103841, 37.93153561630074], [-75.46851141038411, 37.93208941630074], [-75.46851343084863, 37.93209041042921]]]}}, {"type": "Feature", "properties": {"roadType": "taxiway", "z_order": 0, "osm_way_id": "204365187", "area": 0}, "geometry": {"type": "Polygon", "coordinates": [[[-75.46975129918282, 37.93110169557727], [-75.47050909918282, 37.931477195577266], [-75.47037590081719, 37.93174600442273], [-75.46961810081719, 37.93137050442273], [-75.46975129918282, 37.93110169557727]]]}}, {"type": "Feature", "properties": {"roadType": "taxiway", "z_order": 0, "osm_way_id": "204365319", "area": 0}, "geometry": {"type": "Polygon", "coordinates": [[[-75.46556242715214, 37.94067036136715], [-75.46466892489619, 37.93890235690343], [-75.46493667510381, 37.938767043096576], [-75.4658301740422, 37.9405350409959], [-75.46587217284787, 37.94061813863285], [-75.46587245043021, 37.94061869067075], [-75.46636425043022, 37.94160179067076], [-75.46609594956979, 37.94173600932925], [-75.46560428779344, 37.94075318563602], [-75.46556242715214, 37.94067036136715]]]}}, {"type": "Feature", "properties": {"roadType": "taxiway", "z_order": 0, "osm_way_id": "204365449", "area": 0}, "geometry": {"type": "Polygon", "coordinates": [[[-75.46582977678608, 37.94067113937157], [-75.46538517678607, 37.94153823937157], [-75.46511822321392, 37.94140136062843], [-75.46556282321393, 37.94053426062843], [-75.46582977678608, 37.94067113937157]]]}}, {"type": "Feature", "properties": {"roadType": "taxiway", "z_order": 0, "osm_way_id": "204365645", "area": 0}, "geometry": {"type": "Polygon", "coordinates": [[[-75.46579307741685, 37.94054615962402], [-75.46687267741684, 37.940969659624024], [-75.46676312258315, 37.94124894037598], [-75.46568352258315, 37.940825440375974], [-75.46579307741685, 37.94054615962402]]]}}, {"type": "Feature", "properties": {"roadType": "taxiway", "z_order": 0, "osm_way_id": "204366031", "area": 0}, "geometry": {"type": "Polygon", "coordinates": [[[-75.46760428049849, 37.93380613533456], [-75.4683335804985, 37.934172135334556], [-75.4681990195015, 37.93444026466545], [-75.4674697195015, 37.93407426466545], [-75.46760428049849, 37.93380613533456]]]}}, {"type": "Feature", "properties": {"roadType": "taxiway", "z_order": 0, "osm_way_id": "204366319", "area": 0}, "geometry": {"type": "Polygon", "coordinates": [[[-75.46648939414393, 37.94223400780862], [-75.46667350567324, 37.94198849248837], [-75.46684221967625, 37.94176047900738], [-75.4668507362365, 37.94174999186138], [-75.46686016181827, 37.94174031351248], [-75.46687041996464, 37.94173152246802], [-75.46688142746511, 37.94172369003783], [-75.4669404274651, 37.941685590037835], [-75.46695260050592, 37.94167851570334], [-75.46696538320697, 37.941672613865926], [-75.46697866295034, 37.941667936521874], [-75.46705426295034, 37.94164523652187], [-75.46714053704966, 37.941932563478126], [-75.4670853062888, 37.9419491473177], [-75.46706712728133, 37.94196088664286], [-75.46691438032376, 37.942167320992624], [-75.46691380585607, 37.94216809219138], [-75.46673012705249, 37.94241303046577], [-75.46635143274224, 37.942935257305834], [-75.46610856725775, 37.94275914269417], [-75.46648796725775, 37.94223594269417], [-75.46648939414393, 37.94223400780862]]]}}, {"type": "Feature", "properties": {"roadType": "taxiway", "z_order": 0, "osm_way_id": "204366462", "area": 0}, "geometry": {"type": "Polygon", "coordinates": [[[-75.4666200075335, 37.942817071823605], [-75.46660761230098, 37.94280488413771], [-75.46654051230098, 37.94273078413771], [-75.46652919384317, 37.942716657735296], [-75.46651965941656, 37.94270127081092], [-75.46647405941657, 37.94261667081092], [-75.46646758245546, 37.9426030577089], [-75.46646250462973, 37.942588863229076], [-75.46645887722939, 37.94257423074677], [-75.46644277722937, 37.94249173074677], [-75.46644037078241, 37.94247354026764], [-75.46644020335059, 37.942455192066525], [-75.46644560335059, 37.94235159206653], [-75.46644732194086, 37.94233546491273], [-75.46645077165344, 37.94231961757462], [-75.46645591215906, 37.942304235317174], [-75.46646991215906, 37.94226883531717], [-75.46674888784094, 37.942379164682826], [-75.466743918467, 37.94239173009979], [-75.46674075716433, 37.942452380276876], [-75.46674895651662, 37.94249439559144], [-75.46677510471521, 37.942542907380925], [-75.4668182603571, 37.9425905651017], [-75.4670167704227, 37.942727256391585], [-75.4668466295773, 37.94297434360842], [-75.4666337295773, 37.94282774360842], [-75.4666200075335, 37.942817071823605]]]}}, {"type": "Feature", "properties": {"roadType": "taxiway", "z_order": 0, "osm_way_id": "204366849", "area": 0}, "geometry": {"type": "Polygon", "coordinates": [[[-75.47644470250216, 37.9415296663955], [-75.47644080250215, 37.9408544663955], [-75.47674079749784, 37.940852733604494], [-75.47674469749785, 37.9415279336045], [-75.47644470250216, 37.9415296663955]]]}}, {"type": "Feature", "properties": {"roadType": "taxiway", "z_order": 0, "osm_way_id": "204366933", "area": 0}, "geometry": {"type": "Polygon", "coordinates": [[[-75.47790624333824, 37.94150182926418], [-75.47821094333824, 37.942876029264184], [-75.47791805666176, 37.94294097073582], [-75.47761335666176, 37.94156677073582], [-75.47790624333824, 37.94150182926418]]]}}, {"type": "Feature", "properties": {"roadType": "taxiway", "z_order": 0, "osm_way_id": "204367050", "area": 0}, "geometry": {"type": "Polygon", "coordinates": [[[-75.47178759294434, 37.94181475487082], [-75.47177729294434, 37.94287665487082], [-75.47147730705565, 37.942873745129184], [-75.47148760705565, 37.94181184512918], [-75.47178759294434, 37.94181475487082]]]}}, {"type": "Feature", "properties": {"roadType": "taxiway", "z_order": 0, "osm_way_id": "210532809", "area": 0}, "geometry": {"type": "Polygon", "coordinates": [[[-75.520666272634, 38.33496903730767], [-75.519239572634, 38.33601833730767], [-75.51906182736599, 38.33577666269233], [-75.52048852736598, 38.334727362692334], [-75.520666272634, 38.33496903730767]]]}}, {"type": "Feature", "properties": {"roadType": "taxiway", "z_order": 0, "osm_way_id": "210532810", "area": 0}, "geometry": {"type": "Polygon", "coordinates": [[[-75.52077056102128, 38.33505976587261], [-75.51932916102129, 38.33611416587261], [-75.51915203897872, 38.3358720341274], [-75.52059343897871, 38.3348176341274], [-75.52077056102128, 38.33505976587261]]]}}, {"type": "Feature", "properties": {"roadType": "taxiway", "z_order": 0, "osm_way_id": "210532812", "area": 0}, "geometry": {"type": "Polygon", "coordinates": [[[-75.52027800130494, 38.33453425140499], [-75.5202905299641, 38.33452756637877], [-75.52030363464523, 38.3345220960764], [-75.52031719789728, 38.334517889525614], [-75.52033109815922, 38.33451498442775], [-75.52034521084957, 38.334513406819816], [-75.52035940948295, 38.33451317084117], [-75.5203735668037, 38.33451427860678], [-75.52038755592646, 38.33451672018827], [-75.52040125147332, 38.33452047370289], [-75.52041453069755, 38.33452550550966], [-75.52042727458374, 38.33453177051088], [-75.52043936891447, 38.334539212556294], [-75.52045070529394, 38.33454776494637], [-75.52067330529393, 38.334732864946375], [-75.5206755445863, 38.3347347643787], [-75.52077945767917, 38.334824670066126], [-75.52098663928291, 38.33499958162551], [-75.52110318549832, 38.335093114901774], [-75.52110726820398, 38.335096512012036], [-75.52130506820397, 38.33526711201204], [-75.52131591189587, 38.33527745286291], [-75.52132566979567, 38.33528882397727], [-75.52133424453308, 38.33530111188715], [-75.52134155054407, 38.3353141939762], [-75.52134751492474, 38.335327939703305], [-75.52135207815888, 38.33534221190513], [-75.5213551947117, 38.33535686816485], [-75.52135683348432, 38.3353717622333], [-75.52135697812406, 38.335386745488286], [-75.52135562718762, 38.33540166841766], [-75.52135279415546, 38.33541638211126], [-75.52134850729733, 38.3354307397468], [-75.52134280939015, 38.33544459805493], [-75.52133575729114, 38.335457818748935], [-75.52132742137047, 38.33547026990459], [-75.5213178848091, 38.3354818272766], [-75.5213072427687, 38.335492375538394], [-75.52129560144212, 38.33550180943292], [-75.51984450144212, 38.33656220943292], [-75.51983240694295, 38.33657018128861], [-75.51981959989847, 38.33657694937583], [-75.51980619974285, 38.33658245057771], [-75.51979233144138, 38.33658663359189], [-75.51977812432517, 38.33658945940899], [-75.51976371088499, 38.3365909016764], [-75.5197492255357, 38.33659094694403], [-75.51973480336278, 38.33658959478971], [-75.51972057886253, 38.33658685782319], [-75.51970668468783, 38.336582761568486], [-75.51969325041107, 38.336577344225894], [-75.51968040131574, 38.33657065631571], [-75.5196682572282, 38.33656276020712], [-75.51965693140008, 38.336553729536575], [-75.5194590700437, 38.336379691285565], [-75.51934711501632, 38.33628344575582], [-75.51934680641364, 38.33628317972645], [-75.51914250641364, 38.336106579726454], [-75.51933869358636, 38.33587962027355], [-75.51954283946588, 38.33605608704949], [-75.51965528498368, 38.33615275424418], [-75.51965656859993, 38.33615387046343], [-75.51976468603789, 38.336248970235054], [-75.52096616585827, 38.3353709816736], [-75.52091334307303, 38.33532542268895], [-75.52079741450169, 38.33523238509822], [-75.520794536375, 38.33523001588406], [-75.520585236375, 38.33505331588406], [-75.52058385541369, 38.335052135621304], [-75.52048036576358, 38.33496259629687], [-75.520348951775, 38.33485332078346], [-75.51901763904377, 38.335828508759676], [-75.51884036095623, 38.33558649124032], [-75.52026616095624, 38.33454209124032], [-75.52027800130494, 38.33453425140499]]]}}, {"type": "Feature", "properties": {"roadType": "taxiway", "z_order": 0, "osm_way_id": "210532813", "area": 0}, "geometry": {"type": "Polygon", "coordinates": [[[-75.51946924444324, 38.336145211267215], [-75.52092104444324, 38.33508881126721], [-75.52109755555676, 38.33533138873278], [-75.51964575555677, 38.336387788732786], [-75.51946924444324, 38.336145211267215]]]}}, {"type": "Feature", "properties": {"roadType": "taxiway", "z_order": 0, "osm_way_id": "210532814", "area": 0}, "geometry": {"type": "Polygon", "coordinates": [[[-75.52097965576047, 38.33523661575637], [-75.51953325576046, 38.33629091575637], [-75.51935654423953, 38.336048484243626], [-75.52080294423953, 38.33499418424363], [-75.52097965576047, 38.33523661575637]]]}}, {"type": "Feature", "properties": {"roadType": "runway", "z_order": 0, "osm_way_id": "226597318", "area": 0}, "geometry": {"type": "Polygon", "coordinates": [[[-75.70882221522658, 38.200456994759044], [-75.71012031522658, 38.19261789475904], [-75.71041628477342, 38.192666905240955], [-75.70911818477342, 38.20050600524096], [-75.70882221522658, 38.200456994759044]]]}}, {"type": "Feature", "properties": {"roadType": "runway", "z_order": 0, "osm_way_id": "314935641", "area": 0}, "geometry": {"type": "Polygon", "coordinates": [[[-75.65838996179806, 38.14959928426168], [-75.66554626179807, 38.14830788426168], [-75.66559953820193, 38.14860311573831], [-75.65844323820193, 38.14989451573831], [-75.65838996179806, 38.14959928426168]]]}}, {"type": "Feature", "properties": {"roadType": "runway", "z_order": 0, "osm_way_id": "314947493", "area": 0}, "geometry": {"type": "Polygon", "coordinates": [[[-75.76159266243178, 38.130924861619974], [-75.76463406243178, 38.13592616161998], [-75.76437773756822, 38.136082038380025], [-75.76133633756822, 38.13108073838002], [-75.76159266243178, 38.130924861619974]]]}}, {"type": "Feature", "properties": {"roadType": "runway", "z_order": 0, "osm_way_id": "314947597", "area": 0}, "geometry": {"type": "Polygon", "coordinates": [[[-75.61651616817515, 38.00730772484482], [-75.61679956817515, 38.009987524844824], [-75.61650123182484, 38.01001907515518], [-75.61621784897736, 38.00733943734756], [-75.6156381664822, 38.00196969949911], [-75.61593643351779, 38.001937500500894], [-75.61651613351779, 38.00730740050089], [-75.61651616817515, 38.00730772484482]]]}}, {"type": "Feature", "properties": {"roadType": "runway", "z_order": 0, "osm_way_id": "314948094", "area": 0}, "geometry": {"type": "Polygon", "coordinates": [[[-75.57816864167812, 38.0102161712953], [-75.57816807350365, 38.01021696286593], [-75.57538367350365, 38.014069662865936], [-75.57514052649636, 38.01389393713407], [-75.5779246411238, 38.01004163199645], [-75.57801793265067, 38.00991076471571], [-75.57847720701764, 38.00926570071803], [-75.57872159298236, 38.00943969928197], [-75.57826229298236, 38.01008479928197], [-75.57816864167812, 38.0102161712953]]]}}, {"type": "Feature", "properties": {"roadType": "runway", "z_order": 0, "osm_way_id": "314948095", "area": 0}, "geometry": {"type": "Polygon", "coordinates": [[[-75.57804309618164, 38.01029357010069], [-75.57798242097425, 38.0102647245103], [-75.57301814650403, 38.00793377736097], [-75.57314565349598, 38.007662222639034], [-75.57811025349598, 38.00999332263903], [-75.57811090381836, 38.009993629899306], [-75.57817125435311, 38.010022321137136], [-75.58185180195657, 38.01172901861598], [-75.58172559804343, 38.01200118138402], [-75.57804439804343, 38.01029418138402], [-75.57804309618164, 38.01029357010069]]]}}, {"type": "Feature", "properties": {"roadType": "runway", "z_order": 0, "osm_way_id": "314948905", "area": 0}, "geometry": {"type": "Polygon", "coordinates": [[[-75.63063080434549, 38.419268855439306], [-75.62902330434548, 38.417788955439306], [-75.6292264956545, 38.4175682445607], [-75.63083385776639, 38.41904801761784], [-75.63459751956364, 38.42249559102195], [-75.63439488043636, 38.422716808978045], [-75.63063108043636, 38.41926910897805], [-75.63063080434549, 38.419268855439306]]]}}, {"type": "Feature", "properties": {"roadType": "runway", "z_order": 0, "osm_way_id": "314948945", "area": 0}, "geometry": {"type": "Polygon", "coordinates": [[[-75.65357710222607, 38.43077336631273], [-75.66438410222607, 38.43324186631273], [-75.66431729777393, 38.43353433368728], [-75.65351029777393, 38.43106583368728], [-75.65357710222607, 38.43077336631273]]]}}, {"type": "Feature", "properties": {"roadType": "runway", "z_order": 0, "osm_way_id": "315187540", "area": 0}, "geometry": {"type": "Polygon", "coordinates": [[[-76.19574895081823, 38.32062526624191], [-76.19696718220467, 38.32319606804654], [-76.19696718220467, 38.32389663424939], [-76.19547784918177, 38.32075373375809], [-76.19574895081823, 38.32062526624191]]]}}, {"type": "Feature", "properties": {"roadType": "runway", "z_order": 0, "osm_way_id": "315191149", "area": 0}, "geometry": {"type": "Polygon", "coordinates": [[[-76.1712073391512, 38.61645028118727], [-76.1706265391512, 38.60782798118727], [-76.17092586084881, 38.60780781881273], [-76.1715066608488, 38.61643011881273], [-76.1712073391512, 38.61645028118727]]]}}, {"type": "Feature", "properties": {"roadType": "runway", "z_order": 0, "osm_way_id": "315224014", "area": 0}, "geometry": {"type": "Polygon", "coordinates": [[[-76.13673124256316, 38.588727223537916], [-76.13435144339084, 38.58897032345337], [-76.13432095660917, 38.58867187654663], [-76.13670075660917, 38.58842877654663], [-76.14087545836118, 38.588002376367676], [-76.14351785800464, 38.587732476404085], [-76.14354834199536, 38.58803092359591], [-76.14090594199536, 38.588300823595915], [-76.13673124256316, 38.588727223537916]]]}}, {"type": "Feature", "properties": {"roadType": "runway", "z_order": 0, "osm_way_id": "315224015", "area": 0}, "geometry": {"type": "Polygon", "coordinates": [[[-76.13888118799011, 38.59207076754768], [-76.1387002120099, 38.59231003245232], [-76.1357981120099, 38.590114932452316], [-76.13424571247305, 38.58894073280263], [-76.13442668752697, 38.58870146719737], [-76.13597908752696, 38.58987566719737], [-76.13888118799011, 38.59207076754768]]]}}, {"type": "Feature", "properties": {"roadType": "runway", "z_order": 0, "osm_way_id": "315224016", "area": 0}, "geometry": {"type": "Polygon", "coordinates": [[[-76.13601814130203, 38.59007092440789], [-76.13601776369536, 38.590071567554034], [-76.13533606369536, 38.59122606755403], [-76.13507773630464, 38.59107353244596], [-76.13575924670108, 38.58991935355101], [-76.13658645869798, 38.58850237559211], [-76.13658709181534, 38.58850130136946], [-76.13841709181534, 38.585425601369465], [-76.13867490818467, 38.58557899863054], [-76.13684522697605, 38.58865416283456], [-76.13601814130203, 38.59007092440789]]]}}, {"type": "Feature", "properties": {"roadType": "taxiway", "z_order": 0, "osm_way_id": "315224017", "area": 0}, "geometry": {"type": "Polygon", "coordinates": [[[-76.14117595289868, 38.58751062059839], [-76.14117718105992, 38.58750923460587], [-76.14141428105992, 38.58771933460587], [-76.14121531894008, 38.58794386539413], [-76.14097821894008, 38.58773376539413], [-76.14096774417459, 38.587723528018], [-76.14095831777476, 38.58771231786331], [-76.14095002961591, 38.587700241812435], [-76.14094295872086, 38.58768741500358], [-76.14093717250655, 38.58767395973302], [-76.14093272614123, 38.58766000428901], [-76.1409296620184, 38.58764568172872], [-76.14092800935273, 38.58763112860953], [-76.14092778390145, 38.58761648368708], [-76.14092898781409, 38.58760188659228], [-76.14093160961204, 38.587587476500076], [-76.14093562429797, 38.587573390802405], [-76.14094099359414, 38.58755976379831], [-76.14094766630741, 38.58754672541345], [-76.14095557881728, 38.58753439996135], [-76.14096465568251, 38.587522904958114], [-76.1409748103604, 38.58751235000199], [-76.14098594603195, 38.58750283572843], [-76.1409979565249, 38.587494452850564], [-76.14101072732609, 38.58748728129434], [-76.14110892732609, 38.58743828129434], [-76.14116948682423, 38.58755964747225], [-76.14117595289868, 38.58751062059839]]]}}, {"type": "Feature", "properties": {"roadType": "taxiway", "z_order": 0, "osm_way_id": "315224018", "area": 0}, "geometry": {"type": "Polygon", "coordinates": [[[-76.140987035164, 38.58826657624179], [-76.140794364836, 38.588036623758214], [-76.141128664836, 38.58775652375821], [-76.1411397704024, 38.587748066148514], [-76.14115161411306, 38.58774067755698], [-76.14116409339366, 38.587734421973664], [-76.14125389339365, 38.58769452197367], [-76.14137570660635, 38.587968678026336], [-76.14130517419024, 38.588000017039725], [-76.140987035164, 38.58826657624179]]]}}, {"type": "Feature", "properties": {"roadType": "runway", "z_order": 0, "osm_way_id": "315311230", "area": 0}, "geometry": {"type": "Polygon", "coordinates": [[[-75.40258040245881, 38.4454937327599], [-75.40321340245882, 38.4377795327599], [-75.40351239754119, 38.4378040672401], [-75.40287939754118, 38.445518267240104], [-75.40258040245881, 38.4454937327599]]]}}, {"type": "Feature", "properties": {"roadType": "taxiway", "z_order": 0, "osm_way_id": "346671897", "area": 0}, "geometry": {"type": "Polygon", "coordinates": [[[-75.46676555758832, 37.94169561857323], [-75.46677512122208, 37.9417033931726], [-75.46678401429419, 37.94171192668036], [-75.46685101429419, 37.94178172668036], [-75.46686086053452, 37.94179307049017], [-75.46686952286134, 37.941805342187834], [-75.46691512286134, 37.94187734218784], [-75.46692241575197, 37.94189022212363], [-75.46692840375206, 37.94190375810733], [-75.4669330285574, 37.94191781834116], [-75.46693624513699, 37.941932265922816], [-75.46694964513699, 37.94201046592281], [-75.46695131362746, 37.942023730401736], [-75.46695179444639, 37.94203709075632], [-75.46695108377435, 37.9420504408577], [-75.46694918725663, 37.94206367465844], [-75.46694118725664, 37.942105974658446], [-75.46664641274337, 37.94205022534156], [-75.46664938898797, 37.94203448844824], [-75.46664562261361, 37.942012508562094], [-75.4666241445257, 37.941978595791696], [-75.46658045705311, 37.94193308257399], [-75.46651841203878, 37.941894244627996], [-75.46667758796123, 37.941639955372004], [-75.46675538796123, 37.941688655372005], [-75.46676555758832, 37.94169561857323]]]}}, {"type": "Feature", "properties": {"roadType": "taxiway", "z_order": 0, "osm_way_id": "415331512", "area": 0}, "geometry": {"type": "Polygon", "coordinates": [[[-75.46352915286924, 37.93833520628538], [-75.46353564326272, 37.938348381779406], [-75.4635408140008, 37.93836212886338], [-75.46354461550901, 37.93837631573709], [-75.46354701134038, 37.93839080638381], [-75.46355061134038, 37.9384220063838], [-75.46326222528053, 37.938455281698396], [-75.46327611847205, 37.9384922185665], [-75.46327459495295, 37.93849327129858], [-75.46325849495295, 37.93846997129858], [-75.46325117984986, 37.93845826794376], [-75.46324497139015, 37.938445941781524], [-75.46323992213304, 37.93843309716203], [-75.46323607482425, 37.93841984282454], [-75.46323346203411, 37.93840629097688], [-75.4632254620341, 37.938351290976875], [-75.46350762142667, 37.938310249610645], [-75.46350378152796, 37.9383004814335], [-75.46350530504705, 37.93829942870142], [-75.46351231083646, 37.93830956751467], [-75.46352233796588, 37.93830810902312], [-75.46352540036456, 37.93832916301399], [-75.46352915286924, 37.93833520628538]]]}}, {"type": "Feature", "properties": {"roadType": "taxiway", "z_order": 0, "osm_way_id": "415331513", "area": 0}, "geometry": {"type": "Polygon", "coordinates": [[[-75.46338025936006, 37.93852341066375], [-75.46334845936006, 37.93850631066375], [-75.46333239507099, 37.938496317694636], [-75.46330379507098, 37.93847591769464], [-75.46329065979286, 37.938465388085724], [-75.46327878713235, 37.93845345292223], [-75.46326832663652, 37.93844026253853], [-75.46325132663652, 37.93841616253852], [-75.46324394552249, 37.93840461217376], [-75.46323764962521, 37.93839243623652], [-75.46323249152012, 37.93837973640495], [-75.46322851428123, 37.93836661873209], [-75.46322575112146, 37.93835319276031], [-75.46322422511523, 37.938339570606466], [-75.46322394900587, 37.9383258660257], [-75.46322484900587, 37.9382906660257], [-75.46322510463757, 37.93828494497683], [-75.46322780463758, 37.93824264497683], [-75.46322988136423, 37.93822557785938], [-75.46323389746706, 37.93820886049686], [-75.46324729746705, 37.93816446049686], [-75.46325341855002, 37.93814780957648], [-75.46326146266735, 37.93813199777763], [-75.46331036266736, 37.93804849777763], [-75.46356923733265, 37.93820010222237], [-75.46352934973916, 37.93826821293925], [-75.46352609473576, 37.938278998174454], [-75.46352467779332, 37.93830119693908], [-75.46352385099412, 37.938333533974294], [-75.46352199974729, 37.93833348664128], [-75.46350771790901, 37.938286382484996], [-75.46338025936006, 37.93852341066375]]]}}, {"type": "Feature", "properties": {"roadType": "taxiway", "z_order": 0, "osm_way_id": "415331517", "area": 0}, "geometry": {"type": "Polygon", "coordinates": [[[-75.46341709508056, 37.93853854243813], [-75.46342525694018, 37.938528493741295], [-75.46346275694019, 37.93848619374129], [-75.46347292437221, 37.938475788370894], [-75.46348405198843, 37.938466416894784], [-75.46349603511582, 37.938458167466635], [-75.46357113511581, 37.93841166746664], [-75.46357890784952, 37.93840717092096], [-75.46362990784952, 37.93837967092096], [-75.46364176769593, 37.93837393324895], [-75.46365408526295, 37.93836925838213], [-75.46366676552638, 37.93836568238489], [-75.46367971066401, 37.93836323284435], [-75.46373871066402, 37.93835473284435], [-75.46375341588386, 37.938353348998696], [-75.46376818591244, 37.93835341809849], [-75.46380708591244, 37.93835551809849], [-75.46379091408755, 37.938655081901516], [-75.46376681667837, 37.9386537810131], [-75.46374885005423, 37.938656369425054], [-75.46372524584318, 37.938669097185915], [-75.46367265794542, 37.938701658267746], [-75.46365835501643, 37.93871779197164], [-75.4636445699376, 37.93874014253636], [-75.4633892300624, 37.93858265746364], [-75.4634098300624, 37.93854925746364], [-75.46341709508056, 37.93853854243813]]]}}, {"type": "Feature", "properties": {"roadType": "runway", "z_order": 0, "osm_way_id": "463577803", "area": 0}, "geometry": {"type": "Polygon", "coordinates": [[[-75.99472276814345, 38.30759428645785], [-75.99316166814344, 38.30548688645785], [-75.99340273185655, 38.30530831354215], [-75.9949583944877, 38.30740837339025], [-75.99741170660128, 38.30999364728325], [-75.9971940933987, 38.310200152716746], [-75.99473449339871, 38.30760825271675], [-75.99472276814345, 38.30759428645785]]]}}, {"type": "Feature", "properties": {"roadType": "runway", "z_order": 0, "osm_way_id": "463815533", "area": 0}, "geometry": {"type": "Polygon", "coordinates": [[[-75.83809780914675, 38.61718906773092], [-75.84284000914676, 38.62294986773092], [-75.84260839085326, 38.62314053226908], [-75.83786619085325, 38.617379732269086], [-75.83809780914675, 38.61718906773092]]]}}, {"type": "Feature", "properties": {"roadType": "runway", "z_order": 0, "osm_way_id": "467289676", "area": 0}, "geometry": {"type": "Polygon", "coordinates": [[[-75.61250754430085, 38.407841065617355], [-75.61276285569915, 38.40768353438265], [-75.61729834815196, 38.41503422215089], [-75.61759624056246, 38.41551680985587], [-75.61734095943753, 38.41567439014413], [-75.61704305943753, 38.41519179014413], [-75.61250754430085, 38.407841065617355]]]}}, {"type": "Feature", "properties": {"roadType": "runway", "z_order": 0, "osm_way_id": "467289677", "area": 0}, "geometry": {"type": "Polygon", "coordinates": [[[-75.61593791999093, 38.41573603006287], [-75.61583248000906, 38.41545516993714], [-75.6171179756444, 38.41497257157571], [-75.62308247137133, 38.4127329731802], [-75.62318792862865, 38.41301382681981], [-75.61722342862866, 38.4152534268198], [-75.61593791999093, 38.41573603006287]]]}}, {"type": "Feature", "properties": {"roadType": "taxiway", "z_order": 0, "osm_way_id": "467290794", "area": 0}, "geometry": {"type": "Polygon", "coordinates": [[[-75.50207211927723, 38.335906231289165], [-75.50257531927724, 38.33620153128916], [-75.50242348072277, 38.33646026871084], [-75.50192028072276, 38.33616496871084], [-75.50207211927723, 38.335906231289165]]]}}, {"type": "Feature", "properties": {"roadType": "taxiway", "z_order": 0, "osm_way_id": "467290795", "area": 0}, "geometry": {"type": "Polygon", "coordinates": [[[-75.50191666916425, 38.33618992632799], [-75.50188903730523, 38.336146558359445], [-75.49986156106604, 38.334951838839494], [-75.49974758117796, 38.334949151813625], [-75.49962483004118, 38.33499589433689], [-75.49948696651398, 38.335122019328836], [-75.49937821149574, 38.33522866341893], [-75.49933009697354, 38.33532608785521], [-75.49929277548884, 38.33544327453195], [-75.49931252961079, 38.335523333939214], [-75.49939765461737, 38.33574287190766], [-75.49911794538262, 38.33585132809234], [-75.49902934538262, 38.33562282809234], [-75.49902356771399, 38.335604533790104], [-75.498991367714, 38.3354740337901], [-75.4989886889494, 38.335460546208296], [-75.4989872565951, 38.33544686998791], [-75.49898708268866, 38.3354331200643], [-75.49898816869158, 38.33541941199221], [-75.49899050547708, 38.33540586097468], [-75.49899407340673, 38.33539258089483], [-75.49904767340674, 38.335224280894835], [-75.49905149729766, 38.335213671235536], [-75.49905610750224, 38.33520337885846], [-75.49912050750224, 38.33507297885846], [-75.49912878648873, 38.335058343540844], [-75.49913865146937, 38.33504472677559], [-75.4991499784812, 38.33503229967046], [-75.4992787784812, 38.334905999670454], [-75.4992825503707, 38.33490242700165], [-75.49944345037069, 38.33475522700165], [-75.49945431892726, 38.334746186752234], [-75.49946599027516, 38.334738209831166], [-75.49947836074604, 38.33473136709182], [-75.49949132046171, 38.33472571931341], [-75.49966832046171, 38.33465831931341], [-75.49968212619501, 38.334653814430716], [-75.49969630285312, 38.33465066568419], [-75.4997107175584, 38.334648902587], [-75.49972523520198, 38.33464854166463], [-75.49990763520198, 38.33465284166463], [-75.49992285386601, 38.33465397697587], [-75.49993787840945, 38.33465665274873], [-75.49995255331385, 38.334660841286365], [-75.49996672667979, 38.334666499233386], [-75.49998025179927, 38.3346735680246], [-75.50207235179927, 38.3359063680246], [-75.50208417032, 38.33591410422725], [-75.50209520873456, 38.33592291783424], [-75.50210536915608, 38.335932730687965], [-75.50211456148367, 38.335943455769666], [-75.50212270420126, 38.33595499797111], [-75.50218170420126, 38.3360475979711], [-75.50218903406882, 38.3360604619603], [-75.50219506004056, 38.336073985896164], [-75.50219972340766, 38.33608803801999], [-75.50222662340765, 38.33618483801999], [-75.50222981164316, 38.336198898841545], [-75.50223163520987, 38.33621320080479], [-75.50223207726033, 38.33622761177769], [-75.50223113371055, 38.33624199862106], [-75.50222881327774, 38.33625622841867], [-75.50222513739976, 38.33627016970518], [-75.50218793739977, 38.33638796970518], [-75.50190186260023, 38.336297630294816], [-75.50192565880192, 38.33622227565613], [-75.50191666916425, 38.33618992632799]]]}}, {"type": "Feature", "properties": {"roadType": "taxiway", "z_order": 0, "osm_way_id": "467291704", "area": 0}, "geometry": {"type": "Polygon", "coordinates": [[[-76.02642149670788, 38.534344166402505], [-76.0264045190755, 38.534329501512616], [-76.02638022565209, 38.53431637688767], [-76.02635433413322, 38.53430644366346], [-76.02632745328148, 38.53430142524197], [-76.02629725652228, 38.53430148014517], [-76.02627115280161, 38.53430530141226], [-76.02623940693654, 38.534317171605295], [-76.02612171676485, 38.53438313577503], [-76.02588992053582, 38.53452679805849], [-76.02573187946417, 38.53427180194151], [-76.02596647946417, 38.53412640194151], [-76.02597216068595, 38.53412305144244], [-76.02610276068596, 38.53404985144244], [-76.0261129783234, 38.53404462776204], [-76.02612356539645, 38.5340402004789], [-76.02618106539644, 38.534018700478896], [-76.02619625889129, 38.53401392219164], [-76.02621187338526, 38.53401078182654], [-76.02626447338527, 38.53400308182654], [-76.02628592727318, 38.53400150024793], [-76.02634092727318, 38.53400140024793], [-76.02635488706781, 38.53400202575799], [-76.02636872807868, 38.534003947618245], [-76.02642282807868, 38.53401404761825], [-76.02643609680356, 38.53401715450884], [-76.02644902879739, 38.534021452806776], [-76.02649672879738, 38.53403975280677], [-76.02651429831305, 38.5340478282206], [-76.02656149831304, 38.53407332822061], [-76.02657537658874, 38.534081829563334], [-76.02658825213018, 38.534091784451434], [-76.02662055213018, 38.53411968445143], [-76.02662631801233, 38.53412493264428], [-76.02665551801233, 38.53415293264428], [-76.02666215501829, 38.53415971261687], [-76.02694055501829, 38.534462712616865], [-76.02671964498171, 38.53466568738313], [-76.0264444562196, 38.53436618237264], [-76.02642149670788, 38.534344166402505]]]}}, {"type": "Feature", "properties": {"roadType": "runway", "z_order": 0, "osm_way_id": "467291705", "area": 0}, "geometry": {"type": "Polygon", "coordinates": [[[-76.03437271588717, 38.543800934038444], [-76.03437242748014, 38.54380062521158], [-76.0322310857143, 38.54150118774518], [-76.02797784403043, 38.53694435022392], [-76.02797766461283, 38.536944157661125], [-76.02616302254405, 38.53499313497734], [-76.0257015818726, 38.53450201098783], [-76.02569944258804, 38.53449968548361], [-76.02565864258804, 38.53445438548361], [-76.02588155741196, 38.53425361451639], [-76.0259213000175, 38.53429774049754], [-76.0263819181274, 38.534787989012166], [-76.02638243538716, 38.53478854233887], [-76.02819724576551, 38.53673974598165], [-76.03245045596957, 38.54129654977608], [-76.03245057251986, 38.54129667478841], [-76.034591828533, 38.54359602017096], [-76.03509328411283, 38.544131465961556], [-76.03509832106533, 38.54413712417434], [-76.03512632106533, 38.54417022417434], [-76.03489727893468, 38.54436397582566], [-76.03487172594971, 38.544333768547006], [-76.03437271588717, 38.543800934038444]]]}}, {"type": "Feature", "properties": {"roadType": "taxiway", "z_order": 0, "osm_way_id": "470242824", "area": 0}, "geometry": {"type": "Polygon", "coordinates": [[[-75.82567181988264, 38.0175744576008], [-75.82567691939656, 38.01725738782378], [-75.82597688060343, 38.01726221217621], [-75.82597178060344, 38.01757931217622], [-75.82596307961846, 38.018107072659994], [-75.8259629985137, 38.01811011684603], [-75.8259553985137, 38.01831661684603], [-75.8256556014863, 38.01830558315397], [-75.82566314548254, 38.01810060483545], [-75.82567181988264, 38.0175744576008]]]}}, {"type": "Feature", "properties": {"roadType": "runway", "z_order": 0, "osm_way_id": "472146191", "area": 0}, "geometry": {"type": "Polygon", "coordinates": [[[-75.36022479589838, 38.689900090733225], [-75.36022453911332, 38.68990040041156], [-75.35613825441374, 38.694814961740136], [-75.3554892693775, 38.695599322795324], [-75.3552581306225, 38.69540807720468], [-75.3559072306225, 38.69462357720468], [-75.35590746088668, 38.69462329958844], [-75.3599937322854, 38.68970875425678], [-75.36302829272434, 38.686039123025076], [-75.36563138136921, 38.68288973676326], [-75.36586261863079, 38.68308086323674], [-75.36325951863078, 38.68623026323674], [-75.36022479589838, 38.689900090733225]]]}}, {"type": "Feature", "properties": {"roadType": "taxiway", "z_order": 0, "osm_way_id": "472146192", "area": 0}, "geometry": {"type": "Polygon", "coordinates": [[[-75.36004150717473, 38.68993835694381], [-75.36004133000945, 38.689938267202194], [-75.35334883000945, 38.6865426672022], [-75.35333426410072, 38.686534216888376], [-75.35332073715362, 38.68652418717239], [-75.35326823715363, 38.68648048717238], [-75.35325857516946, 38.68647170537627], [-75.3532497134642, 38.68646211662973], [-75.35324171917954, 38.686451793583], [-75.35319321917953, 38.686383193583], [-75.35318454280049, 38.68636938591222], [-75.3531774165907, 38.68635471797238], [-75.35317192477603, 38.686339363126336], [-75.35316813226518, 38.68632350285563], [-75.35315123226519, 38.68623080285563], [-75.35314941917196, 38.68621751499952], [-75.35314880015888, 38.686204118311494], [-75.35314770015887, 38.685448318311494], [-75.35314770122234, 38.685447494442734], [-75.35315040122234, 38.684778694442734], [-75.35345039877765, 38.68477990555727], [-75.35344770044067, 38.685448293624574], [-75.35344878026392, 38.68619023036615], [-75.35345732120783, 38.68623707921232], [-75.35347530635147, 38.68626251799281], [-75.35349965867444, 38.68628278840259], [-75.36017698143688, 38.689670687867995], [-75.36207699282527, 38.690631543056185], [-75.36207720385397, 38.69063164998461], [-75.36223970385397, 38.690714149984615], [-75.3622526506458, 38.69072155454867], [-75.36226479810507, 38.690730208231166], [-75.36227602613553, 38.6907400254772], [-75.36228622373089, 38.690750909228235], [-75.36229529007228, 38.690762751881714], [-75.36230313552502, 38.690775436354855], [-75.36230968252478, 38.6907888372422], [-75.36231486634445, 38.69080282205544], [-75.36231863573401, 38.69081725253325], [-75.36232095342727, 38.69083198600825], [-75.36232179651029, 38.69084687681745], [-75.36232115664788, 38.69086177774238], [-75.36231904016608, 38.690876541464554], [-75.36231546798956, 38.690891022021944], [-75.36231047543474, 38.69090507625206], [-75.3623041118607, 38.69091856520728], [-75.3622964401811, 38.69093135552861], [-75.36228753624226, 38.69094332076412], [-75.35885453624226, 38.69510722076412], [-75.3588483441619, 38.6951142698814], [-75.3588005441619, 38.6951653698814], [-75.35878992795278, 38.69517565309378], [-75.35877835127042, 38.69518484160716], [-75.35876592651067, 38.695192846211945], [-75.35875277430324, 38.69519958919292], [-75.35865187430325, 38.69524518919292], [-75.35864082712857, 38.69524966217067], [-75.35667312712857, 38.69595676217067], [-75.3566622568867, 38.69596020784413], [-75.3566511562989, 38.69596281778179], [-75.35648835629888, 38.695994617781786], [-75.35647474794308, 38.695996633172655], [-75.35646101217682, 38.69599739335237], [-75.35631231217683, 38.69599879335237], [-75.35629883904626, 38.69599831432505], [-75.35628546334394, 38.6959966275229], [-75.35616516334395, 38.6959759275229], [-75.35614469862294, 38.695970904284195], [-75.35602429862294, 38.6959322042842], [-75.3560089144878, 38.69592630904278], [-75.35590303036113, 38.695878911421666], [-75.35579116695487, 38.69583274092327], [-75.35531786482036, 38.69564292080562], [-75.35542953517964, 38.69536447919439], [-75.35590353517964, 38.695554579194386], [-75.35590492807115, 38.695555145941746], [-75.35601952807116, 38.695602445941745], [-75.3560235855122, 38.69560419095722], [-75.35612395556275, 38.69564912027549], [-75.35622644587127, 38.69568206358894], [-75.35632300986539, 38.695698679338555], [-75.35644438808262, 38.69569753657121], [-75.3565824276066, 38.695670573076974], [-75.35853376036279, 38.6949693547043], [-75.35860192326868, 38.69493854966457], [-75.35862604951308, 38.69491275780079], [-75.36193697970177, 38.69089691678341], [-75.36004150717473, 38.68993835694381]]]}}, {"type": "Feature", "properties": {"roadType": "taxiway", "z_order": 0, "osm_way_id": "472146193", "area": 0}, "geometry": {"type": "Polygon", "coordinates": [[[-75.36245180225298, 38.68509144645183], [-75.36245068248, 38.68510257295877], [-75.36244348248, 38.685154572958766], [-75.36244091069098, 38.6851683639072], [-75.36243706176683, 38.68518185427935], [-75.36243196937355, 38.68519492607679], [-75.36242567805361, 38.68520746496235], [-75.36239747805362, 38.68525766496236], [-75.36238970278917, 38.68527005053208], [-75.36238075841287, 38.68528162011321], [-75.36230028550206, 38.685375836925154], [-75.36227181624686, 38.68541604903209], [-75.36226598507668, 38.68544185666268], [-75.36226512072615, 38.685465323779766], [-75.36226777241049, 38.68547928570958], [-75.36227679229896, 38.68549699278572], [-75.36230685212607, 38.6855376044357], [-75.36321226182592, 38.68600118348134], [-75.36321261554751, 38.686001365182605], [-75.36525351554751, 38.68705316518261], [-75.36526635052003, 38.68706060515229], [-75.3652783877847, 38.68706927659554], [-75.36528950959583, 38.687079094690354], [-75.3652996071625, 38.687089963398456], [-75.36530858171271, 38.687101776404724], [-75.36531634545955, 38.68711441815712], [-75.36532282245986, 38.68712776499703], [-75.36532794935717, 38.687141686368825], [-75.36533167600139, 38.68715604609693], [-75.36533396593937, 38.687170703717904], [-75.36533479677148, 38.68718551585437], [-75.36533416037071, 38.68720033761751], [-75.3653320629622, 38.68721502402436], [-75.36532852506227, 38.68722943141596], [-75.36532358127783, 38.68724341886262], [-75.36531727996783, 38.68725684954245], [-75.36530968277017, 38.68726959207973], [-75.36530086399884, 38.68728152182997], [-75.36358396399885, 38.689378621829974], [-75.36357277913251, 38.68939083976671], [-75.36356031530379, 38.68940174995399], [-75.36354672450447, 38.68941121934609], [-75.36309301563065, 38.68969145410868], [-75.36212484811567, 38.69086104848646], [-75.36189375188432, 38.69066975151353], [-75.36287765188433, 38.68948115151353], [-75.36288870841621, 38.689469182580794], [-75.36290099795923, 38.68945848354435], [-75.36291437549554, 38.68944918065391], [-75.3633677295792, 38.689169165028616], [-75.36495130489503, 38.68723491388128], [-75.36307536119243, 38.68626812590224], [-75.36213883817408, 38.68578861651866], [-75.36212685089983, 38.68578176499951], [-75.36211554440764, 38.685773840272816], [-75.3621050144952, 38.68576490948323], [-75.36209535038037, 38.685755048299576], [-75.36208663394528, 38.68574434027371], [-75.36202823394528, 38.68566544027371], [-75.36202124858268, 38.68565513437743], [-75.3620151419461, 38.68564428468717], [-75.3619907419461, 38.68559638468717], [-75.36198491482982, 38.68558347143554], [-75.36198033196683, 38.68557006603668], [-75.36197703423778, 38.685556288071126], [-75.36196723423778, 38.68550468807113], [-75.36196502658827, 38.68548800462309], [-75.36196470164359, 38.68547117888192], [-75.36196670164358, 38.68541687888192], [-75.36196785632089, 38.685403026876145], [-75.36197028828559, 38.6853893412307], [-75.3619857882856, 38.685320741230704], [-75.36198974666566, 38.685306518627335], [-75.36199508398273, 38.685292754025426], [-75.36200174853572, 38.685279580758824], [-75.36200967576696, 38.6852671264333], [-75.36205937576696, 38.6851969264333], [-75.36206774158714, 38.68518617988679], [-75.36214310986362, 38.685097939525406], [-75.36215021264789, 38.68508529556191], [-75.36215198057162, 38.68507252722381], [-75.36214861000619, 38.68478073255768], [-75.36244858999382, 38.68477726744232], [-75.36245208999381, 38.68508026744232], [-75.36245180225298, 38.68509144645183]]]}}, {"type": "Feature", "properties": {"roadType": "taxiway", "z_order": 0, "osm_way_id": "472146194", "area": 0}, "geometry": {"type": "Polygon", "coordinates": [[[-75.36355127057963, 38.68945291455017], [-75.36356188046655, 38.689490247264274], [-75.36363009189414, 38.68962240122853], [-75.36363677122735, 38.689637273610224], [-75.36364179702613, 38.68965278304527], [-75.3636451099188, 38.689668746314716], [-75.36364667076886, 38.68968497483825], [-75.36365067076886, 38.68978127483825], [-75.3636506201203, 38.689794843810425], [-75.3636493434799, 38.68980835268753], [-75.36364685129453, 38.689821690925164], [-75.36364316395797, 38.689834749375315], [-75.36363831164405, 38.68984742117947], [-75.36363233405969, 38.68985960264311], [-75.3635680340597, 38.68997690264311], [-75.36356014275458, 38.68998972625767], [-75.36355100558228, 38.69000169412587], [-75.36261680558228, 38.691105694125866], [-75.36260638111736, 38.69111681444815], [-75.36259488192916, 38.69112681943227], [-75.36258242675628, 38.69113560576852], [-75.3625691442086, 38.69114308273074], [-75.36255517143942, 38.69114917311314], [-75.36254065272907, 38.6911538140275], [-75.36252573799518, 38.691156957552565], [-75.3625105812447, 38.69115857122883], [-75.36249533898354, 38.69115863839377], [-75.36248016860061, 38.69115715835386], [-75.3624652267426, 38.69115414639172], [-75.36245066769652, 38.69114963360834], [-75.36243664179652, 38.69114366660193], [-75.36210614179652, 38.690982766601934], [-75.36223745820348, 38.69071303339807], [-75.36246311698295, 38.69082289269494], [-75.36331223115748, 38.68981944370256], [-75.36334919648455, 38.68975200928785], [-75.3633483048745, 38.68973054377598], [-75.36328840810586, 38.68961449877146], [-75.36328221696898, 38.689600876843485], [-75.36327741376326, 38.68958670587625], [-75.36325331376325, 38.689501905876256], [-75.36325021241002, 38.6894887728958], [-75.36324830387154, 38.68947541433868], [-75.3632476035937, 38.68946193831633], [-75.36324811724391, 38.68944845389083], [-75.36324984066516, 38.68943507019229], [-75.36326594066516, 38.689342970192286], [-75.36326919214144, 38.68932858210824], [-75.36327384109904, 38.689314582956335], [-75.3632798425796, 38.68930110811712], [-75.36328713854508, 38.68928828790072], [-75.36334133854508, 38.68920308790073], [-75.36359446145492, 38.68936411209928], [-75.36355631049767, 38.68942408371473], [-75.36355127057963, 38.68945291455017]]]}}, {"type": "Feature", "properties": {"roadType": "taxiway", "z_order": 0, "osm_way_id": "472146195", "area": 0}, "geometry": {"type": "Polygon", "coordinates": [[[-75.36615646184414, 38.68577813073903], [-75.36616770158713, 38.685745272426544], [-75.36617026217782, 38.685705644237366], [-75.36616090457667, 38.684507771741856], [-75.3661609144655, 38.684504516867584], [-75.36616241446549, 38.68439651686759], [-75.36616336687784, 38.684381596220945], [-75.36617016687785, 38.684321996220945], [-75.36617262882824, 38.68430711126206], [-75.36618352882823, 38.684257011262055], [-75.36618768161468, 38.68424181493313], [-75.36619340526988, 38.684227137950494], [-75.36620063666219, 38.684213142200655], [-75.36620929602962, 38.68419998205614], [-75.36624359602962, 38.684153382056145], [-75.36625094407749, 38.684144178882754], [-75.36660056950039, 38.68373991244145], [-75.36662202271404, 38.683695055722005], [-75.36663463806883, 38.68365280254679], [-75.36663376603134, 38.683623874958094], [-75.3666168857932, 38.6835986320332], [-75.36656109703019, 38.683555668273165], [-75.36568045387153, 38.68311973069883], [-75.36581354612846, 38.68285086930117], [-75.36670744612846, 38.68329336930117], [-75.36672031774106, 38.68330054897877], [-75.36673242261533, 38.683308957200964], [-75.36681942261534, 38.683375957200965], [-75.36683174018279, 38.683386553907965], [-75.36684283930029, 38.68339842076339], [-75.36685258973196, 38.68341141852279], [-75.36690708973197, 38.68349291852279], [-75.36691430944924, 38.68350488643545], [-75.36692038386857, 38.68351747439322], [-75.3669252602491, 38.683530573101706], [-75.36692889625186, 38.68354406883196], [-75.36693126030741, 38.6835578444079], [-75.36693233188996, 38.683571780223694], [-75.36693523188995, 38.683667980223696], [-75.36693485988896, 38.683683982143314], [-75.3669327849006, 38.68369985331968], [-75.36692903055203, 38.68371541303314], [-75.36690613055202, 38.68379211303314], [-75.36690235066602, 38.6838031797284], [-75.36689772013324, 38.683813918324596], [-75.36686252013324, 38.683887518324596], [-75.36685623373768, 38.68389928721815], [-75.36684892639492, 38.683910450925715], [-75.3668406559225, 38.68392092111725], [-75.36648171072507, 38.68433596386896], [-75.366469869532, 38.68435205132078], [-75.3664673769081, 38.68436350824343], [-75.36646228158888, 38.68440816721782], [-75.36646090813704, 38.684507055749435], [-75.36647029542333, 38.68570872825814], [-75.36646998784104, 38.6857195721374], [-75.36646578784105, 38.6857845721374], [-75.36646435047814, 38.6857977428486], [-75.3664617565398, 38.685810735351424], [-75.36645802626266, 38.68582344828492], [-75.36643452626265, 38.68589214828492], [-75.3664277807961, 38.68590860886373], [-75.3664191340749, 38.685924155123274], [-75.3663753340749, 38.685992955123275], [-75.3663639331362, 38.686008547599805], [-75.3652999331362, 38.68728264759981], [-75.36506966686379, 38.6870903524002], [-75.36612746337768, 38.68582368084159], [-75.36615646184414, 38.68577813073903]]]}}, {"type": "Feature", "properties": {"roadType": "taxiway", "z_order": 0, "osm_way_id": "472146196", "area": 0}, "geometry": {"type": "Polygon", "coordinates": [[[-75.35336991788914, 38.690519236357694], [-75.35362828211085, 38.69036676364231], [-75.35451108079342, 38.69186266140989], [-75.35615197975247, 38.69464295964615], [-75.35589362024754, 38.69479544035385], [-75.35425272024754, 38.692015140353845], [-75.35336991788914, 38.690519236357694]]]}}, {"type": "Feature", "properties": {"roadType": "runway", "z_order": 0, "osm_way_id": "486472336", "area": 0}, "geometry": {"type": "Polygon", "coordinates": [[[-75.53149969315686, 38.74194583181952], [-75.53840909315686, 38.74615903181952], [-75.53825290684314, 38.746415168180484], [-75.53134350684314, 38.74220196818048], [-75.53149969315686, 38.74194583181952]]]}}, {"type": "Feature", "properties": {"roadType": "runway", "z_order": 0, "osm_way_id": "488768606", "area": 0}, "geometry": {"type": "Polygon", "coordinates": [[[-75.7508142995889, 38.75445788577788], [-75.7550213995889, 38.757685285777875], [-75.7548388004111, 38.75792331422212], [-75.75063170041109, 38.754695914222125], [-75.7508142995889, 38.75445788577788]]]}}, {"type": "Feature", "properties": {"roadType": "runway", "z_order": 0, "osm_way_id": "496339817", "area": 0}, "geometry": {"type": "Polygon", "coordinates": [[[-75.35184084339166, 38.632430205373254], [-75.35205835660834, 38.63222359462675], [-75.35344555660834, 38.63368399462675], [-75.36142605589396, 38.64208549387469], [-75.36120854410603, 38.64229210612531], [-75.35322804410603, 38.63389060612531], [-75.35184084339166, 38.632430205373254]]]}}, {"type": "Feature", "properties": {"roadType": "taxiway", "z_order": 0, "osm_way_id": "506523551", "area": 0}, "geometry": {"type": "Polygon", "coordinates": [[[-75.35634759432004, 38.69118279619083], [-75.3563530971825, 38.69119623167888], [-75.35635727534923, 38.69121013623775], [-75.35636008967656, 38.691224379600975], [-75.35636151379816, 38.691238828327975], [-75.35636153437198, 38.6912533470542], [-75.3563601512053, 38.69126779975928], [-75.35635737725643, 38.691282051041405], [-75.35635323851345, 38.691295967385784], [-75.35634777375066, 38.69130941841556], [-75.3563410341653, 38.691322278113205], [-75.35633308289796, 38.69133442600118], [-75.356323994441, 38.69134574827058], [-75.35631385394068, 38.69135613884743], [-75.35630275639942, 38.69136550038643], [-75.35629080578583, 38.69137374518292], [-75.35627811406059, 38.691380795994576], [-75.3562648001276, 38.691386586765056], [-75.35443500012761, 38.69207918676505], [-75.3543287998724, 38.691798613234944], [-75.35599181939529, 38.69116914153228], [-75.35582508168396, 38.69088714435449], [-75.35608331831604, 38.69073445564551], [-75.35634081831604, 38.69116995564551], [-75.35634759432004, 38.69118279619083]]]}}, {"type": "Feature", "properties": {"roadType": "runway", "z_order": 0, "osm_way_id": "553103810", "area": 0}, "geometry": {"type": "Polygon", "coordinates": [[[-75.35626467527369, 38.749643166507084], [-75.36496477527369, 38.74882026650709], [-75.3649930247263, 38.749118933492916], [-75.3562929247263, 38.74994183349291], [-75.35626467527369, 38.749643166507084]]]}}, {"type": "Feature", "properties": {"roadType": "runway", "z_order": 0, "osm_way_id": "566136674", "area": 0}, "geometry": {"type": "Polygon", "coordinates": [[[-75.70062099275671, 38.05079684482621], [-75.7004968072433, 38.050523755173785], [-75.70404650724329, 38.048909555173786], [-75.70659080732047, 38.04775255513869], [-75.70671499267952, 38.048025644861305], [-75.70417069267953, 38.049182644861304], [-75.70062099275671, 38.05079684482621]]]}}, {"type": "Feature", "properties": {"roadType": "runway", "z_order": 0, "osm_way_id": "566136675", "area": 0}, "geometry": {"type": "Polygon", "coordinates": [[[-75.5938492657492, 37.992314664337115], [-75.59417526323207, 37.99301715891294], [-75.59390313676792, 37.993143441087064], [-75.59357713676792, 37.99244094108706], [-75.59212943182528, 37.98932063043507], [-75.59197570111846, 37.9889888642089], [-75.59224789888154, 37.988862735791095], [-75.5924015835364, 37.989194402674755], [-75.5938492657492, 37.992314664337115]]]}}, {"type": "Feature", "properties": {"roadType": "runway", "z_order": 0, "osm_way_id": "566136677", "area": 0}, "geometry": {"type": "Polygon", "coordinates": [[[-75.61255300405418, 37.93485169139462], [-75.60781090405419, 37.933903991394615], [-75.60786969594582, 37.93360980860538], [-75.61261179594581, 37.93455750860539], [-75.61255300405418, 37.93485169139462]]]}}, {"type": "Feature", "properties": {"roadType": "runway", "z_order": 0, "osm_way_id": "746031073", "area": 0}, "geometry": {"type": "Polygon", "coordinates": [[[-75.44102888210354, 37.88767134979071], [-75.43307018210353, 37.88345524979071], [-75.43321061789646, 37.883190150209295], [-75.44116931789647, 37.887406250209295], [-75.44102888210354, 37.88767134979071]]]}}, {"type": "Feature", "properties": {"roadType": "taxiway", "z_order": 0, "osm_way_id": "808201112", "area": 0}, "geometry": {"type": "Polygon", "coordinates": [[[-75.3622756023025, 38.6855216042135], [-75.3621387976975, 38.6857885957865], [-75.3619168976975, 38.6856748957865], [-75.3619161095862, 38.68567448901773], [-75.36182284299495, 38.685626001515516], [-75.36178614083212, 38.68561179422668], [-75.3617566189579, 38.68560422626354], [-75.36170576718428, 38.68559498048652], [-75.36169134291148, 38.685591614606224], [-75.3616773209206, 38.68558684254509], [-75.36166383793464, 38.68558071083365], [-75.36165102542097, 38.685573279259835], [-75.36163900830947, 38.68556462028606], [-75.36162790377433, 38.685554818342624], [-75.3616178200916, 38.68554396900448], [-75.36160885558333, 38.68553217805933], [-75.361601097659, 38.68551956047612], [-75.36159462196314, 38.68550623928403], [-75.36158949163773, 38.68549234437285], [-75.3615857567066, 38.68547801122646], [-75.36158345358761, 38.68546337960185], [-75.3615826047376, 38.685448592166324], [-75.36158321843337, 38.68543379310645], [-75.361585288691, 38.685419126722124], [-75.36158879532421, 38.6854047360196], [-75.3615937041412, 38.68539076131704], [-75.36159996727795, 38.685377338876364], [-75.36160752366509, 38.685364599574605], [-75.36161629962317, 38.68535266762776], [-75.36162620958123, 38.68534165937963], [-75.36163715691112, 38.68533168216739], [-75.36164903486964, 38.68532283327496], [-75.36166172763942, 38.685315198984476], [-75.36167511145815, 38.68530885373496], [-75.36168905582544, 38.68530385939647], [-75.36170342477511, 38.68530026466688], [-75.36171807820114, 38.685298104596995], [-75.36173287322359, 38.685297400248835], [-75.36189473474397, 38.68529769507856], [-75.36194381639064, 38.68529592637057], [-75.36197255418676, 38.6852891587667], [-75.3619888066337, 38.68528143483153], [-75.36200200052683, 38.68527266347241], [-75.3620240289171, 38.68524977768969], [-75.36224017108289, 38.68545782231031], [-75.36221075913777, 38.685488379031746], [-75.3622756023025, 38.6855216042135]]]}}, {"type": "Feature", "properties": {"roadType": "taxiway", "z_order": 0, "osm_way_id": "808201113", "area": 0}, "geometry": {"type": "Polygon", "coordinates": [[[-75.35913968205429, 38.68559809922541], [-75.3591392, 38.6855981], [-75.3532977, 38.6855981], [-75.35329753612537, 38.685598099910486], [-75.35192453612537, 38.68559659991048], [-75.35192135261953, 38.68559656264549], [-75.35185415261952, 38.6855950626455], [-75.35184096156362, 38.68559418547925], [-75.35182789897344, 38.68559215026089], [-75.35176629897344, 38.685579750260885], [-75.3517451660614, 38.68557385972328], [-75.3516978660614, 38.68555685972328], [-75.35168565930437, 38.68555185604589], [-75.35167393940536, 38.685545799176055], [-75.35166279702003, 38.685538735964776], [-75.35165231833676, 38.685530721047314], [-75.35161671833677, 38.685500921047314], [-75.35160584314293, 38.68549086384131], [-75.35159601292959, 38.685479783040826], [-75.35157041292959, 38.68544788304082], [-75.35156273893944, 38.68543742433683], [-75.35155599727335, 38.685426341712926], [-75.35155023835142, 38.68541471805462], [-75.35153633835142, 38.685383318054626], [-75.35153163165675, 38.68537131727808], [-75.35152797271726, 38.68535895670471], [-75.35152538855569, 38.68534632762235], [-75.35152389825711, 38.685333523301885], [-75.35152159825711, 38.68530202330189], [-75.35152120823741, 38.685292671991974], [-75.35151590823742, 38.684786971991976], [-75.35181589176258, 38.68478382800803], [-75.3518210999932, 38.68528077182441], [-75.35182443146714, 38.68528356053011], [-75.35183628344357, 38.68528782022566], [-75.35187410291965, 38.68529543323708], [-75.35192645582525, 38.68529660182872], [-75.35329778193932, 38.685298100000004], [-75.35913895897264, 38.685298100000004], [-75.35951211794571, 38.685296900774595], [-75.35951263378378, 38.685296900003806], [-75.36173263378377, 38.685297400003805], [-75.36173256621622, 38.6855973999962], [-75.35951282413465, 38.685596900054286], [-75.35913968205429, 38.68559809922541]]]}}, {"type": "Feature", "properties": {"roadType": "taxiway", "z_order": 0, "osm_way_id": "808201114", "area": 0}, "geometry": {"type": "Polygon", "coordinates": [[[-75.35945903464868, 38.684967031748236], [-75.35945863801766, 38.684968338596626], [-75.3594564967632, 38.68498227621648], [-75.35945641392526, 38.68527543969161], [-75.35946039168738, 38.68527962978978], [-75.35946901570344, 38.685285916975694], [-75.35947813398349, 38.6852902455974], [-75.35948992778522, 38.68529313590937], [-75.35953035312585, 38.68529795428331], [-75.35949484687416, 38.6855958457167], [-75.35944534687415, 38.68558994571669], [-75.35942739598677, 38.68558668878968], [-75.35939189598678, 38.68557798878968], [-75.35937732580673, 38.685573624115044], [-75.35936327253597, 38.68556780637392], [-75.35932767253597, 38.68555090637391], [-75.35931531971595, 38.6855443190988], [-75.35930363481307, 38.68553660888473], [-75.35927263481308, 38.68551400888474], [-75.35926201704699, 38.68550550481362], [-75.3592522133879, 38.68549607377705], [-75.3592241133879, 38.68546647377705], [-75.35921637007617, 38.68545764986422], [-75.35920934055069, 38.68544824741318], [-75.35918284055069, 38.68540974741318], [-75.35917492967734, 38.68539691879438], [-75.35916834610136, 38.68538336106948], [-75.35916315628917, 38.68536921111447], [-75.35915941263606, 38.68535461178439], [-75.35915715293719, 38.685339710471084], [-75.35915640000599, 38.68532465761515], [-75.359156500006, 38.68497075761515], [-75.35915693711263, 38.6849593569793], [-75.35915823946092, 38.684948022542876], [-75.35916373946093, 38.68491222254288], [-75.35916846514166, 38.68489143689129], [-75.35917626514166, 38.68486573689129], [-75.35918123879158, 38.684851847484644], [-75.35918755280755, 38.6848385138425], [-75.35920425280756, 38.6848073138425], [-75.35921227416125, 38.68479402895274], [-75.35922162517538, 38.684781643923635], [-75.35924152517538, 38.684757943923636], [-75.3592502139682, 38.6847484541334], [-75.35925968406008, 38.68473974387514], [-75.3592698657717, 38.68473187723749], [-75.3593001657717, 38.68471047723749], [-75.35931063422936, 38.684703717369544], [-75.3593216276572, 38.68469784974953], [-75.35936482765719, 38.68467704974954], [-75.35937863371863, 38.68467123273999], [-75.35939295117818, 38.68466682192543], [-75.35943505117818, 38.68465612192543], [-75.35944717003522, 38.684653569364734], [-75.35948947003523, 38.684646469364736], [-75.359495880624, 38.684645535207025], [-75.359545180624, 38.684639435207025], [-75.359582019376, 38.68493716479298], [-75.35953593475901, 38.6849428669464], [-75.35950294212628, 38.6849484047169], [-75.35948142326212, 38.6849538738819], [-75.35946302916469, 38.68496273029919], [-75.35946030852891, 38.68496465180432], [-75.35945903464868, 38.684967031748236]]]}}, {"type": "Feature", "properties": {"roadType": "taxiway", "z_order": 0, "osm_way_id": "808201115", "area": 0}, "geometry": {"type": "Polygon", "coordinates": [[[-75.35939012668909, 38.68546374979163], [-75.3593641266891, 38.68549294979163], [-75.35935514158702, 38.685502206565616], [-75.35934539434389, 38.685510657078964], [-75.35933495705466, 38.685518238827946], [-75.35930175705465, 38.68554023882795], [-75.35928645018643, 38.68554912898235], [-75.35925215018644, 38.68556642898235], [-75.35923881824765, 38.685572358434214], [-75.35921611824764, 38.68558115843422], [-75.35920494410578, 38.68558499135311], [-75.35918224410578, 38.68559179135311], [-75.35909615589422, 38.68530440864689], [-75.35911319329946, 38.68529930493079], [-75.35912357141711, 38.685295281695744], [-75.35914343364331, 38.6852852637216], [-75.35915301731565, 38.68527891309535], [-75.3591609115532, 38.68527004725933], [-75.35918467572382, 38.685237046131924], [-75.35942812427616, 38.68541235386808], [-75.35939982427617, 38.68545165386808], [-75.35939012668909, 38.68546374979163]]]}}, {"type": "Feature", "properties": {"roadType": "taxiway", "z_order": 0, "osm_way_id": "808201116", "area": 0}, "geometry": {"type": "Polygon", "coordinates": [[[-75.35915026730794, 38.68496507952494], [-75.35914909713648, 38.6849627492697], [-75.35913158890372, 38.68495382840825], [-75.35910642708323, 38.684944929715634], [-75.35904785295642, 38.68493012920886], [-75.35912134704358, 38.684639270791145], [-75.35918664704359, 38.684655770791146], [-75.35919991321703, 38.684659783317386], [-75.35924091321702, 38.684674283317385], [-75.35925899840096, 38.684682048932714], [-75.35930099840095, 38.684703448932716], [-75.35931306567443, 38.68471031883167], [-75.35932444596511, 38.68471827518664], [-75.35935014596512, 38.68473807518664], [-75.3593616171548, 38.684747870344324], [-75.3593720465741, 38.684758768074374], [-75.35938132875452, 38.68477065817249], [-75.35939952875452, 38.684796558172486], [-75.35941084781916, 38.684815485943666], [-75.35942244781916, 38.684838585943666], [-75.35942960394381, 38.68485528926744], [-75.35943960394381, 38.684883189267445], [-75.35944492983353, 38.68490172184725], [-75.35945302983353, 38.684938721847246], [-75.35915997016647, 38.68500287815276], [-75.35915393628096, 38.68497531595967], [-75.35915026730794, 38.68496507952494]]]}}, {"type": "Feature", "properties": {"roadType": "runway", "z_order": 0, "osm_way_id": "839785212", "area": 0}, "geometry": {"type": "Polygon", "coordinates": [[[-75.6969478123727, 38.61393662452522], [-75.70551271237271, 38.61409152452522], [-75.7055072876273, 38.614391475474775], [-75.69694238762729, 38.61423657547478], [-75.6969478123727, 38.61393662452522]]]}}, {"type": "Feature", "properties": {"roadType": "runway", "z_order": 0, "osm_way_id": "1033005657", "area": 0}, "geometry": {"type": "Polygon", "coordinates": [[[-76.189971219711, 38.61077802517387], [-76.193336219711, 38.61572412517387], [-76.19308818028901, 38.61589287482613], [-76.18972318028901, 38.61094677482613], [-76.189971219711, 38.61077802517387]]]}}, {"type": "Feature", "properties": {"roadType": "runway", "z_order": 0, "osm_way_id": "1078661501", "area": 0}, "geometry": {"type": "Polygon", "coordinates": [[[-75.85489993104696, 38.7032304529707], [-75.84616903104695, 38.704793352970704], [-75.84611616895303, 38.7044980470293], [-75.85484706895303, 38.702935147029294], [-75.85489993104696, 38.7032304529707]]]}}, {"type": "Feature", "properties": {"roadType": "taxiway", "z_order": 0, "osm_way_id": "1078664581", "area": 0}, "geometry": {"type": "Polygon", "coordinates": [[[-75.50885416583414, 38.338047791404705], [-75.50739322103668, 38.338219102571514], [-75.50728650100413, 38.33825440174734], [-75.50670745213054, 38.33884437064931], [-75.50649334786945, 38.33863422935069], [-75.50709784786946, 38.33801832935069], [-75.50710830422491, 38.33800864262013], [-75.50711963281066, 38.337999992113616], [-75.50713173133306, 38.33799245594257], [-75.50714449054614, 38.33798610215631], [-75.5071577952381, 38.33798098812758], [-75.5073134952381, 38.337929488127585], [-75.5073281463738, 38.33792545286911], [-75.50734313061221, 38.33792292073805], [-75.50881933061221, 38.33774982073805], [-75.50881953774461, 38.337749796595546], [-75.51072281899913, 38.33752929876724], [-75.51097860026577, 38.3374996009423], [-75.51101319973422, 38.3377975990577], [-75.51075739973423, 38.3378272990577], [-75.50885416583414, 38.338047791404705]]]}}, {"type": "Feature", "properties": {"roadType": "taxiway", "z_order": 0, "osm_way_id": "1078664582", "area": 0}, "geometry": {"type": "Polygon", "coordinates": [[[-75.51563801633418, 38.33696281071125], [-75.51940481633417, 38.33652331071124], [-75.51943958366581, 38.33682128928875], [-75.51567278366582, 38.337260789288756], [-75.51563801633418, 38.33696281071125]]]}}, {"type": "Feature", "properties": {"roadType": "taxiway", "z_order": 0, "osm_way_id": "1078664583", "area": 0}, "geometry": {"type": "Polygon", "coordinates": [[[-75.51409512204918, 38.336969982769936], [-75.51423987795081, 38.336707217230064], [-75.51491677795082, 38.337080117230066], [-75.51538817980499, 38.33733981825154], [-75.515243420195, 38.33760258174846], [-75.51477202141795, 38.33734288242219], [-75.51409512204918, 38.336969982769936]]]}}, {"type": "Feature", "properties": {"roadType": "taxiway", "z_order": 0, "osm_way_id": "1078664585", "area": 0}, "geometry": {"type": "Polygon", "coordinates": [[[-75.5055669032722, 38.33869642491026], [-75.5050391032722, 38.33923062491026], [-75.5048256967278, 38.33901977508974], [-75.50535253526283, 38.338486548213254], [-75.50566919170626, 38.33815413870998], [-75.50588640829375, 38.338361061290016], [-75.50556880829375, 38.33869446129002], [-75.5055669032722, 38.33869642491026]]]}}, {"type": "Feature", "properties": {"roadType": "taxiway", "z_order": 0, "osm_way_id": "1078664586", "area": 0}, "geometry": {"type": "Polygon", "coordinates": [[[-75.5108384599137, 38.337402049013804], [-75.5108872599137, 38.3376492490138], [-75.51059294008631, 38.3377073509862], [-75.51054414008631, 38.3374601509862], [-75.5108384599137, 38.337402049013804]]]}}, {"type": "Feature", "properties": {"roadType": "taxiway", "z_order": 0, "osm_way_id": "1078664592", "area": 0}, "geometry": {"type": "Polygon", "coordinates": [[[-75.51859526426013, 38.339784583356696], [-75.51860587947678, 38.33979259479416], [-75.51861574337099, 38.339801514970524], [-75.51862477840552, 38.33981127376686], [-75.5186329135586, 38.33982179447213], [-75.51871886781419, 38.33994376765387], [-75.51935362445046, 38.34030975260016], [-75.51920377554954, 38.34056964739983], [-75.51854037554953, 38.34018714739983], [-75.51852674730048, 38.34017827195964], [-75.5185141600479, 38.34016797323724], [-75.51850276176337, 38.34015637230106], [-75.51849268644139, 38.34014360552787], [-75.51840716489197, 38.34002224637677], [-75.51768971883588, 38.33961765636629], [-75.51783708116413, 38.3393563436337], [-75.51858398116413, 38.33977754363371], [-75.51859526426013, 38.339784583356696]]]}}, {"type": "Feature", "properties": {"roadType": "taxiway", "z_order": 0, "osm_way_id": "1078664593", "area": 0}, "geometry": {"type": "Polygon", "coordinates": [[[-75.51930238534608, 38.34068712354548], [-75.51914721465393, 38.34094387645452], [-75.518298216745, 38.34043077771827], [-75.51741721886553, 38.33989837899975], [-75.51757238113446, 38.339641621000254], [-75.51845338113446, 38.34017402100025], [-75.51930238534608, 38.34068712354548]]]}}, {"type": "Feature", "properties": {"roadType": "taxiway", "z_order": 0, "osm_way_id": "1078664594", "area": 0}, "geometry": {"type": "Polygon", "coordinates": [[[-75.51826849408185, 38.34019758855058], [-75.51850799408184, 38.33995238855058], [-75.51872260591814, 38.340162011449415], [-75.51848310591815, 38.34040721144942], [-75.51826849408185, 38.34019758855058]]]}}, {"type": "Feature", "properties": {"roadType": "taxiway", "z_order": 0, "osm_way_id": "1078664595", "area": 0}, "geometry": {"type": "Polygon", "coordinates": [[[-75.51890312252847, 38.34004693770623], [-75.51851462252847, 38.34005813770623], [-75.51850597747153, 38.33975826229378], [-75.51889447747153, 38.339747062293775], [-75.51890312252847, 38.34004693770623]]]}}, {"type": "Feature", "properties": {"roadType": "taxiway", "z_order": 0, "osm_way_id": "1078664596", "area": 0}, "geometry": {"type": "Polygon", "coordinates": [[[-75.51875454734554, 38.34108923147147], [-75.51717344734554, 38.34015753147147], [-75.51732575265446, 38.33989906852853], [-75.51890685265445, 38.340830768528534], [-75.51875454734554, 38.34108923147147]]]}}, {"type": "Feature", "properties": {"roadType": "taxiway", "z_order": 0, "osm_way_id": "1085865338", "area": 0}, "geometry": {"type": "Polygon", "coordinates": [[[-75.59231668717669, 37.98911650399672], [-75.5922143128233, 37.98939849600328], [-75.5918485128233, 37.98926569600328], [-75.59183506503891, 37.98926005997121], [-75.59182222800538, 37.9892531448911], [-75.59181012302285, 37.98924501610518], [-75.59179886447413, 37.989235750424236], [-75.59178855874389, 37.98922543540186], [-75.59177930321336, 37.98921416850711], [-75.59177118534022, 37.98920205620352], [-75.59176428183217, 37.98918921294306], [-75.59175865792206, 37.98917576008471], [-75.59175436675153, 37.98916182474768], [-75.59175144886886, 37.989147538610226], [-75.59174993184581, 37.9891330366654], [-75.59174983001706, 37.98911845594548], [-75.59175114434485, 37.98910393422708], [-75.59175386240977, 37.98908960872934], [-75.59175795852819, 37.98907561481721], [-75.59176339399492, 37.98906208472246], [-75.59177011744899, 37.989049146294114], [-75.59187471744899, 37.988869746294114], [-75.59188255111965, 37.988857680309664], [-75.59189150463314, 37.988846420248706], [-75.5919014956353, 37.98883606968096], [-75.59191243222915, 37.988826723810654], [-75.5919242138202, 37.98881846860086], [-75.59193673204173, 37.988811379982764], [-75.59194987175147, 37.988805523157275], [-75.59196351209073, 37.98880095199531], [-75.59197752759604, 37.98879770854229], [-75.59208502759604, 37.98877820854229], [-75.59213438771451, 37.98905032201591], [-75.59231668717669, 37.98911650399672]]]}}, {"type": "Feature", "properties": {"roadType": "taxiway", "z_order": 0, "osm_way_id": "1085865339", "area": 0}, "geometry": {"type": "Polygon", "coordinates": [[[-75.59360341892938, 37.99268886152656], [-75.59410751892938, 37.99294676152656], [-75.59397088107062, 37.993213838473444], [-75.59346678107062, 37.99295593847344], [-75.59360341892938, 37.99268886152656]]]}}, {"type": "Feature", "properties": {"roadType": "taxiway", "z_order": 0, "osm_way_id": "1085865340", "area": 0}, "geometry": {"type": "Polygon", "coordinates": [[[-75.59321102853463, 37.99234597879067], [-75.59367762853462, 37.992232078790664], [-75.59374877146537, 37.992523521209336], [-75.59328217146538, 37.99263742120934], [-75.59321102853463, 37.99234597879067]]]}}, {"type": "Feature", "properties": {"roadType": "taxiway", "z_order": 0, "osm_way_id": "1086472541", "area": 0}, "geometry": {"type": "Polygon", "coordinates": [[[-75.47197317401475, 37.927653385737116], [-75.47198439035196, 37.92765950590121], [-75.47199504513573, 37.92766655843349], [-75.47207504513572, 37.927724558433496], [-75.47208686947182, 37.92773407999019], [-75.47209767081179, 37.92774474798068], [-75.4721406708118, 37.92779174798068], [-75.47214974591682, 37.927802662214965], [-75.4721577487475, 37.92781438538615], [-75.4721977487475, 37.92787938538615], [-75.47220550786713, 37.92789367568154], [-75.47221167451951, 37.92790872190626], [-75.47223567451951, 37.92797772190627], [-75.4722405199358, 37.92799487666873], [-75.47224329607427, 37.9280124851039], [-75.47225029607426, 37.9280844851039], [-75.472250996271, 37.92809794232057], [-75.47225048591812, 37.92811140807327], [-75.47224876913445, 37.92812477368623], [-75.47223376913446, 37.928210773686224], [-75.47223084910347, 37.92822397097926], [-75.47222675292915, 37.92823685183639], [-75.47222151387155, 37.92824931166785], [-75.47219351387155, 37.92830831166785], [-75.47218739812385, 37.92831986913433], [-75.47218029908039, 37.92833085007159], [-75.47213129908039, 37.92839985007159], [-75.47212640763395, 37.92840635656105], [-75.46980213289622, 37.93132942479056], [-75.46888795959953, 37.93248039117045], [-75.46765446088544, 37.93403348955135], [-75.46765430824323, 37.93403368142099], [-75.46641530824323, 37.93558848142099], [-75.46641306153052, 37.93559123328007], [-75.46622906153053, 37.93581123328007], [-75.46622218669059, 37.93581890206918], [-75.46602818669058, 37.93602090206918], [-75.46601641027976, 37.93603191326275], [-75.46589841027976, 37.93613091326275], [-75.46588546870662, 37.936140631356466], [-75.46577646870662, 37.936213631356466], [-75.46576299610933, 37.936221667044435], [-75.46559999610933, 37.93630766704443], [-75.46559366508144, 37.93631081884039], [-75.46546566508144, 37.936370818840395], [-75.46546200220209, 37.936372476309764], [-75.46487412953842, 37.93662905618471], [-75.46482017165926, 37.93666277985918], [-75.46476103508597, 37.93671206033692], [-75.46445189259934, 37.937090008831554], [-75.46407866233874, 37.937562035337606], [-75.46407839551367, 37.9375623718018], [-75.46355719699933, 37.93821766993389], [-75.4634351986315, 37.93837106788164], [-75.46271859174517, 37.93927197653968], [-75.46189754109173, 37.9403041887835], [-75.46091718991424, 37.941544800452064], [-75.46091652459579, 37.94154563626153], [-75.45982500519355, 37.9429068863239], [-75.45919788369224, 37.943698634715965], [-75.45766352342795, 37.94563321074982], [-75.45765844611023, 37.94563927674598], [-75.45756044611024, 37.945750276745976], [-75.45754534199092, 37.94576512509279], [-75.45747734199092, 37.945823125092794], [-75.45746531591968, 37.945832374202524], [-75.45745241707637, 37.94584036120831], [-75.45737441707637, 37.94588336120831], [-75.45736315000043, 37.94588896962235], [-75.45735145242493, 37.94589361376229], [-75.45728845242493, 37.94591561376229], [-75.45726841742027, 37.945921087101354], [-75.45715841742026, 37.945943087101355], [-75.45714667466807, 37.945944955047274], [-75.45713482085499, 37.94594588701627], [-75.457031820855, 37.94594988701627], [-75.45701784757199, 37.94594977829588], [-75.45700394503918, 37.94594836973648], [-75.45692994503918, 37.94593736973648], [-75.45690938675057, 37.94593281971691], [-75.45685538675056, 37.94591681971691], [-75.45684030769229, 37.94591146153846], [-75.4567683076923, 37.945881461538455], [-75.45676023957218, 37.94587781678728], [-75.45624893957216, 37.94562841678728], [-75.45638046042782, 37.94535878321272], [-75.45688778017066, 37.94560624173777], [-75.45694829589166, 37.94563145662153], [-75.45698449417357, 37.945642182038384], [-75.45703418795729, 37.945649568952184], [-75.45711126962644, 37.945646575489306], [-75.45719937516041, 37.94562895438251], [-75.45724063398947, 37.94561454653744], [-75.45729424545067, 37.94558499150114], [-75.45734258048257, 37.94554376456217], [-75.45743093522825, 37.94544368928899], [-75.45896274643007, 37.94351232725424], [-75.45959011630775, 37.94272026528403], [-75.4595906754042, 37.94271956373847], [-75.46068214125658, 37.94135838045893], [-75.46166231008576, 37.94011799954794], [-75.46166260833107, 37.94011762336446], [-75.46248380833106, 37.93908522336446], [-75.46320040476171, 37.938184327851815], [-75.4633224013685, 37.93803093211836], [-75.4638434708336, 37.93737579623855], [-75.46421733766127, 37.936902964662394], [-75.46421889314195, 37.93690103054431], [-75.46453789314194, 37.93651103054431], [-75.4645474499264, 37.93650042025849], [-75.46455797234005, 37.936490766808056], [-75.46463597234005, 37.93642576680806], [-75.464652500159, 37.9364138002544], [-75.46472450015901, 37.9363688002544], [-75.46474399779791, 37.93635852369024], [-75.46534015525108, 37.93609832787874], [-75.46546313224418, 37.93604068241322], [-75.46561605721068, 37.93595999807508], [-75.46571179799321, 37.93589587810145], [-75.46581740520944, 37.935807275436986], [-75.46600224417433, 37.93561481424674], [-75.46618179881838, 37.93540012934624], [-75.46741961535771, 37.933846814450874], [-75.46865303911456, 37.932293810448655], [-75.46956724185127, 37.93114280700297], [-75.47188905833829, 37.92822283029803], [-75.4719281083531, 37.92816784150167], [-75.47194173713251, 37.92813912371646], [-75.47194973538626, 37.92809326706163], [-75.47194643806729, 37.92805935178081], [-75.47193369119297, 37.928022704517105], [-75.47190971553478, 37.92798374407254], [-75.4718866163969, 37.927958496177666], [-75.47182932784892, 37.92791696198038], [-75.47124682598525, 37.92763061426288], [-75.47124649228273, 37.92763044970638], [-75.47074029228274, 37.92738004970638], [-75.47087330771727, 37.92711115029362], [-75.47137934097024, 37.92736146780952], [-75.47197317401475, 37.927653385737116]]]}}, {"type": "Feature", "properties": {"roadType": "taxiway", "z_order": 0, "osm_way_id": "1086472543", "area": 0}, "geometry": {"type": "Polygon", "coordinates": [[[-75.45745332724157, 37.942788141376454], [-75.45747100951864, 37.94186047117932], [-75.45747160332583, 37.941771301132036], [-75.45747283072566, 37.94175312441613], [-75.45747625263438, 37.94173523056097], [-75.45750155263438, 37.94163603056098], [-75.45750567753, 37.941622540985314], [-75.45751105135581, 37.941609498538774], [-75.45751762658726, 37.94159701856495], [-75.45757612658726, 37.941497618564945], [-75.45758476628222, 37.941484551213485], [-75.45759472168895, 37.94147245617814], [-75.45760588422715, 37.941461465375426], [-75.45761813215071, 37.941451698678364], [-75.45773053215072, 37.94137129867836], [-75.4577419470507, 37.94136389238785], [-75.45775398614657, 37.94135755099591], [-75.45776655036828, 37.94135232668604], [-75.45777953632454, 37.9413482624492], [-75.45793873632454, 37.9413062624492], [-75.45795600650845, 37.94130277635436], [-75.45797356632055, 37.94130133930566], [-75.45818756632055, 37.94129643930566], [-75.45819110091946, 37.94129640003395], [-75.45952880091947, 37.94129730003395], [-75.45952923115816, 37.941297300940434], [-75.4607998958094, 37.941301800461154], [-75.46379446045975, 37.94130700022613], [-75.46379544698779, 37.941307005183354], [-75.4649742469878, 37.941316805183355], [-75.46497461454587, 37.94131680868945], [-75.46525330718426, 37.94131980861021], [-75.46536579990898, 37.941321008532604], [-75.46537614821503, 37.94132147662337], [-75.46550754821503, 37.941331976623374], [-75.46551934653996, 37.94133339158755], [-75.46553099583942, 37.94133573603137], [-75.46563559583942, 37.94136113603137], [-75.46563756171857, 37.94136162749061], [-75.46626744771532, 37.9415236238892], [-75.46649313373005, 37.94158162029529], [-75.46649660581144, 37.941582557055064], [-75.46662584095404, 37.941619091884405], [-75.46673941830765, 37.94163006929986], [-75.4669578630586, 37.94163821371135], [-75.46709813580054, 37.94163890180469], [-75.47163840612023, 37.94166330216611], [-75.47283929489956, 37.94166998152161], [-75.47287697432083, 37.941668311720676], [-75.4729072987362, 37.941662668387764], [-75.47402998629232, 37.94139071611183], [-75.47404202268885, 37.941388317117095], [-75.47416552268884, 37.941368917117096], [-75.47418032487845, 37.941367339617], [-75.47433052487845, 37.941358839617], [-75.47434034320987, 37.94135860601416], [-75.47659572565149, 37.9413788031704], [-75.47776050808584, 37.94138430167129], [-75.48365997922318, 37.94141720034009], [-75.48427452197102, 37.94141770004959], [-75.48427941527751, 37.94141778386681], [-75.48439001527751, 37.94142148386681], [-75.4843998790359, 37.9414221397766], [-75.4844951790359, 37.941431639776596], [-75.48451285548359, 37.94143447547852], [-75.48453006819936, 37.94143939690345], [-75.48463526819936, 37.94147639690345], [-75.48464797602378, 37.94148153011163], [-75.4846601622744, 37.941487801787936], [-75.4847413622744, 37.94153440178794], [-75.48475312747269, 37.9415419019088], [-75.48476414489393, 37.94155046275763], [-75.48484524489392, 37.94161976275763], [-75.48485690710928, 37.94163086488109], [-75.48486731209837, 37.9416431531118], [-75.48492101209838, 37.941713953111794], [-75.48492854173318, 37.94172484789639], [-75.48493508105379, 37.941736364363635], [-75.48494057908495, 37.941748412740495], [-75.4849449929685, 37.941760899107614], [-75.4849710929685, 37.94184659910761], [-75.48497475635489, 37.94186123099218], [-75.48497693174565, 37.941876156812796], [-75.48497759714391, 37.941891225644575], [-75.48497109714391, 37.94294452564458], [-75.4846711028561, 37.94294267435542], [-75.48467746210753, 37.941912182119], [-75.48466580757291, 37.94187391416431], [-75.48463806063488, 37.941837331609165], [-75.48457989701433, 37.941787630759535], [-75.48452276209619, 37.941754841508484], [-75.48444751098722, 37.94172837486369], [-75.48437504203069, 37.941721150780936], [-75.48427183069205, 37.94171769796038], [-75.48365937802899, 37.94171719995041], [-75.4836586635298, 37.94171719766771], [-75.4777590277281, 37.94168429802571], [-75.47659399191417, 37.94167879832871], [-75.47659335679013, 37.94167879398584], [-75.47434256978164, 37.94165863798212], [-75.47420471540241, 37.941666439328486], [-75.4740946446225, 37.94168372979917], [-75.47297401370768, 37.94195518388816], [-75.4729661436196, 37.94195686812449], [-75.4729215436196, 37.9419651681245], [-75.472900740881, 37.941967552923565], [-75.472848840881, 37.94196985292356], [-75.47284136571106, 37.941969997679855], [-75.4716367798052, 37.94196329775825], [-75.46709662902931, 37.941938898022784], [-75.46695396419946, 37.94193819819531], [-75.46694911133969, 37.94193809585343], [-75.46672381133969, 37.94192969585343], [-75.46671496952757, 37.94192910425803], [-75.46658356952757, 37.94191640425803], [-75.4665702706758, 37.9419145146688], [-75.46655719418857, 37.941911442944935], [-75.46641672461426, 37.94187173213701], [-75.46619276626996, 37.941814179704714], [-75.46556381956114, 37.94165242487852], [-75.46547177871278, 37.941630074615155], [-75.46535741785165, 37.941620936190176], [-75.46525010009101, 37.941619791467396], [-75.4649715692311, 37.94161679328877], [-75.46379344626837, 37.94160699891735], [-75.46079923954024, 37.94160179977387], [-75.46079896884184, 37.94160179905957], [-75.45952838395993, 37.94159729982132], [-75.45819266661157, 37.94159640115523], [-75.4579981393115, 37.941600855285], [-75.45788267944597, 37.94163131580229], [-75.45781853953213, 37.94167719524244], [-75.45778698136638, 37.941730817151424], [-75.45777147468173, 37.94179161806515], [-75.45777099667417, 37.94186339886796], [-75.45777097275844, 37.941865258623544], [-75.457753275144, 37.94279373346904], [-75.45775307732083, 37.942805108301265], [-75.45745312267917, 37.94279989169873], [-75.45745332267917, 37.942788391698734], [-75.45745332724157, 37.942788141376454]]]}}, {"type": "Feature", "properties": {"roadType": "runway", "z_order": 0, "osm_way_id": "1103952678", "area": 0}, "geometry": {"type": "Polygon", "coordinates": [[[-75.85719332304062, 38.747116348616686], [-75.86623122304061, 38.74568414861668], [-75.86627817695938, 38.74598045138331], [-75.85724027695939, 38.747412651383314], [-75.85719332304062, 38.747116348616686]]]}}, {"type": "Feature", "properties": {"roadType": "taxiway", "z_order": 0, "osm_way_id": "1111790818", "area": 0}, "geometry": {"type": "Polygon", "coordinates": [[[-75.46340456739962, 37.93853383443115], [-75.46331075935912, 37.938502998962676], [-75.46340444064087, 37.93821800103733], [-75.46349808662626, 37.938248783282255], [-75.46384573260038, 37.938362765568854], [-75.4648495691678, 37.93869217756337], [-75.4647560308322, 37.938977222436634], [-75.46375224912974, 37.93864782844103], [-75.46340456739962, 37.93853383443115]]]}}, {"type": "Feature", "properties": {"roadType": "taxiway", "z_order": 0, "osm_way_id": "1340342317", "area": 0}, "geometry": {"type": "Polygon", "coordinates": [[[-75.51646886805443, 38.34038042431784], [-75.51645460541148, 38.34038443295964], [-75.51644001689178, 38.3403870150684], [-75.51642524480935, 38.340388145455144], [-75.51641043326899, 38.34038781309269], [-75.51639572676032, 38.34038602122331], [-75.51638126874843, 38.340382787327066], [-75.51636720027422, 38.340378142951295], [-75.51627520027422, 38.34034264295129], [-75.51626117908037, 38.340336390517585], [-75.51624787040355, 38.34032873767985], [-75.51623541365173, 38.340319764601304], [-75.51622393930901, 38.34030956527469], [-75.51615733930902, 38.34024396527469], [-75.51614728078957, 38.34023302434365], [-75.51613835433464, 38.34022114174342], [-75.51613064757338, 38.340208434123014], [-75.51612423616143, 38.34019502623047], [-75.51611918303831, 38.340181049688255], [-75.51611553780944, 38.34016664170116], [-75.5161133362593, 38.34015194370937], [-75.5161126, 38.3401371], [-75.5161126, 38.340046], [-75.51611331052591, 38.34003141737594], [-75.51611543537233, 38.34001697290297], [-75.51611895440917, 38.340002803423396], [-75.51612383429817, 38.339989043174306], [-75.51613002880885, 38.33997582251589], [-75.51613747925641, 38.339963266696415], [-75.5161461150577, 38.33995149466568], [-75.51615585439991, 38.33994061794811], [-75.51616660501564, 38.33993073958625], [-75.51623600501564, 38.33987293958625], [-75.51624757139822, 38.33986421689146], [-75.51625992528056, 38.33985665063733], [-75.51627295143301, 38.33985031139737], [-75.51628652835532, 38.33984525830024], [-75.5163005294101, 38.33984153847822], [-75.5163148240038, 38.3398391866276], [-75.5164111240038, 38.3398280866276], [-75.51642629752868, 38.3398271133669], [-75.51644149162857, 38.33982768118948], [-75.51645655018706, 38.339829784261084], [-75.5164713184804, 38.339833400973056], [-75.51648564476729, 38.33983849416439], [-75.51658764476728, 38.33988069416439], [-75.51660115007415, 38.33988708703924], [-75.51661395235253, 38.33989479183193], [-75.51662592456847, 38.33990373208964], [-75.5166369479245, 38.33991381910031], [-75.51664691303847, 38.33992495277292], [-75.51665572102893, 38.33993702263068], [-75.51666328449627, 38.33994990890726], [-75.51670158449627, 38.340023308907256], [-75.5167078081649, 38.340036833312034], [-75.51671266051818, 38.340050908049804], [-75.51671609375641, 38.34006539447279], [-75.5167180740594, 38.34008014987776], [-75.51671858191948, 38.34009502891179], [-75.51671847353565, 38.34010200883044], [-75.51698650961843, 38.34025162296501], [-75.51684029038158, 38.34051357703498], [-75.51655189310175, 38.340352597554215], [-75.51646886805443, 38.34038042431784]]]}}, {"type": "Feature", "properties": {"roadType": "taxiway", "z_order": 0, "osm_way_id": "1340342318", "area": 0}, "geometry": {"type": "Polygon", "coordinates": [[[-75.51551332235034, 38.34270396902366], [-75.51550092943295, 38.34272937450432], [-75.51550359189834, 38.342733924975846], [-75.51560932790714, 38.342793889107334], [-75.51610194161826, 38.34305878986233], [-75.51611328422895, 38.34306554913714], [-75.51612398848044, 38.343073279700704], [-75.51613397143022, 38.34308192165228], [-75.51626127143022, 38.34320232165228], [-75.51605512856979, 38.34342027834773], [-75.51594230688873, 38.34331357190312], [-75.51546575838175, 38.343057310137674], [-75.51546280416153, 38.34305567841158], [-75.51532050416152, 38.342974978411576], [-75.51530722389244, 38.342966495414046], [-75.51529490686761, 38.34295666598406], [-75.51528368902694, 38.34294559860656], [-75.51527369417887, 38.34293341542938], [-75.51526503263402, 38.34292025091515], [-75.51520143263402, 38.34281155091515], [-75.51519462185574, 38.34279847589168], [-75.51518912748158, 38.34278479543877], [-75.51518500258544, 38.34277064170529], [-75.51518228701256, 38.342756151411876], [-75.5151810069945, 38.34274146453021], [-75.51518117489583, 38.342726722930955], [-75.51518278909468, 38.342712069013345], [-75.5151858339984, 38.34269764432961], [-75.51519028019418, 38.34268358821769], [-75.51519608473315, 38.34267003645519], [-75.51525408473316, 38.34255113645519], [-75.51526167934396, 38.3425374336255], [-75.5152706617662, 38.34252459767032], [-75.51528093401335, 38.34251276861316], [-75.51561223401335, 38.34216926861316], [-75.51614673549979, 38.34161616349203], [-75.5163624645002, 38.34182463650797], [-75.51582811527132, 38.34237758396977], [-75.51551332235034, 38.34270396902366]]]}}, {"type": "Feature", "properties": {"roadType": "taxiway", "z_order": 0, "osm_way_id": "1340342319", "area": 0}, "geometry": {"type": "Polygon", "coordinates": [[[-75.51532030776893, 38.34283534842912], [-75.51530675299217, 38.342841217669175], [-75.51529268667562, 38.342845725295], [-75.51527824521875, 38.34284882759665], [-75.51526356865875, 38.34285049449145], [-75.51524879931254, 38.34285070981573], [-75.51513349931254, 38.342846709815724], [-75.51511909463726, 38.34284551324673], [-75.51510487200993, 38.342842935783054], [-75.51509096349646, 38.342839001358044], [-75.51507749824601, 38.342833746505285], [-75.51506460129178, 38.34282722001933], [-75.51481590129178, 38.342685920019335], [-75.5149640987082, 38.34242507998067], [-75.51518074474863, 38.34254816838241], [-75.51521356007753, 38.34254930681533], [-75.51530968043323, 38.34248952551182], [-75.51546811956678, 38.34274427448818], [-75.51533321956677, 38.34282817448818], [-75.51532030776893, 38.34283534842912]]]}}, {"type": "Feature", "properties": {"roadType": "runway", "z_order": 0, "osm_way_id": "219659228", "area": 0}, "geometry": {"type": "Polygon", "coordinates": [[[-75.553215, 38.3955421], [-75.5532365, 38.3952814], [-75.5601137, 38.3937931], [-75.5602102, 38.3939865], [-75.553215, 38.3955421]]]}}]}